{"type":"FeatureCollection","features":[{"type":"Feature","properties":{"source":"Survey of India outline map 1:16M, georeferenced from its graticule"},"geometry":{"type":"MultiPolygon","coordinates":[[[[73.0304,8.2664],[73.0299,8.2754],[73.048,8.2763],[73.0485,8.2673],[73.0304,8.2664]]],[[[73.048,8.2763],[73.0476,8.2853],[73.0566,8.2857],[73.0571,8.2767],[73.048,8.2763]]],[[[73.0566,8.2857],[73.0562,8.2947],[73.0652,8.2951],[73.0657,8.2861],[73.0566,8.2857]]],[[[73.065,8.2996],[73.0643,8.3131],[73.0734,8.3136],[73.0648,8.3041],[73.065,8.2996]]],[[[78.5806,9.109],[78.5807,9.1],[78.5714,9.0999],[78.5713,9.1089],[78.5806,9.109]]],[[[78.5806,9.1181],[78.5897,9.1182],[78.5898,9.1091],[78.5806,9.109],[78.5806,9.1181]]],[[[79.0632,9.2035],[79.0633,9.1945],[79.0542,9.1944],[79.0541,9.2035],[79.0632,9.2035]]],[[[73.6382,10.0721],[73.6473,10.0725],[73.6477,10.0634],[73.6386,10.063],[73.6382,10.0721]]],[[[72.6379,10.5614],[72.6292,10.5519],[72.6287,10.561],[72.6379,10.5614]]],[[[72.6461,10.5801],[72.6471,10.5619],[72.6379,10.5614],[72.6369,10.5796],[72.6461,10.5801]]],[[[73.6592,10.8206],[73.6963,10.8223],[73.7059,10.8136],[73.6875,10.8127],[73.6787,10.8032],[73.6695,10.8028],[73.6597,10.8115],[73.6592,10.8206]]],[[[72.1887,10.8389],[72.1795,10.8384],[72.1882,10.848],[72.1887,10.8389]]],[[[72.1969,10.8576],[72.1877,10.8571],[72.1879,10.8526],[72.1871,10.8662],[72.1964,10.8667],[72.1969,10.8576]]],[[[72.1964,10.8667],[72.1958,10.8758],[72.2051,10.8763],[72.2056,10.8672],[72.1964,10.8667]]],[[[72.7286,11.1235],[72.7198,11.1139],[72.7189,11.1321],[72.7281,11.1326],[72.7286,11.1235]]],[[[72.7281,11.1326],[72.7276,11.1417],[72.7369,11.1422],[72.7373,11.1331],[72.7281,11.1326]]],[[[72.7709,11.1987],[72.7617,11.1983],[72.7705,11.2078],[72.7709,11.1987]]],[[[72.7792,11.2174],[72.77,11.217],[72.7702,11.2124],[72.7695,11.2261],[72.7787,11.2265],[72.7792,11.2174]]],[[[72.787,11.2453],[72.7783,11.2357],[72.7786,11.2296],[72.7773,11.2539],[72.7866,11.2544],[72.787,11.2453]]],[[[73.328,16.6245],[73.3376,16.625],[73.338,16.6157],[73.328,16.6245]]],[[[73.2762,16.8918],[73.2854,16.9015],[73.2858,16.8922],[73.2762,16.8918]]],[[[72.8221,18.9016],[72.8123,18.9012],[72.8128,18.8919],[72.8025,18.9007],[72.802,18.91],[72.8216,18.9109],[72.8221,18.9016]]],[[[72.8308,18.9207],[72.8313,18.9114],[72.8216,18.9109],[72.8211,18.9202],[72.8308,18.9207]]],[[[72.7907,18.9374],[72.7897,18.956],[72.7995,18.9565],[72.8,18.9472],[72.7902,18.9467],[72.7907,18.9374]]],[[[72.8146,19.0414],[72.8238,19.0511],[72.8243,19.0418],[72.8146,19.0414]]],[[[71.4606,20.8767],[71.4506,20.8761],[71.46,20.886],[71.4606,20.8767]]],[[[72.5851,21.5917],[72.5856,21.5823],[72.5757,21.5818],[72.5851,21.5917]]],[[[72.6428,21.6319],[72.6523,21.6417],[72.7522,21.6466],[72.7517,21.6559],[72.7916,21.6578],[72.7921,21.6485],[72.8221,21.6499],[72.8236,21.6219],[72.8037,21.621],[72.8042,21.6116],[72.7543,21.6092],[72.7548,21.5999],[72.7349,21.599],[72.7354,21.5896],[72.6955,21.5877],[72.696,21.5784],[72.6659,21.5769],[72.6669,21.5583],[72.657,21.5578],[72.6475,21.548],[72.6481,21.5386],[72.6182,21.5372],[72.6187,21.5279],[72.6087,21.5274],[72.6082,21.5367],[72.5883,21.5357],[72.5788,21.5259],[72.5762,21.5725],[72.5862,21.573],[72.5856,21.5823],[72.6056,21.5833],[72.6051,21.5926],[72.615,21.5931],[72.614,21.6118],[72.6239,21.6123],[72.6229,21.6309],[72.6428,21.6319]],[[72.6061,21.574],[72.5961,21.5735],[72.5967,21.5642],[72.6071,21.5553],[72.6061,21.574]],[[72.5972,21.5548],[72.5977,21.5455],[72.6071,21.5553],[72.5972,21.5548]],[[72.6176,21.5465],[72.6171,21.5558],[72.6071,21.5553],[72.6176,21.5465]]],[[[72.524,21.9631],[72.534,21.9636],[72.5345,21.9543],[72.5245,21.9538],[72.524,21.9631]]],[[[69.1633,22.4055],[69.1533,22.4047],[69.1626,22.4148],[69.1633,22.4055]]],[[[69.0807,22.4276],[69.0907,22.4283],[69.0914,22.419],[69.0814,22.4183],[69.0807,22.4276]]],[[[69.616,22.4185],[69.606,22.4178],[69.6053,22.4271],[69.5953,22.4265],[69.5938,22.4451],[69.6038,22.4458],[69.6131,22.4558],[69.6331,22.4572],[69.6439,22.4485],[69.6561,22.4213],[69.6461,22.4206],[69.6468,22.4113],[69.6168,22.4092],[69.616,22.4185]]],[[[69.0907,22.4283],[69.0899,22.4378],[69.1001,22.4386],[69.1009,22.4291],[69.0907,22.4283]]],[[[69.1001,22.4386],[69.0978,22.4665],[69.1078,22.4672],[69.1101,22.4393],[69.1001,22.4386]]],[[[69.1379,22.4694],[69.1111,22.4675],[69.1178,22.468],[69.117,22.4773],[69.1471,22.4794],[69.1487,22.4608],[69.1386,22.4601],[69.1394,22.4508],[69.1379,22.4694]]],[[[70.0396,22.5502],[70.0496,22.5509],[70.0517,22.5229],[70.0417,22.5223],[70.041,22.5316],[70.0302,22.5403],[70.0403,22.5409],[70.0396,22.5502]]],[[[69.4663,22.7739],[69.4555,22.7825],[69.4655,22.7832],[69.4663,22.7739]]],[[[69.4454,22.7818],[69.4447,22.7911],[69.4547,22.7918],[69.4555,22.7825],[69.4454,22.7818]]],[[[70.1635,23.0457],[70.1736,23.0464],[70.1722,23.065],[70.1823,23.0657],[70.1918,23.0756],[70.212,23.0769],[70.2127,23.0676],[70.2228,23.0683],[70.2235,23.059],[70.2134,23.0583],[70.2141,23.049],[70.2242,23.0496],[70.2256,23.031],[70.2155,23.0304],[70.2169,23.0117],[70.227,23.0124],[70.2312,22.9562],[70.2211,22.9556],[70.2218,22.9463],[70.1813,22.9437],[70.1821,22.9343],[70.172,22.9337],[70.1713,22.943],[70.1512,22.9417],[70.1505,22.951],[70.1404,22.9504],[70.1397,22.9597],[70.1196,22.9584],[70.1189,22.9677],[70.1289,22.9684],[70.1282,22.9777],[70.1383,22.9783],[70.1376,22.9876],[70.1275,22.987],[70.1268,22.9965],[70.1368,22.9972],[70.1361,23.0065],[70.1462,23.0071],[70.1448,23.0258],[70.1549,23.0264],[70.1542,23.0358],[70.1642,23.0364],[70.1635,23.0457]]],[[[70.1816,23.075],[70.1715,23.0743],[70.1808,23.0843],[70.1816,23.075]]],[[[68.7522,23.0791],[68.7514,23.0884],[68.7615,23.0891],[68.7623,23.0798],[68.7673,23.0802],[68.7522,23.0791]]],[[[70.7935,23.1601],[70.7834,23.1595],[70.7828,23.1688],[70.7928,23.1694],[70.7935,23.1601]]],[[[68.6514,23.3061],[68.6505,23.3154],[68.6606,23.3162],[68.6614,23.3068],[68.6514,23.3061]]],[[[68.6146,23.3783],[68.6154,23.369],[68.6053,23.3683],[68.6045,23.3776],[68.6146,23.3783]]],[[[68.5182,23.6619],[68.5283,23.6626],[68.5291,23.6533],[68.5495,23.6549],[68.5487,23.6642],[68.5588,23.6649],[68.5572,23.6835],[68.5673,23.6843],[68.5665,23.6936],[68.5462,23.6921],[68.5454,23.7014],[68.5555,23.7022],[68.5539,23.7208],[68.5741,23.7223],[68.5757,23.7037],[68.596,23.7052],[68.5943,23.7238],[68.6146,23.7253],[68.6255,23.7168],[68.6247,23.7261],[68.6348,23.7268],[68.634,23.7362],[68.6542,23.7377],[68.6441,23.7369],[68.6424,23.7555],[68.6323,23.7548],[68.6315,23.7641],[68.6416,23.7648],[68.64,23.7837],[68.6501,23.7844],[68.6493,23.7937],[68.6594,23.7945],[68.6687,23.8046],[68.6788,23.8053],[68.6796,23.796],[68.6889,23.8061],[68.6881,23.8154],[68.6982,23.8161],[68.6974,23.8254],[68.7076,23.8262],[68.7067,23.8355],[68.6966,23.8347],[68.6958,23.8441],[68.6654,23.8418],[68.6561,23.8317],[68.5853,23.8265],[68.576,23.8164],[68.5768,23.8071],[68.5667,23.8063],[68.5675,23.797],[68.5574,23.7962],[68.5582,23.7869],[68.5303,23.7565],[68.5312,23.7472],[68.5006,23.7449],[68.5014,23.7356],[68.4711,23.7333],[68.4703,23.7426],[68.45,23.7411],[68.4509,23.7318],[68.4407,23.731],[68.4399,23.7403],[68.4298,23.7396],[68.4205,23.7295],[68.4222,23.7109],[68.4121,23.7101],[68.4146,23.6822],[68.4045,23.6814],[68.407,23.6535],[68.3977,23.6434],[68.401,23.6061],[68.3909,23.6054],[68.3918,23.5961],[68.3716,23.5945],[68.3623,23.5844],[68.3015,23.5798],[68.3023,23.5705],[68.2821,23.5689],[68.2829,23.5596],[68.2729,23.5588],[68.272,23.5681],[68.2518,23.5666],[68.251,23.5759],[68.2207,23.5735],[68.2198,23.5829],[68.1895,23.5805],[68.187,23.6084],[68.1769,23.6077],[68.1743,23.6356],[68.1844,23.6364],[68.1836,23.6457],[68.2139,23.648],[68.2038,23.6472],[68.2021,23.6659],[68.2105,23.6853],[68.1877,23.7116],[68.1843,23.7491],[68.1944,23.7498],[68.1936,23.7592],[68.2037,23.7599],[68.196,23.8437],[68.2053,23.8538],[68.2036,23.8724],[68.2137,23.8732],[68.2129,23.8825],[68.2331,23.8841],[68.2424,23.8942],[68.2525,23.895],[68.2517,23.9043],[68.2618,23.905],[68.2609,23.9144],[68.2711,23.9151],[68.2702,23.9244],[68.2804,23.9252],[68.2795,23.9345],[68.2896,23.9353],[68.2905,23.926],[68.3107,23.9275],[68.3219,23.919],[68.3321,23.9198],[68.3312,23.9291],[68.3413,23.9299],[68.338,23.9671],[68.3667,23.9881],[68.3768,23.9888],[68.3777,23.9795],[68.3878,23.9803],[68.3886,23.971],[68.4494,23.9756],[68.4604,23.967],[68.5822,23.9762],[68.583,23.9669],[68.7148,23.9767],[68.7156,23.9674],[68.7561,23.9703],[68.7512,24.0264],[68.7616,24.0272],[68.7559,24.0924],[68.7661,24.0931],[68.7596,24.1676],[68.7697,24.1683],[68.7632,24.2428],[68.7734,24.2436],[68.7685,24.2997],[68.7888,24.3011],[68.788,24.3105],[68.8286,24.3134],[68.8295,24.3041],[68.8396,24.3049],[68.8461,24.2302],[68.8562,24.2309],[68.8579,24.2123],[68.8782,24.2137],[68.8774,24.2231],[68.8875,24.2238],[68.8859,24.2424],[68.8961,24.2432],[68.8945,24.2618],[68.9038,24.2718],[68.903,24.2813],[68.9132,24.2821],[68.9123,24.2914],[68.9329,24.2929],[68.9423,24.3029],[68.9524,24.3037],[68.954,24.285],[68.9642,24.2858],[68.9658,24.2669],[68.9759,24.2677],[68.9791,24.2304],[68.9893,24.2311],[68.9901,24.2218],[69.0206,24.224],[69.0198,24.2333],[69.0299,24.2341],[69.0291,24.2434],[69.0494,24.2448],[69.0486,24.2541],[69.069,24.2556],[69.0783,24.2656],[69.0885,24.2664],[69.0877,24.2757],[69.119,24.2685],[69.1198,24.2592],[69.1401,24.2607],[69.1409,24.2513],[69.1612,24.2528],[69.162,24.2435],[69.1823,24.2449],[69.1934,24.2363],[69.2036,24.237],[69.213,24.2471],[69.2333,24.2485],[69.2427,24.2585],[69.263,24.2599],[69.2724,24.27],[69.2927,24.2714],[69.3021,24.2814],[69.3224,24.2828],[69.3333,24.2742],[69.3537,24.2756],[69.3646,24.267],[69.4156,24.2706],[69.425,24.2806],[69.4453,24.282],[69.4563,24.2734],[69.4766,24.2748],[69.4774,24.2654],[69.5282,24.2689],[69.5274,24.2782],[69.5681,24.281],[69.5775,24.291],[69.5978,24.2924],[69.5986,24.2831],[69.6087,24.2838],[69.6095,24.2745],[69.6196,24.2752],[69.6204,24.2658],[69.6305,24.2665],[69.6313,24.2572],[69.6417,24.2579],[69.6424,24.2486],[69.6751,24.2227],[69.6759,24.2134],[69.6861,24.2141],[69.6868,24.2048],[69.697,24.2054],[69.6977,24.1961],[69.7079,24.1968],[69.7086,24.1875],[69.7188,24.1882],[69.7195,24.1789],[69.7297,24.1795],[69.7304,24.1702],[69.8218,24.1763],[69.8327,24.1677],[69.9649,24.1764],[69.9657,24.1671],[70.0368,24.1717],[70.0361,24.181],[70.0462,24.1817],[70.0455,24.191],[70.0556,24.1917],[70.0745,24.2116],[70.0825,24.2402],[70.092,24.2502],[70.0906,24.2689],[70.1009,24.2695],[70.109,24.2981],[70.17,24.3021],[70.1794,24.312],[70.2099,24.314],[70.2092,24.3233],[70.2601,24.3265],[70.2594,24.3359],[70.2901,24.3378],[70.2894,24.3471],[70.381,24.3529],[70.3803,24.3622],[70.4006,24.3635],[70.3999,24.3728],[70.4203,24.3741],[70.4195,24.3836],[70.4806,24.3874],[70.4799,24.3967],[70.5104,24.3986],[70.5098,24.4079],[70.5507,24.4105],[70.55,24.4198],[70.5805,24.4217],[70.5914,24.413],[70.6016,24.4136],[70.6023,24.4043],[70.5921,24.4036],[70.5935,24.3848],[70.5833,24.3842],[70.5847,24.3655],[70.5745,24.3649],[70.5752,24.3556],[70.565,24.355],[70.567,24.327],[70.5772,24.3276],[70.5813,24.2717],[70.5711,24.2711],[70.5725,24.2524],[70.5827,24.2531],[70.5833,24.2437],[70.6037,24.245],[70.6044,24.2357],[70.6247,24.2369],[70.6254,24.2276],[70.6457,24.2288],[70.6464,24.2195],[70.7074,24.2232],[70.708,24.2139],[70.8201,24.2207],[70.8194,24.23],[70.8397,24.2312],[70.8391,24.2405],[70.8492,24.2411],[70.8587,24.2511],[70.8594,24.2417],[70.8797,24.2429],[70.8791,24.2523],[70.8994,24.2535],[70.9089,24.2634],[70.8987,24.2628],[70.8981,24.2721],[70.8879,24.2715],[70.8771,24.2802],[70.8758,24.2989],[70.8853,24.3088],[70.9056,24.31],[70.905,24.3193],[70.9151,24.3199],[70.9342,24.3398],[70.9443,24.3404],[70.9437,24.3497],[70.964,24.3509],[70.9634,24.3602],[70.9941,24.362],[70.9948,24.3527],[71.0151,24.3539],[71.0158,24.3446],[71.026,24.3452],[71.0253,24.3545],[71.0558,24.3563],[71.0552,24.3656],[71.0654,24.3662],[71.0647,24.3755],[71.0838,24.3953],[71.1143,24.3971],[71.1137,24.4064],[71.1239,24.407],[71.1226,24.4259],[71.1124,24.4253],[71.1117,24.4346],[71.0812,24.4328],[71.0806,24.4422],[71.05,24.4404],[71.0506,24.4311],[71.0303,24.4299],[71.0296,24.4392],[71.0195,24.4386],[71.0188,24.4479],[70.9984,24.4467],[70.9958,24.484],[71.0054,24.4939],[71.0021,24.5405],[70.9919,24.5399],[70.9873,24.6052],[70.9969,24.6151],[70.9962,24.6244],[71.0064,24.625],[71.0058,24.6344],[71.016,24.635],[71.0255,24.6449],[71.0561,24.6467],[71.0554,24.6562],[71.0758,24.6574],[71.0752,24.6667],[71.0854,24.6673],[71.0848,24.6766],[71.095,24.6772],[71.0937,24.6958],[71.0835,24.6952],[71.0828,24.7046],[71.0726,24.704],[71.072,24.7133],[71.0618,24.7127],[71.0598,24.7407],[71.0496,24.7401],[71.0477,24.768],[71.0368,24.7768],[71.0355,24.7954],[71.0246,24.8041],[71.0233,24.8228],[71.0131,24.8222],[71.0118,24.841],[71.0016,24.8404],[71.0003,24.8591],[70.99,24.8585],[70.9887,24.8771],[70.9785,24.8765],[70.9663,24.9039],[70.9561,24.9033],[70.9548,24.9219],[70.9444,24.9213],[70.943,24.9399],[70.9328,24.9393],[70.9302,24.9766],[70.92,24.976],[70.916,25.0319],[70.9058,25.0313],[70.8998,25.1154],[70.8895,25.1148],[70.8869,25.1521],[70.8767,25.1515],[70.876,25.1608],[70.8433,25.1869],[70.8426,25.1962],[70.8324,25.1956],[70.8317,25.205],[70.8214,25.2043],[70.8092,25.2317],[70.7989,25.2311],[70.7983,25.2404],[70.788,25.2398],[70.7874,25.2491],[70.7771,25.2485],[70.7764,25.2578],[70.7662,25.2572],[70.7655,25.2665],[70.7553,25.2659],[70.7532,25.2941],[70.743,25.2934],[70.7403,25.3307],[70.7075,25.3568],[70.7068,25.3661],[70.6966,25.3655],[70.6959,25.3748],[70.6856,25.3742],[70.6849,25.3835],[70.6747,25.3829],[70.674,25.3922],[70.6638,25.3916],[70.6624,25.4103],[70.6726,25.4109],[70.6679,25.4761],[70.6781,25.4767],[70.674,25.5328],[70.6638,25.5322],[70.6631,25.5415],[70.6734,25.5421],[70.6665,25.6353],[70.6768,25.6359],[70.6734,25.6825],[70.6624,25.6912],[70.6611,25.7098],[70.6405,25.7085],[70.6398,25.7179],[70.5985,25.7154],[70.5889,25.7054],[70.5683,25.7042],[70.5389,25.6837],[70.3742,25.6735],[70.3735,25.6828],[70.3426,25.6809],[70.3419,25.6902],[70.3214,25.689],[70.3206,25.6983],[70.3001,25.697],[70.2994,25.7063],[70.2788,25.705],[70.2781,25.7143],[70.2678,25.7137],[70.2671,25.723],[70.2568,25.7224],[70.254,25.7598],[70.2437,25.7592],[70.2422,25.7778],[70.232,25.7771],[70.2195,25.8044],[70.2092,25.8038],[70.2085,25.8131],[70.1982,25.8124],[70.1975,25.8218],[70.1769,25.8205],[70.1643,25.8477],[70.154,25.8471],[70.1525,25.8657],[70.1422,25.865],[70.1408,25.8837],[70.1298,25.8923],[70.1291,25.9016],[70.1188,25.901],[70.1173,25.9196],[70.107,25.9189],[70.1056,25.9376],[70.0953,25.9369],[70.0836,26.0861],[70.0932,26.096],[70.0925,26.1053],[70.1028,26.106],[70.1021,26.1153],[70.1124,26.116],[70.1116,26.1253],[70.122,26.1259],[70.1212,26.1352],[70.1404,26.1552],[70.1397,26.1645],[70.1502,26.1651],[70.1495,26.1744],[70.1591,26.1844],[70.1576,26.2032],[70.168,26.2039],[70.1658,26.2318],[70.1761,26.2325],[70.1725,26.279],[70.1622,26.2783],[70.1607,26.297],[70.1703,26.3069],[70.1689,26.3255],[70.1792,26.3262],[70.1771,26.3541],[70.1874,26.3548],[70.178,26.476],[70.1883,26.4766],[70.1862,26.5045],[70.1758,26.5039],[70.1715,26.5597],[70.1397,26.5671],[70.139,26.5764],[70.1286,26.5757],[70.1279,26.585],[70.107,26.5837],[70.1062,26.593],[70.0752,26.591],[70.0745,26.6003],[70.002,26.5957],[69.9924,26.5858],[69.868,26.5777],[69.8672,26.587],[69.8258,26.5844],[69.8251,26.5939],[69.794,26.5918],[69.7932,26.6011],[69.7829,26.6005],[69.7821,26.6098],[69.7718,26.6091],[69.771,26.6184],[69.7607,26.6177],[69.7599,26.627],[69.7496,26.6263],[69.7488,26.6356],[69.7385,26.635],[69.7377,26.6443],[69.7274,26.6436],[69.7266,26.6529],[69.7163,26.6522],[69.7155,26.6615],[69.6948,26.6602],[69.694,26.6695],[69.6622,26.6767],[69.6614,26.686],[69.6407,26.6846],[69.64,26.6939],[69.619,26.6926],[69.6183,26.7019],[69.5975,26.7005],[69.5968,26.7098],[69.5649,26.717],[69.5642,26.7263],[69.5434,26.7249],[69.5427,26.7342],[69.5219,26.7328],[69.5212,26.7421],[69.5108,26.7415],[69.5093,26.7601],[69.4989,26.7594],[69.4966,26.7873],[69.4862,26.7866],[69.4831,26.824],[69.4927,26.834],[69.4904,26.8619],[69.5007,26.8626],[69.4968,26.9091],[69.5072,26.9098],[69.5033,26.9563],[69.5137,26.9569],[69.5091,27.0127],[69.5195,27.0134],[69.5179,27.032],[69.5283,27.0327],[69.5267,27.0515],[69.5371,27.0522],[69.5356,27.0708],[69.546,27.0715],[69.5444,27.0901],[69.554,27.1001],[69.5525,27.1187],[69.5629,27.1194],[69.5613,27.138],[69.5717,27.1387],[69.571,27.148],[69.5806,27.1579],[69.579,27.1765],[69.5894,27.1772],[69.5887,27.1865],[69.5993,27.1872],[69.5985,27.1965],[69.6289,27.2079],[69.6282,27.2172],[69.6386,27.2179],[69.6378,27.2272],[69.6482,27.2279],[69.6578,27.2378],[69.6571,27.2471],[69.6675,27.2478],[69.6868,27.2678],[69.6972,27.2685],[69.6956,27.287],[69.7165,27.2884],[69.7157,27.2979],[69.7461,27.3092],[69.7454,27.3185],[69.7662,27.3199],[69.7654,27.3292],[69.7759,27.3299],[69.7751,27.3392],[69.7855,27.3398],[69.7847,27.3491],[69.7952,27.3498],[69.7944,27.3591],[69.8152,27.3605],[69.8145,27.3698],[69.8249,27.3704],[69.8241,27.3797],[69.8549,27.3911],[69.8541,27.4003],[69.8645,27.401],[69.8638,27.4103],[69.8742,27.411],[69.8734,27.4203],[69.8839,27.421],[69.8831,27.4302],[69.8935,27.4309],[69.8928,27.4402],[69.9032,27.4409],[69.9114,27.4694],[69.9218,27.4701],[69.9203,27.4887],[69.9307,27.4894],[69.93,27.4987],[69.9404,27.4993],[69.9397,27.5086],[69.9702,27.5199],[69.9694,27.5292],[69.9799,27.5299],[69.9791,27.5392],[70.0,27.5405],[69.9992,27.5498],[70.0298,27.5613],[70.0283,27.5798],[70.039,27.5805],[70.0375,27.5991],[70.0479,27.5998],[70.0464,27.6184],[70.0569,27.619],[70.0554,27.6376],[70.0658,27.6383],[70.0644,27.6569],[70.0748,27.6575],[70.0733,27.6761],[70.0838,27.6768],[70.0823,27.6953],[70.0927,27.696],[70.0905,27.7239],[70.101,27.7245],[70.0995,27.7431],[70.1099,27.7438],[70.1085,27.7624],[70.1189,27.763],[70.1174,27.7816],[70.1279,27.7823],[70.1264,27.801],[70.1369,27.8017],[70.1361,27.811],[70.1556,27.8309],[70.166,27.8315],[70.1653,27.8408],[70.1757,27.8415],[70.175,27.8508],[70.1855,27.8514],[70.1847,27.8607],[70.1952,27.8613],[70.1945,27.8706],[70.2049,27.8713],[70.2042,27.8806],[70.2147,27.8812],[70.2139,27.8905],[70.2244,27.8912],[70.2237,27.9005],[70.2341,27.9011],[70.2334,27.9104],[70.2543,27.9117],[70.2536,27.921],[70.2747,27.9223],[70.274,27.9316],[70.2949,27.9329],[70.2942,27.9421],[70.3047,27.9428],[70.3242,27.9627],[70.3235,27.9719],[70.3339,27.9726],[70.3437,27.9825],[70.3429,27.992],[70.3534,27.9926],[70.3729,28.0125],[70.4462,28.0169],[70.4455,28.0262],[70.4771,28.0281],[70.4869,28.0381],[70.5078,28.0393],[70.519,28.0307],[70.5504,28.0325],[70.5512,28.0232],[70.5721,28.0245],[70.5728,28.0152],[70.5833,28.0158],[70.5944,28.0071],[70.5959,27.9884],[70.6063,27.989],[70.607,27.9797],[70.6175,27.9803],[70.6182,27.971],[70.6287,27.9716],[70.6294,27.9623],[70.6398,27.963],[70.6405,27.9537],[70.6629,27.9363],[70.6636,27.927],[70.674,27.9276],[70.6817,27.8252],[70.6921,27.8258],[70.6935,27.8072],[70.704,27.8078],[70.7053,27.7893],[70.7158,27.7899],[70.7172,27.7713],[70.7276,27.7719],[70.729,27.7533],[70.7395,27.7539],[70.7408,27.7353],[70.7515,27.7359],[70.7522,27.7267],[70.7633,27.718],[70.7947,27.7198],[70.8058,27.7111],[70.8476,27.7135],[70.8483,27.7042],[70.911,27.7079],[70.9103,27.7172],[70.9416,27.719],[70.941,27.7283],[70.9725,27.7301],[70.9719,27.7394],[70.9823,27.74],[70.9921,27.7498],[71.0437,27.7621],[71.043,27.7714],[71.0639,27.7726],[71.0737,27.7825],[71.0946,27.7837],[71.094,27.793],[71.1149,27.7941],[71.1142,27.8034],[71.1659,27.8157],[71.1757,27.8255],[71.1966,27.8267],[71.1959,27.836],[71.2484,27.8389],[71.2478,27.8482],[71.3106,27.8517],[71.3099,27.861],[71.3622,27.8638],[71.372,27.8739],[71.456,27.8785],[71.4566,27.869],[71.6871,27.8812],[71.6864,27.8907],[71.7179,27.8924],[71.7172,27.9017],[71.769,27.9137],[71.7788,27.9236],[71.8102,27.9252],[71.8096,27.9345],[71.8616,27.9465],[71.861,27.9558],[71.9029,27.9579],[71.8999,28.0044],[71.9103,28.005],[71.9079,28.0422],[71.9184,28.0427],[71.9154,28.0894],[71.9259,28.0899],[71.9241,28.1178],[71.9339,28.1276],[71.9333,28.1369],[71.9438,28.1375],[71.9432,28.1468],[71.9537,28.1473],[71.9624,28.1757],[71.9729,28.1762],[71.9723,28.1855],[71.9828,28.1861],[71.9822,28.1954],[71.9927,28.1959],[72.0014,28.2243],[72.0224,28.2254],[72.0218,28.2347],[72.0323,28.2352],[72.0317,28.2445],[72.0422,28.245],[72.0416,28.2543],[72.0626,28.2553],[72.062,28.2646],[72.0725,28.2652],[72.0719,28.2745],[72.0824,28.275],[72.1025,28.2946],[72.113,28.2952],[72.1124,28.3044],[72.1229,28.305],[72.1328,28.3148],[72.1526,28.3346],[72.152,28.3439],[72.1625,28.3444],[72.1619,28.3537],[72.1725,28.3542],[72.1719,28.3635],[72.1824,28.364],[72.1818,28.3733],[72.1923,28.3739],[72.1917,28.3832],[72.2022,28.3837],[72.2016,28.393],[72.2116,28.4028],[72.2104,28.4214],[72.2209,28.4219],[72.2192,28.4497],[72.2297,28.4503],[72.228,28.4781],[72.2385,28.4787],[72.2373,28.4972],[72.2472,28.507],[72.2461,28.5256],[72.2566,28.5261],[72.2549,28.554],[72.2654,28.5545],[72.2642,28.5733],[72.2748,28.5738],[72.273,28.6017],[72.2835,28.6022],[72.2818,28.6301],[72.2926,28.6306],[72.2908,28.6585],[72.3014,28.659],[72.3002,28.6776],[72.3108,28.6781],[72.3102,28.6874],[72.3207,28.6879],[72.3201,28.6971],[72.3307,28.6977],[72.3395,28.726],[72.35,28.7265],[72.3495,28.7358],[72.36,28.7363],[72.3594,28.7456],[72.37,28.7461],[72.3694,28.7554],[72.3799,28.7559],[72.3794,28.7652],[72.3899,28.7657],[72.3893,28.775],[72.3999,28.7755],[72.3993,28.7848],[72.4204,28.7858],[72.4198,28.7951],[72.4515,28.7966],[72.4509,28.8059],[72.472,28.8069],[72.482,28.8168],[72.5131,28.8276],[72.5125,28.8369],[72.5338,28.8379],[72.5438,28.8477],[72.5544,28.8482],[72.5538,28.8575],[72.5749,28.8585],[72.5744,28.8677],[72.5955,28.8687],[72.5949,28.878],[72.6466,28.899],[72.646,28.9083],[72.6671,28.9093],[72.6666,28.9186],[72.6877,28.9195],[72.6871,28.9288],[72.7083,28.9298],[72.7077,28.9391],[72.7288,28.94],[72.7283,28.9493],[72.7496,28.9503],[72.7491,28.9596],[72.7808,28.961],[72.7802,28.9703],[72.8325,28.982],[72.8425,28.9917],[72.8637,28.9927],[72.8631,29.0019],[72.8948,29.0034],[72.8943,29.0126],[72.9466,29.0243],[72.9455,29.0428],[72.9561,29.0433],[72.9551,29.0619],[72.9656,29.0623],[72.9646,29.0811],[72.9751,29.0816],[72.9741,29.1002],[72.9849,29.1006],[72.9838,29.1192],[72.9944,29.1197],[72.9933,29.1382],[73.0039,29.1387],[73.0029,29.1573],[73.0134,29.1577],[73.0129,29.167],[73.0235,29.1675],[73.023,29.1768],[73.0336,29.1772],[73.033,29.1865],[73.0436,29.187],[73.0431,29.1962],[73.0537,29.1967],[73.0531,29.206],[73.0833,29.2352],[73.0828,29.2445],[73.0934,29.245],[73.1024,29.2733],[73.113,29.2737],[73.112,29.2923],[73.1226,29.2927],[73.1215,29.3113],[73.1321,29.3118],[73.1412,29.3403],[73.1518,29.3407],[73.1507,29.3593],[73.1613,29.3597],[73.1603,29.3783],[73.1709,29.3787],[73.1802,29.407],[73.1908,29.4075],[73.1898,29.4261],[73.2004,29.4265],[73.2094,29.4548],[73.22,29.4552],[73.219,29.4738],[73.2296,29.4742],[73.2286,29.4928],[73.2392,29.4933],[73.2387,29.5025],[73.2493,29.503],[73.2483,29.5215],[73.2589,29.522],[73.2579,29.5405],[73.2685,29.541],[73.2675,29.5597],[73.2781,29.5602],[73.2776,29.5695],[73.2877,29.5792],[73.2867,29.5977],[73.2968,29.6075],[73.2958,29.626],[73.3059,29.6357],[73.3044,29.6636],[73.315,29.664],[73.314,29.6826],[73.3241,29.6923],[73.3226,29.7201],[73.3332,29.7206],[73.3317,29.7484],[73.3423,29.7488],[73.3408,29.7768],[73.3514,29.7773],[73.3499,29.8051],[73.3606,29.8055],[73.3591,29.8334],[73.3697,29.8338],[73.3677,29.8709],[73.3783,29.8713],[73.3768,29.8992],[73.3875,29.8996],[73.386,29.9274],[73.3969,29.9279],[73.3959,29.9464],[73.4172,29.9473],[73.4167,29.9565],[73.438,29.9574],[73.4375,29.9667],[73.4694,29.968],[73.4689,29.9775],[73.5009,29.9787],[73.5004,29.988],[73.5323,29.9893],[73.5318,29.9986],[73.5846,30.01],[73.5841,30.0192],[73.627,30.0209],[73.6265,30.0302],[73.6691,30.0319],[73.6687,30.0411],[73.722,30.0432],[73.7215,30.0525],[73.7641,30.0541],[73.7743,30.0638],[73.8063,30.0651],[73.8058,30.0743],[73.8165,30.0747],[73.816,30.084],[73.8267,30.0844],[73.8262,30.0937],[73.8369,30.0941],[73.8364,30.1034],[73.8471,30.1038],[73.8466,30.113],[73.8682,30.1139],[73.8677,30.1231],[73.8784,30.1235],[73.8779,30.1328],[73.8886,30.1332],[73.8881,30.1425],[73.9196,30.153],[73.9192,30.1622],[73.9298,30.1626],[73.9294,30.1719],[73.9609,30.1824],[73.9605,30.1916],[73.9712,30.192],[73.9675,30.2664],[73.9568,30.266],[73.9559,30.2845],[73.9452,30.2841],[73.9443,30.3026],[73.9336,30.3022],[73.9327,30.3208],[73.922,30.3204],[73.9099,30.3478],[73.8992,30.3474],[73.8988,30.3566],[73.8774,30.3558],[73.8769,30.3651],[73.9085,30.3756],[73.9081,30.3848],[73.9188,30.3852],[73.9183,30.3945],[73.929,30.3949],[73.9285,30.4042],[73.9392,30.4046],[73.9388,30.4138],[73.9495,30.4142],[73.949,30.4235],[73.9704,30.4243],[73.9695,30.4428],[73.9481,30.442],[73.9485,30.4328],[73.9378,30.4324],[73.9365,30.4602],[73.9258,30.4598],[73.9253,30.4692],[73.936,30.4696],[73.9351,30.4882],[73.9458,30.4886],[73.9472,30.4606],[73.9578,30.461],[73.969,30.4521],[73.9672,30.4893],[73.9779,30.4897],[73.9769,30.5083],[73.9876,30.5087],[73.9872,30.5179],[74.0086,30.5187],[74.0077,30.5372],[74.0188,30.5284],[74.0402,30.5292],[74.0398,30.5384],[74.0505,30.5388],[74.0514,30.5203],[74.073,30.5211],[74.0726,30.5303],[74.0833,30.5307],[74.0828,30.54],[74.0935,30.5404],[74.0931,30.5497],[74.0824,30.5493],[74.0712,30.5581],[74.0819,30.5585],[74.0815,30.5678],[74.0922,30.5682],[74.0917,30.5774],[74.1024,30.5778],[74.1015,30.5964],[74.0908,30.596],[74.0904,30.6052],[74.1011,30.6056],[74.1006,30.6149],[74.1113,30.6153],[74.1118,30.606],[74.1225,30.6064],[74.1216,30.6249],[74.143,30.6257],[74.1426,30.6349],[74.1533,30.6353],[74.1528,30.6446],[74.1743,30.6454],[74.1738,30.6546],[74.1845,30.655],[74.1841,30.6643],[74.1948,30.6646],[74.1944,30.6739],[74.2051,30.6743],[74.2046,30.6835],[74.2154,30.6839],[74.2149,30.6932],[74.2256,30.6936],[74.2243,30.7215],[74.2672,30.7231],[74.2668,30.7323],[74.2884,30.7331],[74.288,30.7423],[74.277,30.742],[74.2762,30.7605],[74.2654,30.7601],[74.2646,30.7786],[74.2753,30.779],[74.2757,30.7697],[74.2867,30.7701],[74.2862,30.7794],[74.3077,30.7801],[74.3073,30.7894],[74.2965,30.789],[74.2957,30.8075],[74.3064,30.8079],[74.306,30.8172],[74.3167,30.8175],[74.3154,30.8453],[74.3261,30.8457],[74.3364,30.8553],[74.3579,30.8561],[74.3583,30.8468],[74.369,30.8472],[74.3686,30.8564],[74.3793,30.8568],[74.3789,30.8661],[74.3682,30.8657],[74.3669,30.8935],[74.3884,30.8942],[74.3879,30.9034],[74.3987,30.9038],[74.3982,30.9131],[74.409,30.9134],[74.4094,30.9042],[74.4201,30.9046],[74.4193,30.9231],[74.43,30.9234],[74.4296,30.9327],[74.4189,30.9323],[74.4184,30.9416],[74.4399,30.9423],[74.4395,30.9516],[74.461,30.9523],[74.4601,30.971],[74.4923,30.9721],[74.4928,30.9628],[74.5142,30.9636],[74.5134,30.9821],[74.5351,30.9828],[74.5347,30.9921],[74.5455,30.9924],[74.5438,31.0294],[74.5545,31.0298],[74.5541,31.039],[74.5649,31.0394],[74.564,31.0579],[74.5645,31.0487],[74.5752,31.049],[74.5748,31.0583],[74.586,31.0494],[74.5967,31.0497],[74.5971,31.0405],[74.6294,31.0415],[74.629,31.0508],[74.672,31.0522],[74.6715,31.0614],[74.6823,31.0618],[74.6819,31.0711],[74.6926,31.0714],[74.6922,31.0807],[74.703,31.081],[74.7014,31.118],[74.6906,31.1177],[74.6902,31.1269],[74.6472,31.1255],[74.6368,31.1159],[74.636,31.1344],[74.6037,31.1334],[74.6042,31.1241],[74.6054,31.0963],[74.5839,31.0956],[74.5843,31.0864],[74.552,31.0853],[74.5504,31.1223],[74.5289,31.1216],[74.5284,31.1309],[74.5067,31.1301],[74.5063,31.1394],[74.5173,31.1397],[74.5152,31.186],[74.5259,31.1864],[74.5242,31.2236],[74.5135,31.2232],[74.5131,31.2324],[74.5238,31.2328],[74.5234,31.2421],[74.5342,31.2424],[74.5338,31.2517],[74.523,31.2513],[74.5217,31.279],[74.5325,31.2794],[74.5317,31.2979],[74.5424,31.2983],[74.542,31.3075],[74.5312,31.3072],[74.5304,31.3256],[74.5412,31.326],[74.5408,31.3353],[74.5515,31.3356],[74.5403,31.3445],[74.5511,31.3449],[74.5503,31.3634],[74.5611,31.3637],[74.5606,31.373],[74.5822,31.3737],[74.5814,31.3922],[74.5922,31.3925],[74.5913,31.4112],[74.6021,31.4116],[74.6017,31.4208],[74.6233,31.4215],[74.6228,31.4308],[74.634,31.4219],[74.6344,31.4126],[74.6452,31.413],[74.6448,31.4222],[74.6556,31.4226],[74.6552,31.4318],[74.6444,31.4315],[74.6436,31.45],[74.6544,31.4503],[74.654,31.4596],[74.6432,31.4592],[74.6424,31.4777],[74.6316,31.4773],[74.6312,31.4866],[74.6096,31.4859],[74.6092,31.4951],[74.5768,31.4941],[74.5764,31.5033],[74.5872,31.5037],[74.5863,31.5221],[74.6079,31.5228],[74.6075,31.5321],[74.6183,31.5324],[74.6171,31.5602],[74.6063,31.5598],[74.6059,31.5691],[74.5951,31.5687],[74.5946,31.5779],[74.5838,31.5776],[74.583,31.5961],[74.5722,31.5957],[74.5718,31.6052],[74.5502,31.6044],[74.561,31.6048],[74.5606,31.614],[74.5498,31.6137],[74.5481,31.6506],[74.5373,31.6503],[74.536,31.678],[74.5252,31.6776],[74.5248,31.6869],[74.514,31.6865],[74.5136,31.6958],[74.5028,31.6954],[74.5019,31.7139],[74.4911,31.7135],[74.4907,31.7228],[74.5015,31.7231],[74.5007,31.7416],[74.5331,31.7427],[74.5327,31.7519],[74.5543,31.7526],[74.5526,31.7896],[74.5634,31.7899],[74.5626,31.8084],[74.5734,31.8088],[74.5717,31.8459],[74.5934,31.8466],[74.5926,31.8651],[74.6034,31.8654],[74.6021,31.8931],[74.613,31.8935],[74.6134,31.8843],[74.6458,31.8853],[74.645,31.9038],[74.6558,31.9041],[74.6554,31.9134],[74.6663,31.9137],[74.6659,31.923],[74.7202,31.9247],[74.7194,31.9432],[74.7519,31.9442],[74.7515,31.9534],[74.7623,31.9538],[74.7627,31.9446],[74.7736,31.9449],[74.7732,31.9541],[74.8165,31.9555],[74.8161,31.9647],[74.8269,31.9651],[74.8253,32.002],[74.8362,32.0023],[74.8358,32.0116],[74.8574,32.0122],[74.8466,32.0119],[74.8462,32.0211],[74.8787,32.0222],[74.8775,32.0498],[74.9101,32.0508],[74.9097,32.0601],[74.9205,32.0604],[74.9201,32.0696],[74.9309,32.07],[74.9313,32.0607],[74.9533,32.0614],[74.9645,32.0525],[74.9753,32.0528],[74.9757,32.0436],[75.0082,32.0446],[75.0086,32.0354],[75.0195,32.0357],[75.0191,32.0449],[75.0516,32.0459],[75.0512,32.0551],[75.0621,32.0555],[75.0617,32.0647],[75.0725,32.065],[75.0729,32.0558],[75.0837,32.0561],[75.0834,32.0653],[75.0942,32.0657],[75.1054,32.0568],[75.1047,32.0752],[75.1697,32.0771],[75.1701,32.0679],[75.1812,32.0682],[75.1808,32.0775],[75.1916,32.0778],[75.1913,32.087],[75.2025,32.0781],[75.201,32.1152],[75.2227,32.1158],[75.2231,32.1066],[75.2339,32.1069],[75.2346,32.0883],[75.2455,32.0886],[75.2451,32.098],[75.2668,32.0986],[75.2664,32.1079],[75.2773,32.1082],[75.2766,32.1266],[75.2874,32.1269],[75.287,32.1362],[75.2762,32.1359],[75.2758,32.1451],[75.2867,32.1454],[75.2863,32.1546],[75.2972,32.1549],[75.2968,32.1642],[75.3077,32.1645],[75.3073,32.1737],[75.3182,32.174],[75.3174,32.1925],[75.3066,32.1922],[75.3062,32.2014],[75.3171,32.2017],[75.3167,32.2109],[75.3276,32.2112],[75.3272,32.2205],[75.3706,32.2217],[75.3688,32.2678],[75.3797,32.2681],[75.3793,32.2773],[75.3468,32.2764],[75.346,32.2949],[75.3243,32.2943],[75.324,32.3035],[75.3348,32.3038],[75.3341,32.3222],[75.3232,32.3219],[75.3225,32.3406],[75.3008,32.34],[75.2888,32.3673],[75.2776,32.3763],[75.2667,32.3759],[75.2671,32.3667],[75.2562,32.3664],[75.2555,32.3849],[75.2337,32.3842],[75.2334,32.3935],[75.2225,32.3931],[75.2221,32.4024],[75.2112,32.4021],[75.2116,32.3928],[75.2007,32.3925],[75.1895,32.4014],[75.1891,32.4106],[75.2,32.411],[75.1996,32.4202],[75.1888,32.4199],[75.1884,32.4291],[75.1779,32.4196],[75.145,32.4186],[75.1454,32.4094],[75.1345,32.4091],[75.1341,32.4183],[75.1233,32.418],[75.1229,32.4272],[75.1338,32.4275],[75.1334,32.4367],[75.1225,32.4364],[75.1218,32.4548],[75.1109,32.4545],[75.1101,32.473],[75.0775,32.472],[75.0771,32.4812],[75.0554,32.4806],[75.0441,32.4895],[75.0332,32.4891],[75.0328,32.4984],[75.0219,32.498],[75.0227,32.4796],[75.0118,32.4793],[75.0122,32.4701],[75.0231,32.4704],[75.0235,32.4612],[75.0017,32.4605],[75.0021,32.4513],[74.9804,32.4506],[74.9691,32.4595],[74.9582,32.4592],[74.9586,32.45],[74.9477,32.4496],[74.9473,32.4589],[74.9365,32.4585],[74.9361,32.4677],[74.9141,32.4671],[74.9028,32.476],[74.9032,32.4667],[74.8923,32.4664],[74.881,32.4753],[74.8803,32.4937],[74.8698,32.4842],[74.8589,32.4838],[74.8585,32.4931],[74.8259,32.492],[74.8146,32.5009],[74.8154,32.4825],[74.8045,32.4821],[74.8049,32.4729],[74.794,32.4726],[74.7827,32.4815],[74.7066,32.4791],[74.7175,32.4794],[74.7171,32.4886],[74.6842,32.4876],[74.683,32.5152],[74.6937,32.5248],[74.6932,32.534],[74.6599,32.5424],[74.6595,32.5516],[74.6704,32.552],[74.6696,32.5704],[74.6591,32.5608],[74.6482,32.5605],[74.6478,32.5697],[74.6583,32.5793],[74.6474,32.5789],[74.647,32.5881],[74.6579,32.5885],[74.6575,32.5977],[74.6466,32.5973],[74.6462,32.6066],[74.6353,32.6062],[74.6349,32.6154],[74.6566,32.6161],[74.6558,32.6346],[74.6667,32.6349],[74.6663,32.6441],[74.6772,32.6445],[74.6768,32.6537],[74.6988,32.6544],[74.6984,32.6636],[74.6875,32.6633],[74.6871,32.6725],[74.665,32.6718],[74.6642,32.6902],[74.6533,32.6898],[74.6521,32.7175],[74.663,32.7178],[74.6617,32.7455],[74.6726,32.7458],[74.6718,32.7642],[74.6926,32.7928],[74.6918,32.8112],[74.7027,32.8116],[74.7015,32.8392],[74.6796,32.8385],[74.6801,32.8293],[74.6471,32.8282],[74.6475,32.819],[74.6366,32.8187],[74.6374,32.8002],[74.6488,32.7914],[74.6597,32.7917],[74.6601,32.7825],[74.6383,32.7818],[74.6278,32.7721],[74.6282,32.7628],[74.6391,32.7632],[74.6395,32.754],[74.629,32.7444],[74.6286,32.7536],[74.585,32.7522],[74.5745,32.7426],[74.5737,32.7611],[74.5519,32.7604],[74.5527,32.7419],[74.5418,32.7416],[74.5414,32.7508],[74.5305,32.7504],[74.5196,32.7501],[74.52,32.7409],[74.5091,32.7405],[74.5087,32.7497],[74.5192,32.7593],[74.4974,32.7586],[74.4969,32.7678],[74.4638,32.7761],[74.4633,32.7853],[74.4086,32.7835],[74.409,32.7743],[74.3986,32.7645],[74.3981,32.7739],[74.3877,32.7641],[74.3549,32.763],[74.3545,32.7724],[74.3436,32.7721],[74.3432,32.7813],[74.3322,32.7809],[74.3318,32.7901],[74.3209,32.7897],[74.3205,32.799],[74.3096,32.7986],[74.32,32.8082],[74.3091,32.8078],[74.3082,32.8262],[74.2973,32.8258],[74.2969,32.8351],[74.2641,32.8339],[74.2637,32.8431],[74.2419,32.8424],[74.2305,32.8512],[74.2196,32.8508],[74.2192,32.86],[74.2083,32.8597],[74.2074,32.8781],[74.1964,32.8777],[74.1851,32.8865],[74.163,32.8858],[74.1516,32.8946],[74.1189,32.8934],[74.1184,32.9026],[74.0634,32.9099],[74.062,32.9375],[74.0402,32.9368],[74.0407,32.9275],[74.0188,32.9268],[74.0184,32.936],[73.9965,32.9352],[73.9961,32.9444],[74.007,32.9448],[74.0065,32.954],[73.9951,32.9628],[73.9733,32.962],[73.9723,32.9804],[73.9609,32.9894],[73.9505,32.9796],[73.9396,32.9792],[73.9391,32.9886],[73.917,32.9878],[73.9165,32.997],[73.9056,32.9966],[73.9051,33.0058],[73.8942,33.0054],[73.8947,32.9962],[73.8728,32.9954],[73.8724,33.0046],[73.8287,33.003],[73.8301,32.9752],[73.8192,32.9748],[73.8088,32.9652],[73.7869,32.9644],[73.7859,32.983],[73.7969,32.9834],[73.7959,33.0018],[73.785,33.0014],[73.7845,33.0106],[73.7736,33.0102],[73.7731,33.0194],[73.7622,33.019],[73.7617,33.0282],[73.7508,33.0278],[73.7488,33.0646],[73.7379,33.0642],[73.7374,33.0734],[73.7155,33.0726],[73.715,33.0818],[73.693,33.0809],[73.6925,33.0901],[73.6602,33.0797],[73.6597,33.0889],[73.6487,33.0885],[73.6383,33.0789],[73.6378,33.0881],[73.6264,33.0969],[73.6373,33.0973],[73.6348,33.1433],[73.6463,33.1345],[73.6453,33.1531],[73.6557,33.1627],[73.6562,33.1535],[73.6666,33.1631],[73.6642,33.2091],[73.6532,33.2087],[73.6528,33.2179],[73.6418,33.2175],[73.6423,33.2083],[73.6314,33.2079],[73.6304,33.2263],[73.6413,33.2267],[73.6408,33.2359],[73.6189,33.235],[73.6184,33.2442],[73.6075,33.2438],[73.607,33.253],[73.6179,33.2534],[73.6174,33.2626],[73.6065,33.2622],[73.605,33.2898],[73.6159,33.2902],[73.6045,33.299],[73.5936,33.2986],[73.5921,33.3261],[73.603,33.3266],[73.6025,33.3358],[73.5696,33.3345],[73.5691,33.3437],[73.5801,33.3441],[73.5796,33.3533],[73.5686,33.3529],[73.5666,33.3899],[73.5776,33.3903],[73.5771,33.3995],[73.588,33.3999],[73.5875,33.4091],[73.5985,33.4095],[73.598,33.4187],[73.587,33.4183],[73.5865,33.4275],[73.5975,33.4279],[73.597,33.4371],[73.6294,33.4475],[73.6169,33.4747],[73.606,33.4742],[73.6045,33.5018],[73.6155,33.5022],[73.615,33.5114],[73.6254,33.521],[73.6364,33.5214],[73.6359,33.5306],[73.6244,33.5394],[73.6224,33.5761],[73.611,33.5849],[73.6,33.5845],[73.5995,33.5937],[73.6105,33.5941],[73.61,33.6033],[73.5765,33.6112],[73.565,33.6202],[73.5755,33.6298],[73.574,33.6573],[73.563,33.6569],[73.5625,33.6661],[73.5735,33.6665],[73.573,33.6757],[73.594,33.6949],[73.5935,33.7041],[73.6045,33.7045],[73.6025,33.7412],[73.5915,33.7408],[73.5905,33.7592],[73.5795,33.7588],[73.568,33.7675],[73.5675,33.7767],[73.5565,33.7763],[73.556,33.7855],[73.567,33.7859],[73.5655,33.8134],[73.5765,33.8139],[73.5745,33.8508],[73.5855,33.8512],[73.5844,33.8695],[73.595,33.8791],[73.5939,33.8975],[73.5829,33.8971],[73.5824,33.9062],[73.5594,33.9238],[73.5589,33.9329],[73.5479,33.9325],[73.5469,33.9509],[73.5359,33.9504],[73.5344,33.978],[73.5228,33.9867],[73.5223,33.9959],[73.5113,33.9955],[73.5108,34.0046],[73.5218,34.0051],[73.5208,34.0234],[73.5098,34.023],[73.5073,34.0689],[73.4962,34.0684],[73.4952,34.087],[73.5057,34.0966],[73.4942,34.1053],[73.4886,34.2062],[73.4996,34.2066],[73.4991,34.2158],[73.476,34.2332],[73.474,34.2699],[73.485,34.2703],[73.484,34.2887],[73.4729,34.2882],[73.4734,34.2791],[73.4514,34.2782],[73.4619,34.2878],[73.4503,34.2965],[73.4488,34.3242],[73.4377,34.3238],[73.4141,34.3504],[73.403,34.35],[73.402,34.3683],[73.3909,34.3679],[73.4015,34.3775],[73.4125,34.3779],[73.4115,34.3962],[73.422,34.4058],[73.421,34.4242],[73.4321,34.4246],[73.4315,34.4337],[73.42,34.4425],[73.431,34.4429],[73.4305,34.4521],[73.4189,34.4608],[73.4295,34.4704],[73.429,34.4795],[73.44,34.48],[73.4385,34.5074],[73.4269,34.5162],[73.4264,34.5253],[73.4374,34.5258],[73.448,34.5353],[73.4459,34.5722],[73.468,34.573],[73.4686,34.5639],[73.4791,34.5734],[73.5123,34.5747],[73.5128,34.5656],[73.535,34.5664],[73.5345,34.5756],[73.5455,34.576],[73.545,34.5851],[73.6115,34.5876],[73.612,34.5785],[73.6233,34.5789],[73.6238,34.5698],[73.6353,34.561],[73.6464,34.5614],[73.657,34.571],[73.655,34.6076],[73.6661,34.608],[73.6656,34.6172],[73.6973,34.6459],[73.6968,34.655],[73.6631,34.663],[73.6621,34.6813],[73.6726,34.6908],[73.6837,34.6912],[73.6827,34.7095],[73.6933,34.7191],[73.7044,34.7195],[73.7039,34.7289],[73.7246,34.7571],[73.7241,34.7663],[73.7347,34.7758],[73.7458,34.7762],[73.7453,34.7854],[73.7781,34.7958],[73.7785,34.7866],[73.7891,34.7962],[73.8113,34.797],[73.8229,34.7882],[73.8325,34.8161],[73.8439,34.8165],[73.8444,34.8073],[73.8666,34.8081],[73.8661,34.8173],[73.8993,34.8185],[73.8998,34.8093],[73.922,34.8101],[73.9215,34.8193],[73.9322,34.8288],[73.9543,34.8296],[73.9539,34.8387],[73.965,34.8391],[73.9635,34.8666],[73.9968,34.8678],[73.9964,34.8769],[74.0079,34.8681],[74.0075,34.8773],[74.0186,34.8777],[74.019,34.8685],[74.0301,34.8689],[74.0292,34.8872],[74.0403,34.8876],[74.0384,34.9242],[74.0606,34.925],[74.0601,34.9341],[74.0713,34.9345],[74.0703,34.9528],[74.0592,34.9524],[74.0573,34.9892],[74.068,34.9987],[74.0904,34.9995],[74.09,35.0086],[74.1011,35.009],[74.1117,35.0185],[74.1006,35.0182],[74.0997,35.0364],[74.0774,35.0357],[74.077,35.0448],[74.0656,35.0444],[74.0652,35.0536],[74.0765,35.054],[74.0756,35.0722],[74.0867,35.0726],[74.0964,35.1004],[74.1298,35.1016],[74.1293,35.1107],[74.1061,35.1282],[74.1057,35.1374],[74.1168,35.1377],[74.1163,35.1469],[74.1052,35.1465],[74.0945,35.137],[74.0714,35.1545],[74.0605,35.145],[74.0271,35.1438],[74.0266,35.1529],[74.015,35.1617],[74.0039,35.1613],[74.0029,35.1796],[73.9695,35.1784],[73.9589,35.1689],[73.9478,35.1685],[73.9473,35.1776],[73.9236,35.2044],[73.9124,35.204],[73.9008,35.2128],[73.8786,35.212],[73.8679,35.2025],[73.8568,35.2021],[73.8442,35.2291],[73.8331,35.2287],[73.8214,35.2374],[73.7655,35.2354],[73.766,35.2262],[73.7549,35.2258],[73.7336,35.2067],[73.7104,35.2242],[73.7099,35.2333],[73.7205,35.2429],[73.718,35.2885],[73.6947,35.306],[73.6912,35.3699],[73.7125,35.389],[73.7222,35.4168],[73.7333,35.4172],[73.7871,35.4559],[73.7837,35.5198],[73.7725,35.5194],[73.7608,35.5281],[73.7274,35.5269],[73.7264,35.5451],[73.6594,35.5427],[73.636,35.5601],[73.6355,35.5692],[73.6244,35.5688],[73.6137,35.5593],[73.5914,35.5584],[73.5919,35.5493],[73.547,35.5476],[73.5465,35.5568],[73.5348,35.5655],[73.5236,35.5651],[73.513,35.5555],[73.4907,35.5547],[73.4902,35.5638],[73.479,35.5634],[73.4785,35.5725],[73.4673,35.5721],[73.4567,35.5625],[73.3897,35.56],[73.3769,35.5869],[73.3652,35.5956],[73.3541,35.5952],[73.3424,35.6038],[73.32,35.603],[73.3083,35.6117],[73.2858,35.6108],[73.2852,35.6199],[73.2629,35.619],[73.2624,35.6282],[73.2155,35.6631],[73.215,35.6722],[73.1926,35.6713],[73.1692,35.6887],[73.158,35.6882],[73.1575,35.6973],[73.1457,35.706],[73.1346,35.7056],[73.1228,35.7142],[73.1218,35.7325],[73.1318,35.7511],[73.1201,35.7598],[73.1196,35.7689],[73.1302,35.7785],[73.1291,35.7967],[73.1387,35.8245],[73.1498,35.8249],[73.1493,35.834],[73.1381,35.8336],[73.1376,35.8427],[73.1146,35.8509],[73.0794,35.8771],[73.0682,35.8767],[73.0576,35.8671],[73.0581,35.8578],[73.0467,35.8573],[73.0361,35.8478],[73.0137,35.8469],[73.0019,35.8555],[72.9684,35.8542],[72.9577,35.8446],[72.9242,35.8432],[72.9135,35.8337],[72.9018,35.8423],[72.8906,35.8419],[72.8889,35.8694],[72.8771,35.878],[72.8553,35.868],[72.8329,35.8671],[72.8212,35.8757],[72.8206,35.8848],[72.81,35.8752],[72.8111,35.857],[72.7885,35.8561],[72.7896,35.8377],[72.7673,35.8367],[72.7567,35.8272],[72.7561,35.8363],[72.7449,35.8358],[72.7443,35.8449],[72.7331,35.8444],[72.7325,35.8537],[72.7213,35.8533],[72.6895,35.8243],[72.6783,35.8239],[72.6436,35.8406],[72.643,35.85],[72.6318,35.8495],[72.6312,35.8586],[72.5865,35.8567],[72.5747,35.8653],[72.5735,35.8835],[72.5621,35.883],[72.5609,35.9012],[72.5503,35.8916],[72.5391,35.8912],[72.5385,35.9003],[72.5273,35.8998],[72.5155,35.9084],[72.5137,35.9357],[72.5243,35.9453],[72.5355,35.9458],[72.5344,35.964],[72.5456,35.9645],[72.5444,35.9827],[72.5556,35.9832],[72.5664,35.9928],[72.5652,36.011],[72.5876,36.0119],[72.5865,36.0302],[72.5753,36.0297],[72.5747,36.0388],[72.5629,36.0474],[72.5402,36.0464],[72.5166,36.0637],[72.5154,36.0821],[72.5248,36.1098],[72.5354,36.1194],[72.5348,36.1285],[72.5461,36.129],[72.5569,36.1386],[72.5563,36.1477],[72.5449,36.1472],[72.5443,36.1563],[72.5557,36.1568],[72.5319,36.174],[72.5431,36.1745],[72.5419,36.1927],[72.5534,36.1932],[72.5413,36.2018],[72.574,36.2214],[72.5722,36.2489],[72.5835,36.2494],[72.5829,36.2585],[72.6053,36.2594],[72.6047,36.2685],[72.6272,36.2695],[72.639,36.2609],[72.6615,36.2618],[72.6621,36.2527],[72.6733,36.2532],[72.6727,36.2623],[72.6833,36.2719],[72.7058,36.2728],[72.7165,36.2824],[72.7159,36.2915],[72.7271,36.2919],[72.7265,36.301],[72.749,36.302],[72.7608,36.2933],[72.7597,36.3115],[72.7824,36.3125],[72.7818,36.3216],[72.793,36.322],[72.7925,36.3311],[72.8037,36.3316],[72.8025,36.3498],[72.8132,36.3593],[72.8244,36.3598],[72.8351,36.3694],[72.8469,36.3607],[72.8582,36.3612],[72.8463,36.3698],[72.8576,36.3703],[72.8683,36.3798],[72.8677,36.3889],[72.8789,36.3894],[72.8671,36.398],[72.8666,36.4071],[72.8772,36.4167],[72.8536,36.4339],[72.8761,36.4348],[72.8755,36.4439],[72.8868,36.4444],[72.9081,36.4635],[72.9087,36.4544],[72.9424,36.4558],[72.9419,36.4648],[72.9531,36.4653],[72.9537,36.4562],[72.9874,36.4576],[72.9863,36.4757],[72.9751,36.4753],[72.9739,36.4937],[72.9846,36.5032],[72.9734,36.5028],[72.9728,36.5118],[73.0288,36.5232],[73.0282,36.5323],[73.0507,36.5332],[73.0496,36.5513],[73.0823,36.5709],[73.0812,36.589],[73.0924,36.5895],[73.0913,36.6076],[73.1026,36.6081],[73.079,36.6254],[73.0756,36.6798],[73.0644,36.6794],[73.0751,36.6889],[73.0638,36.6885],[73.0633,36.6976],[73.0745,36.698],[73.0982,36.6807],[73.1207,36.6816],[73.1202,36.6907],[73.1535,36.7011],[73.1749,36.7202],[73.1867,36.7115],[73.1878,36.6934],[73.2216,36.6947],[73.2324,36.7042],[73.2318,36.7133],[73.2439,36.7046],[73.3116,36.7072],[73.311,36.7163],[73.3449,36.7176],[73.3556,36.7271],[73.3551,36.7362],[73.3669,36.7275],[73.4007,36.7288],[73.4115,36.7383],[73.4227,36.7388],[73.4233,36.7297],[73.4684,36.7314],[73.4689,36.7223],[73.4802,36.7227],[73.4807,36.7136],[73.5035,36.7145],[73.5143,36.724],[73.5153,36.7058],[73.5379,36.7067],[73.5486,36.7162],[73.5491,36.7071],[73.5599,36.7166],[73.5825,36.7174],[73.584,36.6902],[73.6291,36.6918],[73.6286,36.7009],[73.6399,36.7013],[73.6517,36.6926],[73.6629,36.693],[73.6634,36.684],[73.6973,36.6852],[73.6963,36.7033],[73.7075,36.7038],[73.707,36.7128],[73.7296,36.7136],[73.7301,36.7046],[73.7642,36.7058],[73.7759,36.6971],[73.7754,36.7062],[73.7862,36.7157],[73.8088,36.7165],[73.8206,36.7078],[73.8431,36.7086],[73.8436,36.6995],[73.8774,36.7007],[73.8765,36.7189],[73.8872,36.7283],[73.8863,36.7465],[73.8745,36.7552],[73.874,36.7644],[73.8627,36.7641],[73.8622,36.7731],[73.8509,36.7727],[73.8504,36.7818],[73.8387,36.7905],[73.8048,36.7893],[73.8043,36.7984],[73.793,36.798],[73.792,36.8161],[73.7582,36.8149],[73.7464,36.8236],[73.7351,36.8232],[73.7346,36.8323],[73.7117,36.8314],[73.6999,36.8401],[73.7107,36.8496],[73.7102,36.8587],[73.6989,36.8583],[73.6984,36.8673],[73.6871,36.8669],[73.6866,36.876],[73.6753,36.8756],[73.6635,36.8843],[73.6625,36.9024],[73.6738,36.9028],[73.6733,36.9119],[73.7072,36.9131],[73.7077,36.904],[73.7195,36.8954],[73.731,36.8958],[73.7418,36.9053],[73.7644,36.9061],[73.7649,36.897],[73.7988,36.8982],[73.7993,36.8891],[73.8106,36.8895],[73.8214,36.899],[73.8553,36.9002],[73.8907,36.8742],[73.9015,36.8836],[73.9128,36.884],[73.9363,36.8667],[73.9368,36.8576],[73.9481,36.858],[73.9491,36.8398],[73.9717,36.8406],[73.9837,36.8319],[74.0176,36.8331],[74.0181,36.824],[74.0293,36.8244],[74.0298,36.8153],[74.0411,36.8157],[74.0416,36.8066],[74.0632,36.8255],[74.0627,36.8346],[74.074,36.835],[74.0849,36.8445],[74.0966,36.8358],[74.1192,36.8365],[74.1408,36.8554],[74.139,36.8917],[74.1503,36.8921],[74.1498,36.9012],[74.1606,36.9106],[74.1719,36.911],[74.1837,36.9023],[74.2289,36.9038],[74.2293,36.8947],[74.2635,36.8959],[74.263,36.9049],[74.2856,36.9057],[74.2852,36.9147],[74.3186,36.9249],[74.3182,36.934],[74.3295,36.9344],[74.329,36.9434],[74.3403,36.9438],[74.3399,36.9529],[74.3512,36.9532],[74.3507,36.9623],[74.362,36.9627],[74.3729,36.9721],[74.3955,36.9728],[74.395,36.9819],[74.4176,36.9826],[74.4172,36.9917],[74.5305,36.9953],[74.5314,36.9771],[74.5427,36.9775],[74.5436,36.9593],[74.5662,36.96],[74.5653,36.9782],[74.5766,36.9785],[74.5731,37.0513],[74.584,37.0607],[74.6406,37.0624],[74.6515,37.0719],[74.6628,37.0722],[74.6624,37.0813],[74.685,37.082],[74.6846,37.091],[74.7072,37.0917],[74.7089,37.0554],[74.7202,37.0558],[74.7211,37.0376],[74.7326,37.038],[74.7331,37.0289],[74.7448,37.0202],[74.7561,37.0205],[74.7553,37.0387],[74.8005,37.04],[74.801,37.0309],[74.8123,37.0313],[74.8119,37.0403],[74.8345,37.041],[74.8362,37.0045],[74.9194,36.9161],[74.919,36.9252],[74.9521,36.9443],[74.9517,36.9534],[75.0182,36.9916],[75.0408,36.9923],[75.0529,36.9744],[75.0876,36.9573],[75.1102,36.9579],[75.1652,36.9957],[75.1754,37.0233],[75.2082,37.0516],[75.2423,37.0525],[75.2759,37.0625],[75.3438,37.0643],[75.3468,36.9916],[75.3581,36.9919],[75.3585,36.9828],[75.3702,36.974],[75.3928,36.9746],[75.4038,36.984],[75.4154,36.9752],[75.4279,36.9483],[75.4063,36.9205],[75.4071,36.9023],[75.441,36.9032],[75.453,36.8853],[75.4549,36.8399],[75.4901,36.8136],[75.5243,36.8052],[75.536,36.7964],[75.5586,36.797],[75.6161,36.7711],[75.6633,36.7178],[75.6873,36.682],[75.6876,36.6729],[75.7109,36.6553],[75.7348,36.6195],[75.7351,36.6104],[75.7467,36.6107],[75.7702,36.5839],[75.8276,36.5578],[75.8501,36.5584],[75.8617,36.5495],[75.8621,36.5405],[75.8962,36.5322],[75.9766,36.4976],[76.0558,36.4903],[76.0902,36.4729],[76.148,36.4287],[76.1602,36.4016],[76.2283,36.3849],[76.2399,36.3761],[76.2402,36.367],[76.2632,36.3582],[76.353,36.3694],[76.3763,36.3423],[76.3876,36.3426],[76.4452,36.2982],[76.4464,36.2618],[76.4351,36.2616],[76.4354,36.2525],[76.4469,36.2436],[76.4694,36.2441],[76.47,36.2259],[76.4815,36.2261],[76.4818,36.217],[76.5497,36.2001],[76.5612,36.191],[76.5615,36.1819],[76.5955,36.1735],[76.618,36.1739],[76.6287,36.1924],[76.6511,36.1928],[76.6974,36.1481],[76.7086,36.1483],[76.7089,36.1392],[76.7204,36.1303],[76.7209,36.1121],[76.7099,36.1028],[76.7329,36.085],[76.7441,36.0852],[76.8127,36.05],[76.8135,36.0227],[76.7913,36.0132],[76.7694,35.9945],[76.7585,35.9761],[76.7472,35.9759],[76.7475,35.9665],[76.7363,35.9663],[76.7368,35.9481],[76.7946,35.8945],[76.7952,35.8762],[76.8071,35.8491],[76.8186,35.8402],[76.8636,35.8319],[76.932,35.7875],[76.9771,35.7883],[76.9999,35.7704],[77.0669,35.7807],[77.0666,35.7898],[77.089,35.7902],[77.1,35.7995],[77.1112,35.7997],[77.1226,35.7907],[77.1338,35.7909],[77.134,35.7818],[77.1569,35.7639],[77.1793,35.7643],[77.1685,35.7459],[77.1688,35.7365],[77.1802,35.7276],[77.2138,35.7281],[77.2592,35.7015],[77.2816,35.711],[77.2814,35.7201],[77.2925,35.7203],[77.2928,35.7111],[77.3039,35.7113],[77.3154,35.7024],[77.3265,35.7025],[77.3263,35.7117],[77.3375,35.7118],[77.3373,35.721],[77.3711,35.7124],[77.3713,35.7032],[77.3825,35.7034],[77.3829,35.6852],[77.4055,35.6764],[77.4059,35.6581],[77.4394,35.6586],[77.4409,35.5947],[77.4746,35.5861],[77.4752,35.5587],[77.4642,35.5494],[77.4644,35.5403],[77.4756,35.5404],[77.4872,35.5315],[77.476,35.5222],[77.4762,35.5128],[77.4537,35.5218],[77.4427,35.5123],[77.4315,35.5122],[77.3862,35.5391],[77.3415,35.5384],[77.3306,35.5291],[77.342,35.5201],[77.3538,35.4927],[77.399,35.466],[77.4214,35.4663],[77.4439,35.4575],[77.4886,35.4673],[77.4996,35.4766],[77.5554,35.4774],[77.634,35.4603],[77.6338,35.4694],[77.6447,35.4787],[77.6559,35.4788],[77.6786,35.4609],[77.6896,35.4702],[77.7119,35.4705],[77.7229,35.4797],[77.7222,35.5163],[77.7334,35.5164],[77.7788,35.4896],[77.8012,35.4899],[77.8231,35.5084],[77.8343,35.5086],[77.8347,35.4903],[77.8572,35.4815],[77.8573,35.4723],[77.8908,35.4727],[77.891,35.4636],[77.9133,35.4639],[77.924,35.4914],[77.9809,35.4464],[77.9807,35.4555],[77.9348,35.5098],[77.9455,35.5375],[77.9567,35.5377],[77.9675,35.5561],[77.9672,35.5743],[77.9556,35.6016],[77.9897,35.5837],[78.0567,35.5845],[78.0569,35.5754],[78.0795,35.5574],[78.0797,35.5482],[78.1469,35.5398],[78.1579,35.5491],[78.1691,35.5492],[78.1575,35.5765],[78.1684,35.5949],[78.1679,35.6222],[78.2015,35.6226],[78.2012,35.6409],[78.2122,35.6501],[78.2119,35.6684],[78.2573,35.6414],[78.2684,35.6507],[78.2682,35.6598],[78.2794,35.6599],[78.2786,35.7147],[78.2897,35.7239],[78.3232,35.7242],[78.3346,35.7152],[78.4126,35.7342],[78.4123,35.7618],[78.4233,35.771],[78.4345,35.7711],[78.4344,35.7802],[78.5131,35.7718],[78.5245,35.7628],[78.5356,35.7629],[78.6023,35.809],[78.6247,35.8092],[78.647,35.8185],[78.6691,35.8369],[78.6689,35.8552],[78.7138,35.8555],[78.7249,35.8647],[78.7811,35.8651],[78.8372,35.8564],[78.8708,35.8657],[78.9268,35.8661],[78.9716,35.8937],[79.0281,35.8485],[79.129,35.8399],[79.129,35.8308],[79.1402,35.8308],[79.1849,35.8493],[79.2071,35.8767],[79.2066,35.9497],[79.2178,35.9497],[79.2289,35.968],[79.2515,35.9864],[79.3637,35.9868],[79.3973,35.996],[79.4085,35.987],[79.4314,35.905],[79.4426,35.8959],[79.4653,35.8868],[79.5326,35.8779],[79.5663,35.8689],[79.5888,35.8507],[79.6784,35.8326],[79.7233,35.8145],[79.746,35.7963],[79.9028,35.7782],[79.914,35.7873],[79.914,35.7964],[79.9252,35.7964],[79.959,35.8238],[80.015,35.8238],[80.0486,35.7964],[80.0821,35.7232],[80.1157,35.6958],[80.1268,35.6593],[80.1827,35.641],[80.2163,35.641],[80.317,35.586],[80.3169,35.531],[80.3281,35.531],[80.3502,35.4579],[80.3166,35.4397],[80.2942,35.4123],[80.2941,35.3484],[80.2828,35.3025],[80.2605,35.2751],[80.2266,35.1746],[80.1819,35.1289],[80.1819,35.1014],[80.1929,35.0555],[80.1706,34.964],[80.1483,34.9274],[80.1483,34.9091],[80.126,34.8725],[80.0926,34.8265],[80.0704,34.8082],[80.0703,34.6892],[80.0149,34.68],[79.9705,34.68],[79.9705,34.6708],[79.9594,34.6615],[79.9259,34.6708],[79.8704,34.6708],[79.8151,34.6247],[79.7818,34.6064],[79.7708,34.5972],[79.793,34.5881],[79.793,34.5789],[79.7709,34.5514],[79.7709,34.533],[79.8263,34.5148],[79.8153,34.4781],[79.8042,34.4689],[79.7489,34.4688],[79.7489,34.4597],[79.7376,34.4596],[79.7265,34.4688],[79.6158,34.4777],[79.6047,34.4869],[79.5936,34.4869],[79.5604,34.4684],[79.5383,34.4684],[79.5273,34.4592],[79.5162,34.4592],[79.5273,34.45],[79.5275,34.404],[79.5717,34.4041],[79.5608,34.3765],[79.572,34.3215],[79.5943,34.2757],[79.5945,34.2298],[79.5724,34.2114],[79.5614,34.2114],[79.5614,34.2022],[79.5504,34.2022],[79.5504,34.1928],[79.5172,34.2021],[79.4952,34.1835],[79.4955,34.1192],[79.4513,34.0824],[79.4292,34.0823],[79.4182,34.0731],[79.4184,34.0364],[79.4406,34.0181],[79.4406,34.0089],[79.4186,33.9996],[79.3743,34.027],[79.2751,34.0266],[79.264,34.0358],[79.2306,34.0448],[79.2196,34.0447],[79.2086,34.0355],[79.2085,34.0447],[79.1533,34.0536],[79.1424,34.0352],[79.1426,34.0168],[79.1095,34.0075],[79.0765,34.0073],[79.0211,34.0345],[78.999,34.0344],[78.9548,34.0158],[78.9221,33.9788],[78.9223,33.9511],[78.967,33.8871],[79.0121,33.7863],[79.0342,33.7864],[79.0673,33.7682],[79.0345,33.7404],[79.0238,33.7126],[79.0128,33.7033],[79.0351,33.6759],[79.0681,33.6761],[79.079,33.6853],[79.0904,33.6302],[79.1015,33.6119],[79.0685,33.6209],[79.0355,33.6207],[78.9694,33.6111],[78.9364,33.6201],[78.9253,33.6293],[78.9143,33.6292],[78.9034,33.6199],[78.9035,33.6107],[78.9145,33.6016],[78.9038,33.5739],[78.9482,33.5282],[78.9373,33.519],[78.9266,33.4819],[78.927,33.4451],[78.9383,33.4084],[78.9716,33.3626],[78.9831,33.3258],[79.016,33.326],[79.104,33.2897],[79.1917,33.2902],[79.2245,33.2995],[79.2574,33.2905],[79.2907,33.2722],[79.3345,33.2724],[79.3564,33.2817],[79.3783,33.2818],[79.3893,33.2726],[79.4332,33.2633],[79.4442,33.2542],[79.4552,33.2358],[79.4444,33.1989],[79.4227,33.162],[79.3683,33.1066],[79.3684,33.0788],[79.3794,33.0696],[79.3905,33.042],[79.3796,33.0235],[79.3578,33.0142],[79.325,33.0141],[79.3251,33.0049],[79.336,33.0049],[79.347,32.9866],[79.358,32.9866],[79.358,32.9774],[79.369,32.9774],[79.369,32.9682],[79.38,32.9591],[79.4018,32.9591],[79.4129,32.9407],[79.4567,32.904],[79.4678,32.8764],[79.5228,32.8303],[79.5339,32.8027],[79.5339,32.7843],[79.5448,32.7843],[79.5558,32.7659],[79.5886,32.766],[79.5995,32.7568],[79.5995,32.7475],[79.6105,32.7384],[79.6105,32.7199],[79.5888,32.7106],[79.5779,32.683],[79.5344,32.6552],[79.5236,32.6275],[79.4911,32.5995],[79.4803,32.5718],[79.4474,32.5625],[79.4366,32.5348],[79.415,32.5162],[79.3932,32.5162],[79.3822,32.5254],[79.3712,32.5622],[79.3384,32.5713],[79.3165,32.5897],[79.3056,32.5896],[79.2949,32.5619],[79.284,32.5619],[79.2841,32.5434],[79.2622,32.5249],[79.2296,32.5155],[79.1971,32.4877],[79.1864,32.4692],[79.121,32.4688],[79.1321,32.4412],[79.1323,32.4135],[79.1106,32.4134],[79.0999,32.3855],[79.0891,32.3762],[79.0782,32.3761],[79.0673,32.3853],[79.0455,32.3852],[79.0021,32.3757],[78.9695,32.3386],[78.9476,32.3569],[78.9476,32.3661],[78.9258,32.366],[78.9257,32.3752],[78.882,32.3936],[78.8382,32.4302],[78.8273,32.4301],[78.8053,32.4484],[78.7942,32.476],[78.7719,32.5035],[78.7716,32.5312],[78.7606,32.5403],[78.7603,32.568],[78.7821,32.5958],[78.7706,32.6236],[78.7487,32.6419],[78.7482,32.688],[78.7373,32.6879],[78.7266,32.6694],[78.6831,32.6506],[78.6613,32.6504],[78.629,32.6225],[78.6184,32.5946],[78.5637,32.6125],[78.5419,32.6123],[78.4984,32.5843],[78.4766,32.5841],[78.4767,32.5749],[78.4224,32.5651],[78.4226,32.5467],[78.4117,32.5466],[78.4121,32.5189],[78.4231,32.5098],[78.4558,32.5101],[78.4559,32.5009],[78.4668,32.501],[78.4671,32.4733],[78.4564,32.464],[78.4894,32.4366],[78.5005,32.4182],[78.5334,32.4185],[78.5336,32.4001],[78.5227,32.4],[78.5122,32.372],[78.4797,32.344],[78.4806,32.2702],[78.4591,32.2515],[78.4592,32.2423],[78.481,32.2425],[78.4919,32.2333],[78.5027,32.2427],[78.5464,32.2431],[78.5571,32.2524],[78.5681,32.2433],[78.579,32.2434],[78.6119,32.2159],[78.6124,32.1698],[78.6017,32.1604],[78.6018,32.151],[78.6128,32.1419],[78.6131,32.1142],[78.6565,32.1145],[78.6566,32.1053],[78.6674,32.1054],[78.6785,32.087],[78.6787,32.0685],[78.6895,32.0686],[78.7005,32.0595],[78.7006,32.0502],[78.7114,32.0503],[78.7225,32.0319],[78.7333,32.032],[78.7445,32.0044],[78.7553,32.0044],[78.7662,31.9953],[78.7882,31.9955],[78.7884,31.9677],[78.7776,31.9492],[78.7777,31.9307],[78.7455,31.9025],[78.7565,31.8934],[78.7566,31.8841],[78.7458,31.8748],[78.7461,31.8471],[78.7354,31.8378],[78.7356,31.8193],[78.7247,31.8192],[78.714,31.8099],[78.7144,31.7729],[78.7363,31.7546],[78.7364,31.7453],[78.7255,31.7453],[78.7364,31.7361],[78.7366,31.7176],[78.7475,31.7177],[78.7477,31.6899],[78.7586,31.69],[78.7587,31.6806],[78.8021,31.6809],[78.8025,31.6439],[78.8568,31.6166],[78.8569,31.6073],[78.8247,31.5886],[78.8248,31.5793],[78.8033,31.5607],[78.7815,31.5605],[78.7816,31.5513],[78.7709,31.542],[78.7493,31.5418],[78.7386,31.5325],[78.7387,31.5232],[78.7279,31.5231],[78.7281,31.5046],[78.739,31.4955],[78.7392,31.4768],[78.7499,31.4861],[78.7715,31.4863],[78.7716,31.477],[78.7824,31.4678],[78.8152,31.4496],[78.8156,31.4126],[78.8049,31.4032],[78.7941,31.4032],[78.7942,31.3939],[78.8482,31.385],[78.8483,31.3758],[78.8592,31.3666],[78.8596,31.3203],[78.8814,31.302],[78.9034,31.2557],[78.9357,31.2559],[78.9463,31.2745],[78.9459,31.3209],[78.9673,31.3396],[78.9889,31.3397],[78.9888,31.349],[78.9998,31.349],[79.0105,31.3583],[79.021,31.3954],[79.0531,31.4234],[79.0529,31.4511],[79.0636,31.4604],[79.0744,31.4605],[79.0745,31.4512],[79.0853,31.4513],[79.0854,31.4421],[79.107,31.4422],[79.107,31.4329],[79.1286,31.433],[79.1395,31.4238],[79.1503,31.4239],[79.1612,31.4054],[79.1829,31.3871],[79.183,31.3685],[79.1938,31.3686],[79.1938,31.3593],[79.2046,31.3594],[79.2047,31.3501],[79.2155,31.3502],[79.2155,31.3409],[79.2263,31.341],[79.2264,31.3317],[79.2479,31.3318],[79.248,31.3226],[79.2373,31.3133],[79.2697,31.2949],[79.2698,31.2762],[79.2591,31.2762],[79.2591,31.2669],[79.2483,31.2669],[79.2485,31.2391],[79.2811,31.2392],[79.2811,31.23],[79.2919,31.23],[79.292,31.2115],[79.3028,31.2116],[79.3031,31.156],[79.3139,31.1561],[79.314,31.1376],[79.3248,31.1283],[79.3463,31.1284],[79.3464,31.1192],[79.4002,31.1101],[79.4004,31.0823],[79.4111,31.0824],[79.4112,31.0731],[79.4219,31.0732],[79.4222,31.0267],[79.4437,31.0267],[79.4544,31.036],[79.5084,31.0362],[79.5084,31.0269],[79.5192,31.027],[79.5192,31.0177],[79.53,31.0177],[79.5301,30.9992],[79.5408,30.99],[79.5516,30.99],[79.5516,30.9808],[79.5409,30.9807],[79.5517,30.953],[79.584,30.9531],[79.584,30.9438],[79.6163,30.9439],[79.6162,30.9531],[79.6377,30.9532],[79.6484,30.9625],[79.6592,30.9625],[79.6699,30.9718],[79.6592,30.9718],[79.6591,30.981],[79.6806,30.9811],[79.6914,30.9718],[79.7022,30.9718],[79.7129,30.9811],[79.7129,30.9719],[79.7237,30.9811],[79.7344,30.9812],[79.7561,31.009],[79.7561,30.9997],[79.7669,30.9997],[79.7669,30.9905],[79.7884,30.9905],[79.7991,30.9812],[79.8099,30.9813],[79.8099,30.972],[79.8529,30.972],[79.8529,30.9813],[79.8637,30.972],[79.8744,30.9721],[79.8744,30.9628],[79.8852,30.9535],[79.8852,30.9165],[79.9067,30.9165],[79.9067,30.9072],[79.9175,30.9072],[79.9175,30.898],[79.9282,30.898],[79.9282,30.8795],[79.939,30.8795],[79.939,30.8887],[79.9607,30.8887],[79.9714,30.8795],[79.9929,30.8795],[79.9929,30.8702],[80.0037,30.8702],[80.0037,30.8609],[80.0144,30.8609],[80.0144,30.8517],[80.0251,30.8517],[80.0466,30.8331],[80.0466,30.8424],[80.0573,30.8424],[80.0573,30.8239],[80.0681,30.8239],[80.0788,30.8146],[80.0788,30.8051],[80.0895,30.8051],[80.0895,30.7959],[80.1003,30.7866],[80.111,30.7866],[80.111,30.7773],[80.1324,30.7773],[80.1325,30.7866],[80.1539,30.7866],[80.154,30.8051],[80.1862,30.8051],[80.1861,30.7865],[80.1969,30.7865],[80.1968,30.7772],[80.2076,30.7772],[80.1968,30.768],[80.2076,30.7587],[80.2075,30.7494],[80.24,30.7587],[80.24,30.7494],[80.2507,30.7401],[80.2506,30.7216],[80.2399,30.7123],[80.2398,30.6845],[80.1967,30.6846],[80.1967,30.6568],[80.2074,30.6568],[80.2074,30.6475],[80.2181,30.6475],[80.218,30.6289],[80.2073,30.6289],[80.2073,30.6197],[80.218,30.6197],[80.218,30.6104],[80.229,30.6011],[80.2289,30.5731],[80.2503,30.5731],[80.2503,30.5638],[80.2825,30.5637],[80.2825,30.573],[80.2932,30.573],[80.2932,30.5637],[80.3146,30.5637],[80.3467,30.5358],[80.3574,30.5358],[80.3573,30.5265],[80.3681,30.5265],[80.3787,30.5172],[80.4109,30.5171],[80.4109,30.5264],[80.4216,30.5264],[80.4216,30.5171],[80.4432,30.4985],[80.4539,30.4985],[80.4538,30.4892],[80.4967,30.4891],[80.4966,30.4798],[80.5073,30.4798],[80.5393,30.4518],[80.55,30.4518],[80.5501,30.4611],[80.5608,30.461],[80.5608,30.4703],[80.5715,30.4703],[80.5716,30.4795],[80.6037,30.4794],[80.6144,30.4701],[80.6143,30.4608],[80.6464,30.4514],[80.6463,30.4422],[80.6784,30.442],[80.6784,30.4328],[80.6891,30.4327],[80.7,30.4234],[80.6999,30.4141],[80.7106,30.4141],[80.7106,30.4048],[80.732,30.4047],[80.7426,30.3954],[80.7533,30.3953],[80.7533,30.3861],[80.7745,30.3674],[80.7745,30.3581],[80.7852,30.3581],[80.7851,30.3395],[80.7958,30.3395],[80.7957,30.33],[80.8064,30.33],[80.8063,30.3207],[80.817,30.3114],[80.8383,30.3113],[80.849,30.3019],[80.9026,30.2924],[80.9346,30.2829],[80.9452,30.2736],[80.9666,30.2734],[80.9772,30.2641],[81.0093,30.2639],[81.0092,30.2546],[81.0199,30.2546],[81.0305,30.2452],[81.0302,30.2174],[81.0409,30.2173],[81.0408,30.1988],[81.0194,30.1989],[81.0193,30.1896],[80.9766,30.1899],[80.9765,30.1806],[80.9338,30.1809],[80.9232,30.1902],[80.9234,30.218],[80.902,30.2181],[80.902,30.2089],[80.8911,30.2089],[80.8909,30.1904],[80.8802,30.1812],[80.8695,30.1812],[80.8692,30.1441],[80.8799,30.144],[80.8798,30.1255],[80.8584,30.1256],[80.8584,30.1163],[80.837,30.1164],[80.8369,30.1072],[80.8476,30.1071],[80.8475,30.0976],[80.8155,30.0978],[80.8155,30.0885],[80.8048,30.0886],[80.8047,30.0793],[80.7941,30.0793],[80.794,30.0701],[80.7833,30.0701],[80.7832,30.0515],[80.7619,30.0516],[80.7618,30.0424],[80.7511,30.0424],[80.7511,30.0331],[80.7618,30.0331],[80.7617,30.0238],[80.751,30.0239],[80.7509,30.0053],[80.7403,30.0053],[80.7402,29.9961],[80.7082,29.9962],[80.7081,29.9869],[80.6975,29.987],[80.6974,29.9777],[80.6865,29.9777],[80.6864,29.9592],[80.6331,29.9594],[80.6332,29.9687],[80.6225,29.9687],[80.6225,29.9594],[80.6011,29.9595],[80.6011,29.9502],[80.5904,29.9503],[80.5904,29.941],[80.5797,29.941],[80.5796,29.9223],[80.569,29.9223],[80.5688,29.8759],[80.5581,29.8759],[80.558,29.8481],[80.5367,29.8481],[80.5366,29.8388],[80.526,29.8389],[80.526,29.8296],[80.5153,29.8296],[80.5153,29.8203],[80.5046,29.8204],[80.5046,29.8111],[80.4939,29.8111],[80.4939,29.7926],[80.4832,29.7926],[80.4726,29.8019],[80.43,29.802],[80.43,29.7927],[80.4084,29.7928],[80.4084,29.7742],[80.3977,29.7743],[80.3977,29.7557],[80.387,29.7557],[80.387,29.7464],[80.3657,29.7465],[80.3656,29.7186],[80.3763,29.7186],[80.3762,29.6905],[80.3868,29.6905],[80.3867,29.6626],[80.408,29.6626],[80.408,29.6533],[80.4186,29.6533],[80.4185,29.6254],[80.4079,29.6254],[80.4078,29.5883],[80.3971,29.5883],[80.3971,29.579],[80.3865,29.579],[80.3864,29.5698],[80.3758,29.5698],[80.3758,29.5605],[80.3652,29.5605],[80.3651,29.5512],[80.3439,29.5513],[80.3439,29.542],[80.3545,29.542],[80.3544,29.5234],[80.3438,29.5141],[80.3332,29.5141],[80.3331,29.5048],[80.3119,29.5049],[80.3118,29.4863],[80.2906,29.4864],[80.2905,29.4583],[80.3012,29.4583],[80.3011,29.449],[80.248,29.4491],[80.2479,29.4026],[80.2586,29.4026],[80.2585,29.3933],[80.2692,29.3933],[80.2691,29.384],[80.2797,29.384],[80.2797,29.3747],[80.2691,29.3747],[80.2691,29.3654],[80.2797,29.3654],[80.2796,29.3375],[80.2902,29.3375],[80.2902,29.3282],[80.3008,29.3282],[80.3008,29.3189],[80.322,29.3188],[80.322,29.3002],[80.3114,29.3003],[80.3113,29.291],[80.3007,29.291],[80.3006,29.2352],[80.29,29.2352],[80.29,29.226],[80.3006,29.2259],[80.3006,29.2164],[80.29,29.2165],[80.2899,29.2072],[80.3005,29.2071],[80.3005,29.1978],[80.2793,29.1979],[80.2793,29.2072],[80.2582,29.2072],[80.2582,29.226],[80.2476,29.226],[80.2476,29.2072],[80.237,29.2072],[80.2369,29.198],[80.2475,29.1979],[80.2475,29.1886],[80.2581,29.1886],[80.2581,29.1607],[80.2686,29.1607],[80.2686,29.1421],[80.258,29.1421],[80.258,29.1328],[80.2474,29.1329],[80.2474,29.1236],[80.2368,29.1236],[80.2368,29.1143],[80.2262,29.1236],[80.2048,29.1236],[80.2048,29.1329],[80.173,29.133],[80.173,29.1237],[80.1624,29.1237],[80.1624,29.1144],[80.1518,29.1144],[80.1518,29.1051],[80.1412,29.1051],[80.1412,29.0772],[80.1306,29.0772],[80.1306,29.0214],[80.12,29.0121],[80.1306,29.0121],[80.1305,29.0028],[80.12,29.0028],[80.1199,28.984],[80.0988,28.9841],[80.0882,28.9562],[80.0776,28.9562],[80.0776,28.9376],[80.067,28.9376],[80.067,28.919],[80.0565,28.919],[80.0564,28.8818],[80.067,28.8818],[80.067,28.826],[80.1304,28.8259],[80.1303,28.8166],[80.1409,28.8166],[80.1409,28.8073],[80.1515,28.8073],[80.1515,28.798],[80.162,28.798],[80.162,28.7887],[80.1726,28.7887],[80.1726,28.7794],[80.1831,28.7794],[80.1831,28.7701],[80.2042,28.77],[80.2042,28.7607],[80.2467,28.7607],[80.2572,28.7512],[80.2678,28.7511],[80.2677,28.7325],[80.2572,28.7326],[80.2571,28.7233],[80.2677,28.7232],[80.2677,28.7139],[80.2993,28.7139],[80.2993,28.7046],[80.3204,28.7045],[80.3204,28.6766],[80.3309,28.6673],[80.3309,28.658],[80.352,28.6579],[80.3519,28.6486],[80.3625,28.6486],[80.3625,28.6393],[80.373,28.6393],[80.373,28.63],[80.3941,28.6299],[80.4046,28.6392],[80.4365,28.6391],[80.4365,28.6298],[80.4576,28.6298],[80.4575,28.6205],[80.4681,28.6204],[80.468,28.5832],[80.489,28.5832],[80.489,28.5738],[80.4995,28.5738],[80.51,28.5645],[80.51,28.5552],[80.5206,28.5551],[80.5206,28.5644],[80.5311,28.5644],[80.5312,28.5737],[80.5206,28.5737],[80.5208,28.611],[80.5102,28.611],[80.5104,28.6575],[80.4999,28.6576],[80.4999,28.6669],[80.5105,28.6668],[80.5105,28.6761],[80.5211,28.6761],[80.5211,28.6854],[80.5316,28.6854],[80.5422,28.6946],[80.5633,28.6946],[80.5633,28.6853],[80.5844,28.6852],[80.5949,28.6758],[80.5844,28.6759],[80.5843,28.6573],[80.5948,28.6572],[80.5948,28.6479],[80.6053,28.6479],[80.6158,28.6385],[80.6369,28.6385],[80.637,28.6478],[80.6475,28.6384],[80.6686,28.6383],[80.6685,28.629],[80.6791,28.629],[80.6789,28.6011],[80.6897,28.601],[80.6896,28.5824],[80.7001,28.5824],[80.7106,28.573],[80.7317,28.5729],[80.7422,28.5636],[80.7422,28.5729],[80.7633,28.5728],[80.7633,28.5635],[80.7738,28.5634],[80.7737,28.5448],[80.7842,28.5448],[80.7841,28.5261],[80.8052,28.526],[80.8051,28.5167],[80.8262,28.5166],[80.8472,28.4977],[80.8577,28.4976],[80.8578,28.5069],[80.9001,28.5067],[80.9001,28.4974],[80.9106,28.4973],[80.9105,28.488],[80.9,28.4881],[80.8999,28.4695],[80.9209,28.4694],[80.9209,28.4601],[80.9314,28.46],[80.9315,28.4693],[80.942,28.4692],[80.9419,28.4506],[80.9525,28.4599],[80.9524,28.4506],[80.9629,28.4505],[80.963,28.4598],[80.9841,28.4597],[80.9629,28.4412],[80.9734,28.4411],[80.9733,28.4318],[80.9838,28.4318],[80.9839,28.4411],[80.9944,28.441],[80.9945,28.4503],[81.0156,28.4502],[81.0154,28.4316],[81.0365,28.4314],[81.0364,28.4221],[81.0259,28.4222],[81.0153,28.413],[81.0258,28.4129],[81.0257,28.4036],[81.0363,28.4035],[81.0363,28.4128],[81.0469,28.4127],[81.0468,28.4034],[81.0573,28.4034],[81.0572,28.3941],[81.0783,28.3939],[81.0782,28.3846],[81.1098,28.3844],[81.1097,28.3751],[81.1626,28.3747],[81.1625,28.3654],[81.2151,28.365],[81.2149,28.3464],[81.2254,28.3463],[81.2253,28.3277],[81.2358,28.3276],[81.2353,28.2811],[81.2458,28.281],[81.2457,28.2715],[81.2666,28.2527],[81.2665,28.2434],[81.277,28.2433],[81.2769,28.234],[81.2874,28.2339],[81.2873,28.2246],[81.2978,28.2245],[81.3083,28.2151],[81.3082,28.2058],[81.3187,28.2057],[81.3184,28.1778],[81.3289,28.1777],[81.3183,28.1685],[81.3078,28.1686],[81.3077,28.1593],[81.3182,28.1592],[81.3286,28.1498],[81.3181,28.1499],[81.3179,28.1312],[81.3285,28.1405],[81.3707,28.1401],[81.3708,28.1494],[81.3813,28.1493],[81.3814,28.1586],[81.3709,28.1587],[81.3711,28.1773],[81.4237,28.1769],[81.4236,28.1676],[81.4446,28.1674],[81.4444,28.1488],[81.4549,28.1487],[81.4548,28.1394],[81.4652,28.1299],[81.4757,28.1299],[81.4756,28.1205],[81.4861,28.1204],[81.4755,28.1112],[81.4751,28.0831],[81.4856,28.083],[81.4855,28.0737],[81.5065,28.0735],[81.5064,28.0642],[81.5274,28.064],[81.5273,28.0547],[81.5587,28.045],[81.5585,28.0357],[81.5795,28.0355],[81.5794,28.0262],[81.6004,28.026],[81.6003,28.0167],[81.6108,28.0166],[81.6107,28.0073],[81.6214,28.0072],[81.6213,27.9978],[81.6527,27.9975],[81.6631,27.9881],[81.7051,27.9877],[81.705,27.9783],[81.7154,27.9782],[81.7258,27.9688],[81.7257,27.9595],[81.757,27.9498],[81.7569,27.9405],[81.7674,27.9404],[81.7672,27.9311],[81.7777,27.931],[81.7776,27.9217],[81.7881,27.9215],[81.788,27.9122],[81.7984,27.9121],[81.7983,27.9028],[81.83,27.9024],[81.8299,27.8931],[81.8508,27.8929],[81.8507,27.8836],[81.8612,27.8834],[81.861,27.8741],[81.8715,27.874],[81.8714,27.8647],[81.8819,27.8646],[81.8817,27.855],[81.9236,27.8545],[81.9241,27.8827],[81.9346,27.8826],[81.9347,27.8919],[81.9452,27.8917],[81.9455,27.9104],[81.956,27.9102],[81.9561,27.9196],[81.9666,27.9194],[81.9667,27.9287],[82.0506,27.9277],[82.061,27.9182],[82.0716,27.9274],[82.0714,27.9181],[82.0822,27.918],[82.0819,27.8993],[82.0923,27.8992],[82.0922,27.8899],[82.1027,27.8897],[82.1025,27.8804],[82.113,27.8803],[82.1128,27.871],[82.1233,27.8708],[82.1232,27.8615],[82.1756,27.8608],[82.1754,27.8513],[82.1964,27.851],[82.217,27.8321],[82.2275,27.8319],[82.2273,27.8226],[82.2584,27.8035],[82.2689,27.8034],[82.2687,27.7941],[82.2794,27.7939],[82.3311,27.7559],[82.3416,27.7557],[82.3519,27.7463],[82.3728,27.746],[82.3725,27.7273],[82.3829,27.7272],[82.3827,27.7179],[82.3932,27.7177],[82.393,27.7084],[82.4035,27.7082],[82.4033,27.6989],[82.4243,27.6986],[82.4241,27.6893],[82.4345,27.6891],[82.4448,27.6796],[82.4867,27.679],[82.4973,27.6881],[82.5604,27.6871],[82.5606,27.6964],[82.592,27.6959],[82.6026,27.7051],[82.6236,27.7047],[82.6238,27.714],[82.6552,27.7135],[82.6658,27.7227],[82.6656,27.7133],[82.6866,27.713],[82.6972,27.7221],[82.697,27.7128],[82.7075,27.7126],[82.7077,27.722],[82.7071,27.694],[82.7176,27.6938],[82.7168,27.6566],[82.7272,27.6564],[82.727,27.6471],[82.7377,27.6469],[82.7373,27.6283],[82.7266,27.6284],[82.7371,27.6189],[82.7369,27.6096],[82.7473,27.6094],[82.7469,27.5906],[82.7574,27.5904],[82.7572,27.5811],[82.7467,27.5813],[82.7461,27.5533],[82.7357,27.5535],[82.7355,27.5442],[82.7459,27.544],[82.7453,27.5161],[82.7349,27.5163],[82.7346,27.5069],[82.7556,27.5066],[82.7553,27.4973],[82.8285,27.496],[82.8287,27.5053],[82.8392,27.5051],[82.8494,27.4956],[82.8807,27.495],[82.8914,27.5041],[82.9332,27.5034],[82.933,27.4941],[82.9434,27.4939],[82.943,27.4752],[82.9535,27.475],[82.9532,27.4657],[83.0264,27.455],[83.0366,27.4455],[83.0473,27.4546],[83.1517,27.4526],[83.152,27.4619],[83.1624,27.4617],[83.1726,27.4521],[83.1937,27.4517],[83.1935,27.4424],[83.2039,27.4422],[83.2137,27.414],[83.2345,27.4136],[83.2343,27.4043],[83.2552,27.4038],[83.2549,27.3945],[83.2654,27.3943],[83.2651,27.385],[83.2756,27.3848],[83.2753,27.3755],[83.2649,27.3757],[83.2644,27.3568],[83.2749,27.3566],[83.2746,27.3473],[83.285,27.3471],[83.2848,27.3378],[83.3474,27.3364],[83.3581,27.3455],[83.3584,27.3549],[83.3792,27.3544],[83.3795,27.3639],[83.369,27.3642],[83.3693,27.3735],[83.3902,27.373],[83.3904,27.3823],[83.38,27.3826],[83.3802,27.3919],[83.3907,27.3917],[83.3909,27.401],[83.4014,27.4008],[83.4016,27.4101],[83.4121,27.4098],[83.4123,27.4192],[83.3914,27.4196],[83.3917,27.4289],[83.3815,27.4385],[83.3817,27.4478],[83.4026,27.4473],[83.4031,27.466],[83.3927,27.4662],[83.3929,27.4755],[83.623,27.4704],[83.6227,27.4611],[83.6436,27.4606],[83.6433,27.4513],[83.6645,27.4508],[83.7777,27.3922],[83.7986,27.3917],[83.7983,27.3824],[83.8293,27.3723],[83.8496,27.3532],[83.86,27.3529],[83.8597,27.3434],[83.8705,27.3526],[83.8708,27.362],[83.8812,27.3617],[83.8818,27.3803],[83.8716,27.3899],[83.8612,27.3902],[83.8618,27.4088],[83.8409,27.4093],[83.8412,27.4186],[83.8307,27.4189],[83.831,27.4282],[83.8414,27.4279],[83.842,27.4466],[83.8629,27.4461],[83.8626,27.4367],[83.9044,27.4357],[83.9047,27.445],[83.9258,27.4445],[83.9365,27.4536],[83.9467,27.444],[84.0093,27.4424],[84.009,27.4331],[84.0299,27.4326],[84.0302,27.4419],[84.0511,27.4413],[84.0514,27.4507],[84.0619,27.4504],[84.0625,27.469],[84.0729,27.4688],[84.0735,27.4874],[84.0944,27.4868],[84.0953,27.5148],[84.1058,27.5145],[84.1061,27.5238],[84.1165,27.5236],[84.1162,27.5142],[84.1478,27.5134],[84.1481,27.5227],[84.1469,27.4855],[84.1678,27.4849],[84.1675,27.4756],[84.2092,27.4745],[84.2083,27.4465],[84.2184,27.437],[84.2191,27.4556],[84.2608,27.4545],[84.2602,27.4358],[84.2706,27.4355],[84.27,27.4169],[84.2804,27.4166],[84.2798,27.398],[84.2902,27.3977],[84.2795,27.3887],[84.3212,27.3875],[84.3209,27.3782],[84.3942,27.3762],[84.3939,27.3669],[84.4252,27.366],[84.4255,27.3753],[84.4464,27.3747],[84.4461,27.3654],[84.4565,27.3651],[84.4562,27.3558],[84.477,27.3552],[84.4774,27.3645],[84.4878,27.3642],[84.4875,27.3549],[84.5605,27.3528],[84.5602,27.3435],[84.6021,27.3423],[84.6018,27.333],[84.6122,27.3327],[84.6126,27.342],[84.623,27.3417],[84.6227,27.3324],[84.6331,27.3321],[84.6425,27.3036],[84.6529,27.3033],[84.6522,27.2847],[84.6627,27.2844],[84.662,27.2657],[84.6724,27.2654],[84.6717,27.2468],[84.6821,27.2465],[84.6814,27.2278],[84.6919,27.2275],[84.6915,27.2182],[84.6807,27.2092],[84.679,27.1626],[84.6894,27.1623],[84.6891,27.153],[84.6787,27.1533],[84.6773,27.116],[84.6669,27.1163],[84.6665,27.107],[84.6769,27.1067],[84.6766,27.0974],[84.6662,27.0977],[84.6658,27.0882],[84.6554,27.0885],[84.6551,27.0792],[84.6446,27.0795],[84.6433,27.0422],[84.6641,27.0416],[84.6742,27.032],[84.7054,27.031],[84.705,27.0217],[84.7154,27.0214],[84.7151,27.0121],[84.7463,27.0111],[84.7564,27.0015],[84.7567,27.0108],[84.7671,27.0105],[84.7675,27.0198],[84.7779,27.0195],[84.7879,27.0099],[84.7876,27.0006],[84.798,27.0002],[84.7983,27.0096],[84.8087,27.0092],[84.8091,27.0186],[84.8405,27.0176],[84.8402,27.0083],[84.8506,27.0079],[84.8502,26.9986],[84.8606,26.9983],[84.8603,26.989],[84.8707,26.9887],[84.8703,26.9793],[84.8911,26.9787],[84.8908,26.9694],[84.9428,26.9678],[84.9528,26.9581],[84.9736,26.9574],[84.9721,26.9202],[84.9825,26.9198],[84.9822,26.9105],[84.9926,26.9102],[84.9922,26.9009],[85.0026,26.9005],[85.0022,26.8912],[85.0648,26.8892],[85.0644,26.8799],[85.0437,26.8806],[85.0433,26.8712],[85.0329,26.8716],[85.0321,26.8529],[85.0218,26.8533],[85.0737,26.8516],[85.0741,26.8609],[85.0845,26.8606],[85.0849,26.8699],[85.1888,26.8665],[85.1869,26.8197],[85.1765,26.82],[85.1753,26.7921],[85.1961,26.7914],[85.1953,26.7728],[85.2057,26.7724],[85.2053,26.7631],[85.2573,26.7614],[85.2569,26.752],[85.3298,26.7496],[85.3294,26.7403],[85.3398,26.7399],[85.3402,26.7492],[85.3505,26.7489],[85.3509,26.7582],[85.3717,26.7575],[85.3721,26.7668],[85.3825,26.7664],[85.3829,26.7758],[85.4036,26.775],[85.4044,26.7937],[85.4252,26.793],[85.4248,26.7836],[85.456,26.7826],[85.4668,26.7915],[85.4774,26.7912],[85.4778,26.8005],[85.4985,26.7997],[85.4994,26.8184],[85.5305,26.8173],[85.5313,26.8361],[85.5521,26.8354],[85.5525,26.8447],[85.5841,26.8529],[85.5845,26.8622],[85.5841,26.8529],[85.6049,26.8522],[85.6053,26.8615],[85.6157,26.8611],[85.6161,26.8704],[85.6369,26.8697],[85.6365,26.8604],[85.6469,26.86],[85.6465,26.8507],[85.6776,26.8496],[85.6772,26.8402],[85.698,26.8395],[85.6976,26.8302],[85.7183,26.8294],[85.7275,26.8009],[85.7378,26.8005],[85.7357,26.7539],[85.7253,26.7543],[85.7249,26.745],[85.7353,26.7446],[85.7345,26.726],[85.7241,26.7263],[85.722,26.6797],[85.7319,26.67],[85.7311,26.6514],[85.7417,26.651],[85.7412,26.6417],[85.762,26.6409],[85.7616,26.6316],[85.7927,26.6305],[85.8026,26.6208],[85.8022,26.6114],[85.8126,26.611],[85.8121,26.6017],[85.8329,26.601],[85.8333,26.6103],[85.854,26.6095],[85.8523,26.572],[85.873,26.5712],[85.8735,26.5808],[85.8839,26.5804],[85.8843,26.5897],[85.8947,26.5893],[85.8951,26.5986],[85.9055,26.5982],[85.9059,26.6076],[85.9269,26.6068],[85.9273,26.6161],[85.948,26.6153],[85.9485,26.6246],[85.9588,26.6242],[85.9593,26.6335],[85.9489,26.6339],[85.9494,26.6433],[85.9597,26.6429],[85.9602,26.6522],[85.9705,26.6518],[85.971,26.6611],[86.0228,26.6591],[86.0233,26.6684],[86.0747,26.6571],[86.0743,26.6478],[86.0846,26.6474],[86.0946,26.6377],[86.1153,26.6369],[86.1148,26.6275],[86.1356,26.6267],[86.1347,26.6081],[86.1554,26.6073],[86.1559,26.6166],[86.1976,26.6149],[86.1967,26.5963],[86.2381,26.5947],[86.2386,26.604],[86.249,26.6036],[86.2494,26.6129],[86.2598,26.6125],[86.2706,26.6214],[86.281,26.621],[86.2805,26.6116],[86.3013,26.6108],[86.3017,26.6201],[86.3432,26.6184],[86.3427,26.6091],[86.3635,26.6083],[86.363,26.599],[86.3943,26.5977],[86.3939,26.5884],[86.4042,26.5879],[86.4038,26.5786],[86.4348,26.5774],[86.4447,26.5676],[86.4655,26.5668],[86.465,26.5574],[86.4857,26.5566],[86.4852,26.5471],[86.506,26.5462],[86.5055,26.5369],[86.5158,26.5364],[86.5163,26.5458],[86.537,26.5449],[86.5366,26.5356],[86.5469,26.5351],[86.5464,26.5258],[86.5568,26.5254],[86.5558,26.5068],[86.5662,26.5063],[86.5657,26.497],[86.5968,26.4957],[86.5963,26.4864],[86.6274,26.4851],[86.6264,26.4664],[86.6473,26.4655],[86.6572,26.4558],[86.6986,26.454],[86.6976,26.4354],[86.7287,26.434],[86.7282,26.4247],[86.7489,26.4238],[86.7504,26.4518],[86.7607,26.4513],[86.7612,26.4606],[86.7819,26.4597],[86.7814,26.4504],[86.8125,26.4491],[86.812,26.4398],[86.8433,26.4384],[86.8438,26.4477],[86.8541,26.4473],[86.8546,26.4566],[86.8857,26.4552],[86.8862,26.4645],[86.8966,26.4641],[86.8981,26.492],[86.9292,26.4907],[86.9307,26.5186],[86.9618,26.5172],[86.9623,26.5265],[87.0037,26.5247],[87.0042,26.5342],[87.0146,26.5337],[87.0151,26.5431],[87.0255,26.5426],[87.026,26.5519],[87.0364,26.5515],[87.0374,26.5701],[87.0478,26.5696],[87.0488,26.5883],[87.0695,26.5873],[87.0674,26.55],[87.0778,26.5496],[87.0762,26.5214],[87.0866,26.521],[87.084,26.4744],[87.0938,26.4646],[87.0928,26.4459],[87.1033,26.4455],[87.1028,26.4362],[87.1333,26.4254],[87.1328,26.4161],[87.1432,26.4156],[87.153,26.4058],[87.1944,26.4039],[87.184,26.4044],[87.1846,26.4137],[87.2156,26.4123],[87.2151,26.403],[87.2254,26.4025],[87.226,26.4118],[87.2674,26.4099],[87.2652,26.3726],[87.3172,26.3702],[87.3166,26.3609],[87.327,26.3604],[87.3368,26.3506],[87.3471,26.3501],[87.3477,26.3594],[87.358,26.3589],[87.3607,26.4055],[87.3814,26.4045],[87.382,26.4139],[87.3928,26.4227],[87.4342,26.4207],[87.4348,26.43],[87.4451,26.4296],[87.4457,26.4389],[87.5181,26.4354],[87.5176,26.4261],[87.5383,26.4251],[87.5481,26.4153],[87.5475,26.406],[87.5989,26.3941],[87.5984,26.3848],[87.588,26.3853],[87.6191,26.3838],[87.6196,26.3931],[87.6506,26.3916],[87.6518,26.4102],[87.6725,26.4092],[87.673,26.4185],[87.6834,26.418],[87.6736,26.4278],[87.6742,26.4372],[87.6949,26.4361],[87.6943,26.4268],[87.7253,26.4253],[87.7242,26.4067],[87.7345,26.4061],[87.7351,26.4155],[87.7664,26.4139],[87.7675,26.4325],[87.7773,26.4227],[87.7796,26.46],[87.7899,26.4595],[87.7905,26.4688],[87.8112,26.4677],[87.8106,26.4584],[87.821,26.4579],[87.8204,26.4486],[87.8308,26.4481],[87.8302,26.4388],[87.8509,26.4377],[87.8515,26.447],[87.8618,26.4465],[87.8636,26.4745],[87.8843,26.4734],[87.8848,26.4827],[87.9055,26.4817],[87.9044,26.4631],[87.9147,26.4625],[87.9141,26.4532],[87.9038,26.4537],[87.9032,26.4444],[87.9239,26.4434],[87.9222,26.4154],[87.9429,26.4144],[87.9526,26.4045],[87.963,26.404],[87.9624,26.3947],[87.9934,26.3931],[87.9916,26.3652],[88.0332,26.363],[88.035,26.391],[88.0454,26.3904],[88.0459,26.3998],[88.0563,26.3992],[88.0569,26.4085],[88.0672,26.408],[88.0678,26.4173],[88.0782,26.4168],[88.0788,26.4261],[88.0891,26.4256],[88.0897,26.4349],[88.1,26.4343],[88.1012,26.453],[88.0909,26.4535],[88.0915,26.4628],[88.1018,26.4623],[88.1042,26.4997],[88.0945,26.5096],[88.0951,26.5189],[88.1054,26.5184],[88.1078,26.5556],[88.1182,26.5551],[88.1188,26.5644],[88.1084,26.5649],[88.109,26.5742],[88.1194,26.5737],[88.1303,26.5825],[88.1297,26.5732],[88.1321,26.6104],[88.1425,26.6099],[88.1437,26.6285],[88.1541,26.628],[88.1553,26.6466],[88.1656,26.646],[88.1698,26.7114],[88.1802,26.7109],[88.1857,26.7947],[88.1753,26.7952],[88.1771,26.8232],[88.1667,26.8237],[88.1697,26.8703],[88.1593,26.8708],[88.1605,26.8894],[88.1398,26.8905],[88.1428,26.937],[88.122,26.9381],[88.1244,26.9756],[88.1348,26.975],[88.1354,26.9843],[88.1146,26.9854],[88.1152,26.9947],[88.1048,26.9953],[88.1054,27.0046],[88.0846,27.0056],[88.0864,27.0336],[88.0656,27.0346],[88.0651,27.0253],[88.0544,27.0259],[88.055,27.0352],[88.0342,27.0362],[88.0348,27.0456],[88.0244,27.0461],[88.0262,27.074],[88.0158,27.0745],[88.017,27.0932],[88.0066,27.0937],[88.0072,27.103],[87.9864,27.1041],[87.9882,27.132],[87.9986,27.1315],[87.9992,27.1408],[88.0096,27.1402],[88.0113,27.1682],[88.0217,27.1676],[88.0223,27.1769],[88.0119,27.1775],[88.0155,27.2335],[88.0259,27.233],[88.0295,27.2888],[88.0399,27.2883],[88.0411,27.3069],[88.0515,27.3064],[88.0527,27.325],[88.0631,27.3244],[88.0649,27.3524],[88.0545,27.3529],[88.0551,27.3622],[88.0447,27.3627],[88.0483,27.4186],[88.0587,27.418],[88.0593,27.4275],[88.0697,27.427],[88.0715,27.4549],[88.0611,27.4555],[88.0617,27.4648],[88.0513,27.4653],[88.0518,27.4746],[88.0414,27.4751],[88.0432,27.503],[88.0536,27.5025],[88.0548,27.5211],[88.0653,27.5206],[88.0659,27.5299],[88.0554,27.5304],[88.056,27.5397],[88.0665,27.5392],[88.0677,27.5578],[88.0781,27.5573],[88.0799,27.5852],[88.0904,27.5846],[88.0916,27.6032],[88.1127,27.6022],[88.1151,27.6394],[88.1255,27.6388],[88.1267,27.6574],[88.1372,27.6569],[88.1378,27.6664],[88.1482,27.6659],[88.1531,27.7403],[88.174,27.7392],[88.1752,27.7578],[88.1857,27.7572],[88.1875,27.7851],[88.198,27.7846],[88.1986,27.7939],[88.1881,27.7944],[88.1893,27.813],[88.1789,27.8136],[88.1795,27.8229],[88.1899,27.8223],[88.1906,27.8316],[88.201,27.8311],[88.2022,27.8497],[88.1918,27.8502],[88.1924,27.8595],[88.1715,27.8606],[88.1721,27.8699],[88.1511,27.871],[88.1517,27.8803],[88.1308,27.8814],[88.1413,27.8808],[88.1419,27.8901],[88.1222,27.91],[88.1234,27.9286],[88.1338,27.9281],[88.1357,27.956],[88.1467,27.9647],[88.1566,27.9549],[88.1776,27.9538],[88.1769,27.9445],[88.2084,27.9429],[88.2096,27.9615],[88.2305,27.9604],[88.2311,27.9697],[88.2416,27.9691],[88.2404,27.9506],[88.2613,27.9495],[88.2619,27.9588],[88.2829,27.9577],[88.2835,27.967],[88.3152,27.9653],[88.3158,27.9746],[88.3367,27.9735],[88.3373,27.9828],[88.3478,27.9822],[88.3484,27.9915],[88.3799,27.9899],[88.3792,27.9806],[88.4107,27.9789],[88.4119,27.9975],[88.4224,27.997],[88.423,28.0063],[88.444,28.0051],[88.4446,28.0144],[88.4655,28.0133],[88.4662,28.0226],[88.4767,28.022],[88.4779,28.0406],[88.4884,28.0401],[88.489,28.0494],[88.51,28.0483],[88.5094,28.039],[88.5513,28.0367],[88.5545,28.0834],[88.565,28.0828],[88.5656,28.0921],[88.5761,28.0915],[88.5754,28.0822],[88.5859,28.0817],[88.5866,28.091],[88.6077,28.0898],[88.6084,28.0991],[88.6189,28.0985],[88.6202,28.1171],[88.6097,28.1177],[88.6103,28.127],[88.6313,28.1259],[88.6306,28.1166],[88.6411,28.116],[88.6398,28.0974],[88.6608,28.0963],[88.6602,28.087],[88.6706,28.0864],[88.67,28.0771],[88.6798,28.0672],[88.6805,28.0765],[88.7748,28.0713],[88.7735,28.0527],[88.7947,28.0516],[88.794,28.0423],[88.8045,28.0417],[88.8038,28.0322],[88.8143,28.0316],[88.8136,28.0223],[88.8346,28.0212],[88.8333,28.0026],[88.8437,28.002],[88.8385,27.9276],[88.8594,27.9264],[88.8588,27.9172],[88.8692,27.9166],[88.8679,27.898],[88.8784,27.8974],[88.8764,27.8695],[88.8868,27.8689],[88.8842,27.8315],[88.8737,27.8321],[88.8731,27.8228],[88.8626,27.8234],[88.8573,27.749],[88.8678,27.7484],[88.8671,27.7391],[88.8567,27.7397],[88.8547,27.7118],[88.8442,27.7124],[88.8416,27.6752],[88.8521,27.6746],[88.8514,27.6653],[88.841,27.6659],[88.8396,27.6473],[88.8188,27.6485],[88.8181,27.6392],[88.8077,27.6398],[88.8044,27.5931],[88.7939,27.5937],[88.7926,27.5751],[88.7822,27.5756],[88.7815,27.5663],[88.7711,27.5669],[88.7698,27.5483],[88.7802,27.5477],[88.7691,27.539],[88.7796,27.5384],[88.7789,27.5291],[88.7894,27.5286],[88.7855,27.4728],[88.775,27.4733],[88.7744,27.464],[88.7848,27.4635],[88.7835,27.4449],[88.7939,27.4443],[88.7926,27.4257],[88.803,27.4251],[88.8024,27.4158],[88.8128,27.4152],[88.8122,27.4059],[88.8017,27.4065],[88.8226,27.4053],[88.8213,27.3867],[88.863,27.3844],[88.8616,27.3656],[88.8825,27.3644],[88.8812,27.3458],[88.8916,27.3452],[88.8909,27.3359],[88.9013,27.3353],[88.9007,27.326],[88.9111,27.3254],[88.9118,27.3347],[88.9222,27.3341],[88.9209,27.3155],[88.9104,27.3161],[88.9071,27.2696],[88.8863,27.2708],[88.8857,27.2615],[88.8336,27.2644],[88.8329,27.2551],[88.8121,27.2563],[88.8115,27.247],[88.8011,27.2475],[88.7978,27.201],[88.7874,27.2016],[88.7861,27.183],[88.7653,27.1842],[88.764,27.1656],[88.7529,27.1568],[88.7633,27.1563],[88.7627,27.1467],[88.7523,27.1473],[88.7516,27.138],[88.814,27.1345],[88.8134,27.1252],[88.8342,27.1241],[88.8335,27.1148],[88.8751,27.1124],[88.8718,27.0659],[88.8822,27.0653],[88.8776,27.0002],[88.8672,27.0007],[88.8666,26.9914],[88.877,26.9908],[88.8737,26.9443],[88.8841,26.9437],[88.8854,26.9623],[88.8958,26.9618],[88.8964,26.9711],[88.9068,26.9705],[88.9082,26.9891],[88.9393,26.9873],[88.9387,26.978],[88.949,26.9774],[88.9477,26.9588],[88.9581,26.9582],[88.9574,26.9489],[88.9471,26.9495],[88.9457,26.9309],[88.9665,26.9297],[88.9658,26.9204],[88.9972,26.9186],[88.9979,26.9279],[89.0083,26.9273],[89.0089,26.9366],[89.0297,26.9354],[89.029,26.9261],[89.0498,26.9249],[89.0478,26.8968],[89.0582,26.8962],[89.0588,26.9057],[89.0796,26.9045],[89.0789,26.895],[89.0997,26.8938],[89.0977,26.8659],[89.108,26.8653],[89.1054,26.828],[89.1261,26.8268],[89.1254,26.8175],[89.1358,26.8169],[89.1351,26.8076],[89.1455,26.807],[89.1462,26.8163],[89.219,26.812],[89.2197,26.8214],[89.2716,26.8183],[89.2723,26.8276],[89.2826,26.827],[89.2833,26.8363],[89.2937,26.8357],[89.2944,26.845],[89.3151,26.8437],[89.3158,26.8531],[89.3262,26.8524],[89.3255,26.8431],[89.3359,26.8425],[89.3366,26.8518],[89.3573,26.8506],[89.358,26.8599],[89.3891,26.858],[89.3877,26.8394],[89.4502,26.8357],[89.4488,26.817],[89.4592,26.8164],[89.4585,26.8071],[89.5104,26.804],[89.5111,26.8133],[89.5629,26.8101],[89.5622,26.8008],[89.5829,26.7996],[89.5822,26.7902],[89.6133,26.7883],[89.6126,26.779],[89.6336,26.7777],[89.6343,26.7871],[89.6447,26.7864],[89.644,26.7771],[89.6543,26.7765],[89.6529,26.7579],[89.6425,26.7585],[89.6418,26.7492],[89.6315,26.7498],[89.6308,26.7405],[89.6204,26.7412],[89.619,26.7226],[89.6604,26.72],[89.6611,26.7293],[89.6715,26.7287],[89.6722,26.738],[89.7137,26.7354],[89.713,26.7261],[89.7337,26.7248],[89.7344,26.7341],[89.7551,26.7328],[89.7537,26.7142],[89.7641,26.7136],[89.7633,26.7043],[89.7944,26.7023],[89.7951,26.7116],[89.8573,26.7077],[89.8566,26.6984],[89.8669,26.6978],[89.8684,26.7164],[89.858,26.717],[89.8588,26.7263],[89.8691,26.7257],[89.8699,26.735],[89.8804,26.7343],[89.8901,26.7244],[89.973,26.7191],[89.9737,26.7284],[90.0048,26.7264],[90.0055,26.7357],[90.0677,26.7317],[90.079,26.7404],[90.0998,26.739],[90.1005,26.7483],[90.1316,26.7463],[90.1323,26.7556],[90.1531,26.7543],[90.1538,26.7636],[90.1746,26.7622],[90.1753,26.7715],[90.196,26.7702],[90.1975,26.7888],[90.1872,26.7895],[90.1894,26.8174],[90.2005,26.826],[90.2132,26.8534],[90.2236,26.8527],[90.2347,26.8614],[90.2762,26.8587],[90.2858,26.8487],[90.3065,26.8473],[90.3073,26.8566],[90.3177,26.8559],[90.3184,26.8652],[90.3503,26.8725],[90.3526,26.9004],[90.3839,26.8983],[90.3847,26.9076],[90.4262,26.9048],[90.4254,26.8955],[90.4358,26.8949],[90.435,26.8856],[90.4558,26.8842],[90.455,26.8749],[90.4758,26.8735],[90.475,26.8642],[90.4854,26.8635],[90.4846,26.8542],[90.5053,26.8528],[90.5045,26.8435],[90.5149,26.8428],[90.5141,26.8335],[90.5349,26.8321],[90.5341,26.8228],[90.5447,26.8221],[90.5439,26.8128],[90.5854,26.81],[90.5846,26.8005],[90.6364,26.797],[90.6356,26.7877],[90.646,26.787],[90.6452,26.7777],[90.6659,26.7763],[90.6667,26.7856],[90.6771,26.7849],[90.6866,26.7749],[90.7488,26.7706],[90.7496,26.7799],[90.8431,26.7735],[90.8439,26.7828],[90.9061,26.7784],[90.9069,26.7879],[90.9794,26.7829],[90.9802,26.7922],[91.0426,26.7878],[91.0418,26.7785],[91.0522,26.7777],[91.053,26.787],[91.0633,26.7863],[91.0642,26.7956],[91.0745,26.7949],[91.0753,26.8042],[91.0857,26.8034],[91.0865,26.8127],[91.0977,26.8213],[91.1288,26.8191],[91.1383,26.8091],[91.1591,26.8076],[91.1599,26.8169],[91.2635,26.8095],[91.2627,26.8002],[91.2836,26.7987],[91.2828,26.7894],[91.3553,26.7841],[91.3561,26.7934],[91.3769,26.7919],[91.3897,26.819],[91.4001,26.8183],[91.4018,26.8369],[91.4225,26.8354],[91.4217,26.8261],[91.432,26.8253],[91.4312,26.816],[91.4519,26.8145],[91.4511,26.8052],[91.472,26.8037],[91.4712,26.7944],[91.523,26.7906],[91.5238,26.7999],[91.5653,26.7968],[91.5661,26.8061],[91.5972,26.8038],[91.598,26.8131],[91.6188,26.8116],[91.6196,26.8209],[91.6611,26.8178],[91.6602,26.8085],[91.7016,26.8054],[91.7025,26.8147],[91.7338,26.8123],[91.7347,26.8216],[91.745,26.8209],[91.7459,26.8301],[91.7666,26.8286],[91.7675,26.8379],[91.7778,26.8371],[91.7787,26.8464],[91.7994,26.8448],[91.8003,26.8541],[91.8107,26.8534],[91.8331,26.8704],[91.8349,26.889],[91.8453,26.8882],[91.847,26.9068],[91.8574,26.906],[91.8582,26.9153],[91.8893,26.9129],[91.8902,26.9222],[91.9006,26.9214],[91.8997,26.9121],[91.9204,26.9105],[91.9196,26.9013],[91.9405,26.8997],[91.95,26.8896],[91.9604,26.8888],[91.9595,26.8795],[91.9698,26.8787],[91.969,26.8694],[91.9793,26.8686],[91.9784,26.8593],[92.0095,26.8569],[92.0086,26.8477],[92.0604,26.8437],[92.0613,26.853],[92.082,26.8514],[92.0829,26.8607],[92.0933,26.8599],[92.0942,26.8691],[92.1046,26.8683],[92.1063,26.8869],[92.1176,26.8954],[92.1221,26.9421],[92.1117,26.9429],[92.1135,26.9615],[92.1239,26.9607],[92.1248,26.9699],[92.1144,26.9707],[92.1153,26.98],[92.1049,26.9808],[92.1076,27.0087],[92.0869,27.0103],[92.0878,27.0196],[92.0774,27.0204],[92.0801,27.0483],[92.0489,27.0507],[92.0395,27.0607],[92.0403,27.07],[92.03,27.0708],[92.0326,27.0987],[92.0231,27.1088],[92.024,27.1181],[92.0344,27.1173],[92.038,27.1544],[92.0276,27.1552],[92.0294,27.174],[92.0398,27.1732],[92.0407,27.1825],[92.0511,27.1817],[92.0519,27.191],[92.0623,27.1902],[92.0659,27.2274],[92.0763,27.2266],[92.0772,27.2358],[92.0668,27.2366],[92.0677,27.2459],[92.0573,27.2467],[92.0582,27.256],[92.0374,27.2576],[92.0478,27.2568],[92.0487,27.2661],[92.06,27.2746],[92.0704,27.2738],[92.0713,27.2831],[92.0808,27.273],[92.1223,27.2698],[92.1241,27.2884],[92.1137,27.2892],[92.1146,27.2985],[92.0834,27.3009],[92.0843,27.3101],[92.0739,27.3109],[92.0748,27.3202],[92.0644,27.321],[92.0662,27.3396],[92.0567,27.3497],[92.0576,27.359],[92.0472,27.3598],[92.049,27.3783],[92.0594,27.3775],[92.0603,27.3868],[92.0499,27.3876],[92.0526,27.4157],[92.0422,27.4165],[92.044,27.4351],[92.0231,27.4366],[92.0267,27.4738],[92.0163,27.4746],[92.0172,27.4839],[92.0068,27.4847],[92.0059,27.4754],[91.9955,27.4762],[91.9946,27.4669],[91.9735,27.4685],[91.9727,27.4592],[91.931,27.4624],[91.9319,27.4717],[91.8798,27.4756],[91.8789,27.4663],[91.8685,27.4671],[91.8703,27.4857],[91.8495,27.4872],[91.8486,27.4779],[91.8382,27.4787],[91.8373,27.4694],[91.785,27.4734],[91.7841,27.4641],[91.7633,27.4656],[91.7642,27.4749],[91.7433,27.4765],[91.7425,27.4672],[91.7217,27.4687],[91.7121,27.4788],[91.7138,27.4974],[91.6826,27.4997],[91.6817,27.4904],[91.6496,27.4834],[91.6513,27.502],[91.6305,27.5035],[91.6314,27.5128],[91.621,27.5136],[91.6227,27.5322],[91.6123,27.5329],[91.6131,27.5422],[91.5923,27.5438],[91.5931,27.5531],[91.5827,27.5538],[91.5844,27.5724],[91.574,27.5732],[91.5749,27.5824],[91.5645,27.5832],[91.5653,27.5925],[91.5757,27.5917],[91.5766,27.601],[91.587,27.6003],[91.5879,27.6095],[91.5775,27.6103],[91.5783,27.6196],[91.5679,27.6204],[91.5722,27.6668],[91.593,27.6653],[91.5948,27.684],[91.6052,27.6833],[91.6061,27.6925],[91.6165,27.6918],[91.6278,27.7003],[91.6304,27.7282],[91.6408,27.7274],[91.6417,27.7367],[91.6313,27.7374],[91.6321,27.7467],[91.6426,27.746],[91.6452,27.7738],[91.6347,27.7746],[91.6373,27.8024],[91.6269,27.8032],[91.6277,27.8125],[91.6173,27.8132],[91.6182,27.8225],[91.5973,27.8241],[91.5964,27.8148],[91.5651,27.8171],[91.5668,27.8356],[91.5561,27.8364],[91.5579,27.855],[91.579,27.8534],[91.5799,27.8629],[91.5903,27.8622],[91.5894,27.8527],[91.5999,27.8519],[91.6008,27.8614],[91.6634,27.8568],[91.6826,27.8365],[91.6817,27.8272],[91.7113,27.8063],[91.7635,27.8024],[91.7748,27.8109],[91.8166,27.8078],[91.8175,27.8171],[91.8281,27.8163],[91.8359,27.7877],[91.8455,27.7776],[91.8559,27.7768],[91.8533,27.749],[91.8637,27.7482],[91.8628,27.7389],[91.8932,27.7273],[91.9046,27.7358],[91.915,27.735],[91.9245,27.7249],[91.935,27.7241],[91.9472,27.7419],[91.9576,27.7411],[91.9585,27.7504],[91.969,27.7496],[91.9698,27.7589],[91.9803,27.7581],[91.9812,27.7674],[91.9916,27.7666],[92.0029,27.7751],[92.0231,27.7642],[92.0544,27.7618],[92.1347,27.8306],[92.2001,27.8537],[92.2228,27.8706],[92.2541,27.8682],[92.2655,27.8766],[92.275,27.8665],[92.2855,27.8657],[92.2836,27.8472],[92.3001,27.7989],[92.3097,27.7888],[92.3846,27.8019],[92.3864,27.8204],[92.4082,27.8281],[92.4291,27.8264],[92.4282,27.8172],[92.4699,27.8139],[92.4718,27.8324],[92.5061,27.8578],[92.5166,27.8569],[92.5555,27.8258],[92.5906,27.8604],[92.6152,27.8959],[92.6579,27.9018],[92.6921,27.9271],[92.693,27.9364],[92.7158,27.9533],[92.7291,27.9802],[92.7405,27.9887],[92.7414,27.998],[92.7234,28.0277],[92.7044,28.0479],[92.6939,28.0487],[92.6844,28.0588],[92.6635,28.0605],[92.6768,28.0875],[92.6806,28.1246],[92.691,28.1238],[92.7253,28.1491],[92.7472,28.1567],[92.8045,28.1988],[92.8054,28.208],[92.8159,28.2072],[92.814,28.1887],[92.8235,28.1785],[92.8444,28.1768],[92.8996,28.2004],[92.9111,28.2088],[92.914,28.2368],[92.9244,28.236],[92.9254,28.2453],[92.9463,28.2435],[92.9578,28.252],[92.9588,28.2612],[92.9797,28.2595],[92.9977,28.23],[93.0333,28.2645],[93.0238,28.2746],[93.0276,28.3117],[93.0371,28.3016],[93.0581,28.2998],[93.0695,28.3082],[93.101,28.3056],[93.1239,28.3224],[93.1249,28.3317],[93.1353,28.3308],[93.1343,28.3216],[93.1867,28.3172],[93.2191,28.3239],[93.228,28.4073],[93.2185,28.4174],[93.1976,28.4192],[93.1776,28.4302],[93.2235,28.464],[93.2245,28.4732],[93.235,28.4724],[93.2694,28.4975],[93.2799,28.4966],[93.2849,28.543],[93.3091,28.569],[93.3015,28.5977],[93.313,28.606],[93.3235,28.6052],[93.3265,28.6329],[93.338,28.6413],[93.402,28.6453],[93.403,28.6546],[93.4135,28.6537],[93.4586,28.6781],[93.466,28.6492],[93.4776,28.6578],[93.4806,28.6856],[93.5121,28.6829],[93.5111,28.6737],[93.5208,28.6635],[93.6468,28.6527],[93.6699,28.6694],[93.7139,28.6844],[93.7559,28.6807],[93.7856,28.6595],[93.8097,28.6854],[93.8548,28.7095],[93.8653,28.7086],[93.9042,28.6772],[93.9347,28.6652],[93.9714,28.7087],[93.9756,28.7457],[93.9978,28.7531],[94.0105,28.7707],[94.0115,28.78],[93.9924,28.8003],[93.9934,28.8096],[94.0052,28.8179],[94.0073,28.8364],[94.041,28.8524],[94.042,28.8616],[94.0999,28.9032],[94.1241,28.9291],[94.1693,28.9532],[94.1757,29.0087],[94.2159,29.0801],[94.2264,29.0791],[94.2275,29.0884],[94.2391,29.0967],[94.2612,29.1041],[94.2623,29.1133],[94.2984,29.1475],[94.3405,29.1437],[94.3522,29.152],[94.3627,29.151],[94.3638,29.1603],[94.3754,29.1686],[94.3775,29.1871],[94.3997,29.1944],[94.4008,29.2037],[94.424,29.2203],[94.5402,29.2097],[94.5773,29.2533],[94.5795,29.2718],[94.5912,29.2801],[94.6017,29.2791],[94.6156,29.3059],[94.6272,29.3142],[94.6305,29.3419],[94.6916,29.3176],[94.7105,29.2972],[94.721,29.2962],[94.7199,29.287],[94.759,29.2553],[94.7967,29.2145],[94.7923,29.1773],[94.8017,29.1671],[94.8006,29.1578],[94.8777,29.1787],[94.9164,29.147],[94.9281,29.1553],[94.9702,29.1514],[94.9998,29.1299],[95.0208,29.1279],[95.022,29.1371],[95.0126,29.1474],[94.981,29.1503],[94.9713,29.1606],[94.9725,29.1698],[95.0043,29.1669],[95.0137,29.1566],[95.0664,29.1517],[95.0758,29.1414],[95.0968,29.1394],[95.1062,29.1292],[95.1051,29.12],[95.1472,29.116],[95.1671,29.1047],[95.2001,29.1109],[95.2422,29.1069],[95.241,29.0977],[95.2504,29.0874],[95.247,29.0597],[95.2575,29.0587],[95.2563,29.0495],[95.2902,29.0649],[95.3112,29.0629],[95.3101,29.0537],[95.3206,29.0527],[95.33,29.0424],[95.3826,29.0373],[95.413,29.0251],[95.4141,29.0343],[95.4258,29.0425],[95.4363,29.0415],[95.4352,29.0323],[95.4459,29.0312],[95.4599,29.0579],[95.4716,29.0662],[95.4809,29.1401],[95.523,29.136],[95.5324,29.1257],[95.5382,29.1719],[95.5289,29.1824],[95.5324,29.2101],[95.5441,29.2183],[95.5651,29.2163],[95.5768,29.2245],[95.5815,29.2614],[95.6026,29.2594],[95.6119,29.2491],[95.6225,29.2481],[95.6693,29.2809],[95.6942,29.3065],[95.7152,29.3045],[95.727,29.3127],[95.7281,29.3219],[95.7528,29.3477],[95.7634,29.3467],[95.7645,29.3559],[95.7763,29.3641],[95.7751,29.3549],[95.7856,29.3538],[95.7844,29.3446],[95.795,29.3436],[95.8067,29.3518],[95.8079,29.361],[95.829,29.3589],[95.8654,29.3927],[95.9392,29.3854],[95.9747,29.4099],[95.997,29.417],[96.0569,29.4671],[96.078,29.465],[96.1048,29.4249],[96.134,29.4033],[96.1446,29.4022],[96.1515,29.3734],[96.1797,29.3425],[96.176,29.3148],[96.1934,29.2848],[96.2027,29.2745],[96.2133,29.2734],[96.2307,29.2436],[96.2833,29.2382],[96.3081,29.2638],[96.3409,29.2698],[96.3434,29.2885],[96.375,29.2852],[96.3737,29.276],[96.383,29.2655],[96.3781,29.2286],[96.3533,29.203],[96.3509,29.1846],[96.3391,29.1764],[96.2735,29.1644],[96.242,29.1676],[96.2408,29.1584],[96.2067,29.1431],[96.1796,29.0991],[96.1457,29.0838],[96.1244,29.0859],[96.1126,29.0776],[96.1021,29.0786],[96.1232,29.0765],[96.142,29.0559],[96.1513,29.0456],[96.1582,29.0168],[96.1768,28.9962],[96.1731,28.9685],[96.1392,28.9532],[96.1368,28.9347],[96.1646,28.9038],[96.1634,28.8946],[96.1739,28.8935],[96.1986,28.9191],[96.2091,28.918],[96.2103,28.9273],[96.2208,28.9262],[96.2572,28.9599],[96.2596,28.9784],[96.2701,28.9773],[96.3078,29.0203],[96.3417,29.0355],[96.4273,29.0361],[96.4508,29.0526],[96.4613,29.0515],[96.5175,29.0736],[96.5163,29.0646],[96.5058,29.0656],[96.5033,29.0472],[96.4916,29.0388],[96.4631,28.9856],[96.4804,28.9557],[96.5132,28.9617],[96.528,28.9133],[96.5243,28.8856],[96.5323,28.8661],[96.5428,28.865],[96.5508,28.8454],[96.5615,28.8443],[96.5892,28.8131],[96.588,28.8039],[96.6077,28.7924],[96.6145,28.7636],[96.6015,28.7462],[96.599,28.7278],[96.5756,28.7115],[96.5417,28.6963],[96.5205,28.6985],[96.4749,28.6751],[96.4644,28.6762],[96.4829,28.6556],[96.4909,28.636],[96.478,28.6186],[96.4557,28.6113],[96.4545,28.6021],[96.444,28.6032],[96.4299,28.5765],[96.3985,28.5798],[96.3948,28.552],[96.3424,28.5574],[96.3166,28.5226],[96.3271,28.5215],[96.3259,28.5123],[96.3561,28.4998],[96.3653,28.4895],[96.3641,28.4803],[96.3512,28.4629],[96.329,28.4558],[96.2587,28.4068],[96.2901,28.4035],[96.318,28.3724],[96.3297,28.3805],[96.3506,28.3784],[96.3623,28.3867],[96.3715,28.3762],[96.3691,28.3577],[96.3795,28.3566],[96.398,28.336],[96.4084,28.3349],[96.4201,28.3431],[96.4238,28.3708],[96.4613,28.414],[96.5034,28.4096],[96.5501,28.4422],[96.5606,28.4411],[96.584,28.4574],[96.6258,28.453],[96.6375,28.4612],[96.6873,28.4372],[96.6861,28.428],[96.7279,28.4235],[96.7568,28.4017],[96.7637,28.3729],[96.7729,28.3625],[96.8356,28.3559],[96.8473,28.364],[96.8578,28.3629],[96.859,28.3722],[96.8916,28.3781],[96.9192,28.347],[96.9179,28.3377],[96.9691,28.3229],[96.9678,28.3134],[96.9887,28.3112],[96.9874,28.302],[96.9979,28.3008],[97.0318,28.3162],[97.046,28.3428],[97.0669,28.3405],[97.0787,28.3486],[97.1204,28.3441],[97.1388,28.3234],[97.1492,28.3222],[97.1479,28.313],[97.1584,28.3119],[97.1754,28.2817],[97.1963,28.2794],[97.1975,28.2886],[97.2291,28.2852],[97.2278,28.276],[97.2383,28.2748],[97.237,28.2656],[97.2996,28.2588],[97.3087,28.2484],[97.3296,28.2461],[97.3387,28.2357],[97.3492,28.2346],[97.3479,28.2253],[97.3792,28.2219],[97.3779,28.2127],[97.4066,28.1907],[97.4053,28.1815],[97.3636,28.1861],[97.361,28.1676],[97.3271,28.1526],[97.3245,28.1341],[97.3428,28.1133],[97.3532,28.1122],[97.3181,28.0879],[97.3142,28.0601],[97.3234,28.0498],[97.3351,28.0579],[97.3663,28.0544],[97.378,28.0625],[97.3755,28.044],[97.3846,28.0334],[97.4147,28.0207],[97.4121,28.0023],[97.3913,28.0045],[97.3874,27.9768],[97.3768,27.978],[97.3742,27.9595],[97.3836,27.9491],[97.3732,27.8751],[97.3626,27.8763],[97.334,27.8982],[97.3131,27.9005],[97.3144,27.9098],[97.2611,27.9062],[97.2494,27.8981],[97.2481,27.8889],[97.2377,27.89],[97.2352,27.8715],[97.2001,27.8472],[97.1897,27.8483],[97.1872,27.8299],[97.1768,27.831],[97.1742,27.8123],[97.1638,27.8134],[97.1625,27.8042],[97.1415,27.8065],[97.1273,27.7799],[97.1169,27.781],[97.1156,27.7717],[97.1052,27.7729],[97.1014,27.7451],[97.0897,27.737],[97.0793,27.7381],[97.0702,27.7485],[97.0585,27.7404],[97.0377,27.7426],[97.0236,27.716],[96.9861,27.6732],[96.9848,27.6639],[96.964,27.6661],[96.942,27.6591],[96.9278,27.6325],[96.9175,27.6336],[96.9149,27.6151],[96.9046,27.6162],[96.8929,27.6079],[96.902,27.5975],[96.8995,27.579],[96.9099,27.5779],[96.9086,27.5687],[96.9178,27.5583],[96.9153,27.5398],[96.9335,27.5191],[96.9323,27.5098],[96.9206,27.5017],[96.9181,27.4832],[96.9078,27.4843],[96.9027,27.4473],[96.9235,27.445],[96.9222,27.4358],[96.9326,27.4347],[96.9301,27.4162],[96.9405,27.415],[96.9392,27.4058],[96.96,27.4036],[96.9587,27.3943],[96.9678,27.3839],[96.9653,27.3652],[96.9756,27.3641],[96.9744,27.3548],[96.9847,27.3537],[96.9835,27.3445],[96.9938,27.3433],[96.9913,27.3248],[97.0017,27.3237],[97.0004,27.3145],[97.0212,27.3122],[97.0199,27.303],[97.0303,27.3018],[97.0315,27.3111],[97.029,27.2926],[97.0394,27.2915],[97.0381,27.2822],[97.0485,27.2811],[97.0472,27.2718],[97.0576,27.2707],[97.0563,27.2615],[97.0666,27.2603],[97.0654,27.2511],[97.076,27.2499],[97.0747,27.2407],[97.0954,27.2384],[97.0916,27.2106],[97.102,27.2095],[97.1007,27.2003],[97.1111,27.1991],[97.1098,27.1899],[97.1201,27.1887],[97.1189,27.1795],[97.1292,27.1784],[97.1279,27.1689],[97.1486,27.1666],[97.1474,27.1574],[97.1564,27.147],[97.1461,27.1481],[97.1668,27.1459],[97.163,27.1181],[97.1526,27.1192],[97.1501,27.1007],[97.1398,27.1019],[97.1385,27.0926],[97.1178,27.0949],[97.1191,27.1041],[97.0984,27.1064],[97.0971,27.0971],[97.0764,27.0994],[97.0752,27.0901],[97.0648,27.0913],[97.0661,27.1005],[97.0452,27.1028],[97.0465,27.1121],[97.0361,27.1132],[97.0386,27.1317],[97.0076,27.1351],[97.0088,27.1443],[96.9985,27.1454],[96.9972,27.1362],[96.9869,27.1373],[96.9894,27.1558],[96.8963,27.1659],[96.8975,27.1752],[96.8768,27.1774],[96.8677,27.1878],[96.8574,27.1889],[96.8611,27.2168],[96.8818,27.2146],[96.8881,27.2609],[96.8466,27.2653],[96.8504,27.2931],[96.84,27.2942],[96.8413,27.3035],[96.8205,27.3057],[96.8218,27.315],[96.8112,27.3161],[96.8124,27.3253],[96.8021,27.3265],[96.8046,27.345],[96.7735,27.3483],[96.7747,27.3575],[96.7643,27.3587],[96.7631,27.3494],[96.7424,27.3516],[96.7436,27.3609],[96.7125,27.3642],[96.7137,27.3734],[96.7034,27.3745],[96.7009,27.356],[96.6074,27.366],[96.6061,27.3567],[96.5958,27.3578],[96.5921,27.33],[96.5817,27.3311],[96.5805,27.3219],[96.5701,27.323],[96.5689,27.3137],[96.5482,27.3159],[96.5457,27.2974],[96.5354,27.2985],[96.5341,27.2892],[96.5238,27.2903],[96.5226,27.2811],[96.5134,27.2914],[96.5146,27.3007],[96.4939,27.3028],[96.4927,27.2936],[96.472,27.2958],[96.4732,27.305],[96.4525,27.3072],[96.4512,27.2979],[96.4201,27.3012],[96.4189,27.2919],[96.3982,27.2941],[96.397,27.2848],[96.3449,27.2903],[96.3437,27.281],[96.3334,27.2821],[96.3346,27.2914],[96.2931,27.2957],[96.2919,27.2864],[96.2815,27.2875],[96.2803,27.2782],[96.27,27.2793],[96.2688,27.27],[96.2273,27.2743],[96.2157,27.266],[96.2145,27.2567],[96.1938,27.2588],[96.1926,27.2496],[96.1719,27.2517],[96.1707,27.2425],[96.1394,27.2457],[96.1382,27.2364],[96.1278,27.2375],[96.1266,27.2282],[96.1059,27.2304],[96.1047,27.2211],[96.084,27.2232],[96.0816,27.2047],[96.0609,27.2068],[96.0597,27.1976],[96.0493,27.1986],[96.0482,27.1894],[96.0378,27.1904],[96.0366,27.1812],[96.0263,27.1822],[96.0251,27.173],[96.0147,27.174],[96.0135,27.1648],[96.0239,27.1637],[96.0123,27.1555],[96.01,27.137],[95.9996,27.138],[95.9973,27.1195],[95.9869,27.1206],[95.9857,27.1113],[95.9754,27.1123],[95.973,27.0938],[95.9627,27.0949],[95.9591,27.0671],[95.9488,27.0681],[95.9464,27.0494],[95.936,27.0505],[95.9349,27.0412],[95.9142,27.0433],[95.913,27.034],[95.9027,27.0351],[95.9015,27.0258],[95.8808,27.0279],[95.8784,27.0094],[95.8368,27.0136],[95.8357,27.0043],[95.815,27.0064],[95.8161,27.0157],[95.8058,27.0168],[95.8035,26.9982],[95.7931,26.9993],[95.7919,26.99],[95.7816,26.991],[95.7793,26.9725],[95.7689,26.9736],[95.7678,26.9643],[95.7574,26.9653],[95.7551,26.9468],[95.7654,26.9458],[95.7643,26.9365],[95.7539,26.9375],[95.7481,26.8912],[95.7275,26.8933],[95.7263,26.884],[95.7148,26.8758],[95.7045,26.8768],[95.7056,26.8861],[95.6953,26.8871],[95.6964,26.8964],[95.6654,26.8995],[95.6643,26.8902],[95.6539,26.8913],[95.6528,26.882],[95.6424,26.883],[95.6413,26.8738],[95.6307,26.8748],[95.6249,26.8283],[95.6146,26.8293],[95.6123,26.8108],[95.5606,26.8159],[95.5618,26.8252],[95.5515,26.8262],[95.5526,26.8355],[95.5423,26.8365],[95.5411,26.8273],[95.5308,26.8283],[95.5285,26.8097],[95.5078,26.8118],[95.5044,26.784],[95.4941,26.785],[95.4907,26.7572],[95.4803,26.7582],[95.478,26.7397],[95.4574,26.7417],[95.4563,26.7325],[95.4459,26.7335],[95.4448,26.7242],[95.4345,26.7252],[95.4311,26.6974],[95.4207,26.6984],[95.4196,26.6892],[95.399,26.6912],[95.3978,26.6819],[95.3669,26.685],[95.3646,26.6664],[95.354,26.6675],[95.3552,26.6768],[95.3345,26.6788],[95.3334,26.6695],[95.3231,26.6705],[95.3219,26.6612],[95.3116,26.6623],[95.3105,26.653],[95.2589,26.658],[95.2611,26.6766],[95.2508,26.6776],[95.2519,26.6869],[95.2405,26.6786],[95.2302,26.6796],[95.2165,26.6526],[95.2061,26.6536],[95.205,26.6443],[95.1844,26.6463],[95.1833,26.6371],[95.1729,26.6381],[95.1718,26.6288],[95.1615,26.6298],[95.1604,26.6205],[95.1501,26.6215],[95.1423,26.5566],[95.1214,26.5586],[95.1203,26.5494],[95.11,26.5504],[95.1089,26.5411],[95.1181,26.5308],[95.1158,26.5123],[95.1055,26.5133],[95.1033,26.4947],[95.093,26.4957],[95.0919,26.4864],[95.0816,26.4874],[95.0794,26.4689],[95.0691,26.4699],[95.0657,26.442],[95.076,26.4411],[95.0772,26.4503],[95.0875,26.4493],[95.0864,26.4401],[95.0967,26.4391],[95.0955,26.4296],[95.1047,26.4193],[95.1014,26.3915],[95.1325,26.3885],[95.1292,26.3606],[95.1189,26.3616],[95.1281,26.3513],[95.1225,26.305],[95.1328,26.304],[95.1295,26.2761],[95.1192,26.2771],[95.117,26.2586],[95.1273,26.2576],[95.125,26.239],[95.1147,26.24],[95.1136,26.2307],[95.1239,26.2297],[95.1228,26.2205],[95.1331,26.2195],[95.132,26.2102],[95.1423,26.2092],[95.1412,26.1999],[95.1309,26.2009],[95.1298,26.1916],[95.1195,26.1926],[95.1184,26.1832],[95.1286,26.1822],[95.1275,26.1729],[95.1172,26.1739],[95.115,26.1553],[95.1253,26.1543],[95.1187,26.0986],[95.1495,26.0956],[95.1484,26.0864],[95.1587,26.0854],[95.1598,26.0946],[95.17,26.0936],[95.1689,26.0844],[95.1792,26.0834],[95.1781,26.0741],[95.1884,26.0731],[95.1873,26.0638],[95.177,26.0648],[95.1759,26.0555],[95.1656,26.0565],[95.1612,26.0194],[95.1509,26.0204],[95.1498,26.0111],[95.1395,26.0121],[95.1373,25.9936],[95.127,25.9946],[95.1259,25.9853],[95.1156,25.9863],[95.1134,25.9677],[95.1032,25.9687],[95.1021,25.9595],[95.0918,25.9605],[95.0907,25.951],[95.0804,25.952],[95.0793,25.9427],[95.0585,25.9447],[95.0574,25.9354],[95.0472,25.9364],[95.0461,25.9271],[95.0358,25.9281],[95.0347,25.9189],[95.0244,25.9199],[95.0222,25.9013],[95.012,25.9023],[95.0109,25.893],[95.0211,25.892],[95.0189,25.8735],[95.0087,25.8744],[95.0076,25.8652],[95.0178,25.8642],[95.0167,25.8549],[95.027,25.8539],[95.0248,25.8353],[95.0351,25.8343],[95.0329,25.8158],[95.0431,25.8148],[95.042,25.8055],[95.0525,25.8045],[95.0448,25.7393],[95.024,25.7413],[95.0229,25.732],[95.0024,25.734],[95.0013,25.7247],[94.9911,25.7257],[94.9878,25.6979],[94.9776,25.6989],[94.9765,25.6896],[94.9662,25.6906],[94.9651,25.6813],[94.9549,25.6823],[94.9538,25.673],[94.9436,25.674],[94.9425,25.6647],[94.9322,25.6657],[94.93,25.6471],[94.9198,25.6481],[94.9143,25.6017],[94.9041,25.6027],[94.903,25.5934],[94.8825,25.5954],[94.8815,25.5861],[94.8917,25.5851],[94.8906,25.5758],[94.9008,25.5749],[94.8998,25.5656],[94.869,25.5685],[94.8679,25.559],[94.8372,25.562],[94.8351,25.5434],[94.8248,25.5444],[94.8216,25.5166],[94.8113,25.5175],[94.8081,25.4897],[94.7876,25.4916],[94.7866,25.4824],[94.7557,25.4853],[94.7567,25.4946],[94.7465,25.4956],[94.7443,25.477],[94.7239,25.479],[94.7228,25.4697],[94.7024,25.4716],[94.7013,25.4623],[94.6808,25.4643],[94.6787,25.4457],[94.6684,25.4467],[94.6674,25.4374],[94.6776,25.4364],[94.6755,25.4178],[94.6652,25.4188],[94.6642,25.4095],[94.6539,25.4105],[94.6529,25.4012],[94.6427,25.4022],[94.6416,25.3929],[94.6314,25.3939],[94.6282,25.366],[94.6384,25.365],[94.6373,25.3558],[94.6271,25.3567],[94.6239,25.3287],[94.6137,25.3296],[94.6115,25.3111],[94.6013,25.312],[94.6105,25.3018],[94.6002,25.3027],[94.5971,25.2749],[94.5868,25.2758],[94.5794,25.2108],[94.5896,25.2099],[94.5875,25.1913],[94.6079,25.1893],[94.6068,25.1801],[94.6171,25.1791],[94.6181,25.1884],[94.6283,25.1874],[94.6273,25.1781],[94.6375,25.1772],[94.6364,25.1679],[94.667,25.165],[94.666,25.1557],[94.6762,25.1547],[94.6751,25.1454],[94.6864,25.1537],[94.7068,25.1518],[94.7057,25.1425],[94.7263,25.1405],[94.7253,25.1312],[94.7457,25.1293],[94.7381,25.0641],[94.7483,25.0631],[94.744,25.0259],[94.7338,25.0269],[94.7306,24.9991],[94.7204,25.0],[94.7194,24.9907],[94.7092,24.9917],[94.7081,24.9824],[94.6977,24.9834],[94.6945,24.9556],[94.7049,24.9546],[94.7038,24.9453],[94.714,24.9443],[94.7119,24.9257],[94.7017,24.9267],[94.6996,24.9081],[94.6892,24.9091],[94.686,24.8813],[94.6758,24.8822],[94.6747,24.8729],[94.6543,24.8749],[94.6511,24.8468],[94.6409,24.8478],[94.6399,24.8385],[94.6297,24.8395],[94.6212,24.7651],[94.6314,24.7642],[94.6303,24.7549],[94.6202,24.7559],[94.618,24.7373],[94.6079,24.7382],[94.6047,24.7104],[94.5843,24.7123],[94.5854,24.7216],[94.5752,24.7226],[94.5742,24.7133],[94.5538,24.7152],[94.5454,24.6409],[94.5341,24.6323],[94.532,24.6138],[94.4984,24.5888],[94.4963,24.5702],[94.4648,24.5638],[94.4637,24.5545],[94.4536,24.5555],[94.4504,24.5276],[94.4371,24.5007],[94.4257,24.4923],[94.4247,24.4831],[94.4145,24.484],[94.4135,24.4747],[94.4033,24.4757],[94.4002,24.4478],[94.4103,24.4468],[94.4083,24.4283],[94.396,24.4104],[94.3736,24.3937],[94.3635,24.3947],[94.3817,24.3742],[94.3593,24.3575],[94.3562,24.3296],[94.3258,24.3325],[94.3165,24.2489],[94.3053,24.2403],[94.2951,24.2413],[94.2931,24.2227],[94.2819,24.2143],[94.2798,24.1957],[94.2889,24.1855],[94.2879,24.1762],[94.2778,24.1772],[94.2554,24.1605],[94.2503,24.114],[94.2594,24.1037],[94.2584,24.0945],[94.2472,24.0861],[94.2441,24.0582],[94.234,24.0592],[94.2309,24.0313],[94.1833,23.9698],[94.1903,23.941],[94.1802,23.9419],[94.1792,23.9326],[94.1691,23.9335],[94.1538,23.888],[94.1609,23.8592],[94.1508,23.8601],[94.1498,23.8508],[94.1397,23.8518],[94.1386,23.8425],[94.1273,23.8341],[94.1172,23.8351],[94.0818,23.8853],[94.0707,23.8769],[94.0606,23.8779],[94.0232,23.9095],[93.9939,23.9215],[93.9949,23.9308],[93.9635,23.9243],[93.9646,23.9336],[93.9544,23.9345],[93.9554,23.9438],[93.8844,23.9503],[93.8834,23.941],[93.8733,23.9419],[93.8723,23.9326],[93.842,23.9354],[93.841,23.9261],[93.8005,23.9298],[93.8025,23.9484],[93.7924,23.9493],[93.7934,23.9586],[93.7833,23.9595],[93.7842,23.9688],[93.7741,23.9697],[93.7751,23.979],[93.765,23.9799],[93.767,23.9985],[93.7569,23.9994],[93.7579,24.0087],[93.7477,24.0096],[93.7467,24.0003],[93.6656,24.0076],[93.6646,23.9983],[93.6545,23.9992],[93.6554,24.0085],[93.6149,24.0121],[93.611,23.9749],[93.6009,23.9758],[93.5999,23.9665],[93.5898,23.9674],[93.5888,23.9581],[93.5787,23.959],[93.5797,23.9683],[93.5696,23.9692],[93.5705,23.9785],[93.5604,23.9794],[93.5594,23.9701],[93.5493,23.971],[93.5483,23.9617],[93.5382,23.9626],[93.5373,23.9533],[93.517,23.9551],[93.516,23.9458],[93.4857,23.9485],[93.4867,23.9578],[93.4765,23.9587],[93.4775,23.968],[93.4672,23.9689],[93.4681,23.9782],[93.458,23.9791],[93.46,23.9977],[93.4498,23.9986],[93.4518,24.0172],[93.4315,24.019],[93.4335,24.0376],[93.4233,24.0385],[93.4263,24.0664],[93.4161,24.0673],[93.4171,24.0766],[93.407,24.0774],[93.4079,24.0867],[93.3978,24.0876],[93.3968,24.0783],[93.3867,24.0792],[93.3877,24.0885],[93.337,24.093],[93.3361,24.0837],[93.3259,24.0845],[93.325,24.0752],[93.3351,24.0744],[93.3332,24.0558],[93.323,24.0566],[93.3221,24.0473],[93.3423,24.0456],[93.3414,24.0363],[93.3312,24.0372],[93.3303,24.0279],[93.3404,24.027],[93.3394,24.0177],[93.3293,24.0186],[93.3284,24.0093],[93.3385,24.0084],[93.3366,23.9898],[93.3264,23.9907],[93.3255,23.9814],[93.3457,23.9796],[93.3438,23.961],[93.3539,23.9601],[93.352,23.9415],[93.3631,23.9499],[93.3611,23.9313],[93.3915,23.9287],[93.3828,23.8448],[93.3929,23.8439],[93.39,23.816],[93.4001,23.8151],[93.3934,23.75],[93.4035,23.7491],[93.4015,23.7305],[93.4116,23.7296],[93.4087,23.7017],[93.4188,23.7008],[93.4179,23.6915],[93.4381,23.6897],[93.4361,23.6711],[93.426,23.672],[93.4231,23.6441],[93.413,23.645],[93.4222,23.6348],[93.4193,23.6067],[93.4294,23.6058],[93.4255,23.5686],[93.4154,23.5695],[93.4096,23.5137],[93.3995,23.5146],[93.388,23.403],[93.3981,23.4021],[93.3971,23.3928],[93.4072,23.3919],[93.4062,23.3826],[93.3961,23.3835],[93.3942,23.3647],[93.3841,23.3656],[93.3832,23.3563],[93.3529,23.359],[93.352,23.3497],[93.3621,23.3488],[93.3611,23.3395],[93.3712,23.3386],[93.3635,23.2642],[93.3736,23.2633],[93.3716,23.2447],[93.3817,23.2438],[93.3798,23.2252],[93.3898,23.2243],[93.3889,23.215],[93.3788,23.2159],[93.3712,23.1415],[93.3812,23.1406],[93.3905,23.1302],[93.3802,23.1311],[93.3793,23.1218],[93.3692,23.1227],[93.3683,23.1134],[93.3582,23.1143],[93.3563,23.0957],[93.3462,23.0966],[93.3443,23.078],[93.3544,23.0771],[93.3534,23.0678],[93.3434,23.0687],[93.3424,23.0594],[93.3324,23.0603],[93.3175,23.0146],[93.2974,23.0164],[93.2965,23.0071],[93.2262,23.0133],[93.2271,23.0226],[93.2171,23.0234],[93.218,23.0327],[93.208,23.0336],[93.2099,23.0522],[93.1898,23.054],[93.1907,23.0633],[93.1806,23.0641],[93.1797,23.0548],[93.1697,23.0557],[93.1687,23.0464],[93.1383,23.0491],[93.1393,23.0584],[93.1292,23.0592],[93.1226,22.9941],[93.1427,22.9924],[93.138,22.9459],[93.1481,22.945],[93.1462,22.9264],[93.1565,22.9255],[93.1555,22.916],[93.1655,22.9151],[93.1646,22.9058],[93.1443,22.9076],[93.1452,22.9169],[93.1352,22.9178],[93.1305,22.8713],[93.1205,22.8721],[93.1158,22.8256],[93.1057,22.8265],[93.1039,22.8079],[93.0938,22.8087],[93.0929,22.7994],[93.1029,22.7986],[93.102,22.7893],[93.092,22.7901],[93.091,22.7808],[93.1011,22.78],[93.0992,22.7614],[93.1092,22.7605],[93.1064,22.7324],[93.0964,22.7333],[93.0926,22.6961],[93.1026,22.6952],[93.0989,22.658],[93.1089,22.6571],[93.107,22.6385],[93.1171,22.6376],[93.1161,22.6283],[93.1264,22.6275],[93.1254,22.6182],[93.1354,22.6173],[93.1336,22.5987],[93.1436,22.5978],[93.1417,22.5792],[93.1317,22.5801],[93.1207,22.5717],[93.1198,22.5624],[93.1096,22.5632],[93.1058,22.526],[93.1261,22.5243],[93.1232,22.4962],[93.1333,22.4953],[93.1304,22.4674],[93.1404,22.4665],[93.1395,22.4572],[93.1695,22.4546],[93.1686,22.4453],[93.1786,22.4444],[93.1767,22.4258],[93.1867,22.425],[93.183,22.3878],[93.193,22.3869],[93.192,22.3776],[93.182,22.3785],[93.1811,22.3692],[93.1911,22.3683],[93.1883,22.3404],[93.1973,22.3302],[93.1926,22.2837],[93.2026,22.2829],[93.1998,22.2548],[93.1898,22.2556],[93.1888,22.2463],[93.1389,22.2507],[93.137,22.2321],[93.147,22.2312],[93.1461,22.2219],[93.1561,22.221],[93.1542,22.2024],[93.1642,22.2016],[93.1632,22.1923],[93.1533,22.1931],[93.1514,22.1746],[93.1214,22.1772],[93.1224,22.1865],[93.1124,22.1873],[93.1142,22.2059],[93.1043,22.2068],[93.1033,22.1975],[93.0432,22.2027],[93.0404,22.1748],[93.0504,22.174],[93.0495,22.1647],[93.0395,22.1655],[93.0367,22.1376],[93.0467,22.1368],[93.0458,22.1275],[93.0557,22.1266],[93.0539,22.108],[93.0639,22.1071],[93.0629,22.0978],[93.0031,22.103],[93.0021,22.0937],[93.0121,22.0928],[93.0112,22.0835],[93.0012,22.0844],[93.0003,22.0751],[93.0103,22.0742],[92.9994,22.0658],[92.9947,22.0191],[93.0047,22.0182],[93.0019,21.9903],[93.011,21.9802],[92.9811,21.9828],[92.9829,22.0014],[92.963,22.0031],[92.9648,22.0217],[92.9557,22.0318],[92.9548,22.0225],[92.9449,22.0234],[92.9439,22.0141],[92.934,22.015],[92.9321,21.9964],[92.9221,21.9972],[92.9203,21.9786],[92.9103,21.9795],[92.9067,21.9423],[92.8967,21.9431],[92.9013,21.9896],[92.8913,21.9905],[92.8931,22.0091],[92.8832,22.0099],[92.8841,22.0192],[92.8641,22.0209],[92.8687,22.0676],[92.8488,22.0694],[92.8479,22.06],[92.8379,22.0609],[92.8388,22.0702],[92.8186,22.0719],[92.8205,22.0905],[92.8105,22.0914],[92.8114,22.1007],[92.7715,22.1041],[92.7724,22.1134],[92.7624,22.1142],[92.7633,22.1235],[92.7433,22.1252],[92.7442,22.1345],[92.7343,22.1353],[92.7352,22.1447],[92.7152,22.1463],[92.7161,22.1556],[92.7061,22.1565],[92.7052,22.1472],[92.6961,22.1573],[92.6817,22.0083],[92.6617,22.01],[92.6626,22.0193],[92.6526,22.0201],[92.6508,22.0015],[92.6409,22.0023],[92.6391,21.9837],[92.6189,21.9854],[92.618,21.9761],[92.5981,21.9778],[92.6089,21.9863],[92.6098,21.9956],[92.5999,21.9964],[92.6034,22.0336],[92.5935,22.0345],[92.5971,22.0717],[92.5871,22.0725],[92.588,22.082],[92.5789,22.0921],[92.5807,22.1107],[92.5707,22.1116],[92.5716,22.1209],[92.5616,22.1217],[92.5634,22.1403],[92.5734,22.1395],[92.5743,22.1488],[92.5834,22.1386],[92.5934,22.1378],[92.5925,22.1285],[92.6124,22.1268],[92.6142,22.1454],[92.6042,22.1463],[92.6069,22.1742],[92.5969,22.175],[92.5996,22.2029],[92.5896,22.2038],[92.595,22.2596],[92.585,22.2604],[92.5859,22.2697],[92.5759,22.2706],[92.5768,22.2799],[92.5877,22.2883],[92.5777,22.2892],[92.5813,22.3266],[92.5713,22.3274],[92.5749,22.3646],[92.5649,22.3655],[92.5667,22.3841],[92.5567,22.3849],[92.5594,22.4128],[92.5494,22.4136],[92.5538,22.4602],[92.5438,22.461],[92.5492,22.5168],[92.5392,22.5177],[92.5419,22.5456],[92.5319,22.5464],[92.5328,22.5557],[92.5227,22.5565],[92.5245,22.5753],[92.5346,22.5745],[92.5372,22.6024],[92.5272,22.6033],[92.5308,22.6405],[92.5208,22.6413],[92.5226,22.6599],[92.5326,22.6591],[92.5335,22.6684],[92.5235,22.6692],[92.5253,22.6878],[92.5152,22.6887],[92.5188,22.7259],[92.5088,22.7267],[92.5097,22.736],[92.4896,22.7377],[92.4905,22.747],[92.4704,22.7486],[92.4805,22.7478],[92.4814,22.7571],[92.4713,22.7579],[92.4749,22.7952],[92.4649,22.796],[92.4667,22.8148],[92.4564,22.8156],[92.4609,22.8622],[92.4508,22.863],[92.4535,22.8909],[92.4443,22.901],[92.4434,22.8917],[92.4325,22.8832],[92.4334,22.8926],[92.4234,22.8934],[92.426,22.9213],[92.416,22.9221],[92.4151,22.9128],[92.395,22.9145],[92.3968,22.9331],[92.3867,22.9339],[92.3858,22.9246],[92.3767,22.9347],[92.3785,22.9533],[92.3684,22.9541],[92.3693,22.9634],[92.3793,22.9626],[92.39,23.0745],[92.3799,23.0753],[92.3808,23.0846],[92.3708,23.0854],[92.3717,23.0948],[92.3616,23.0956],[92.3651,23.1328],[92.3551,23.1336],[92.3569,23.1522],[92.3669,23.1514],[92.3577,23.1615],[92.3604,23.1895],[92.3595,23.1802],[92.3494,23.181],[92.3548,23.237],[92.4051,23.2329],[92.406,23.2422],[92.3959,23.243],[92.3986,23.271],[92.3885,23.2718],[92.3894,23.2811],[92.3794,23.2819],[92.382,23.3098],[92.372,23.3106],[92.3728,23.3199],[92.3628,23.3208],[92.3636,23.3301],[92.3737,23.3293],[92.3755,23.3479],[92.3865,23.3564],[92.3764,23.3572],[92.3773,23.3665],[92.3571,23.3681],[92.358,23.3774],[92.3479,23.3782],[92.3506,23.4062],[92.3607,23.4053],[92.3616,23.4147],[92.3515,23.4155],[92.3524,23.4248],[92.3423,23.4256],[92.3432,23.4349],[92.3331,23.4357],[92.334,23.445],[92.3237,23.4459],[92.3272,23.4833],[92.3173,23.4841],[92.3218,23.5306],[92.3014,23.5323],[92.3115,23.5315],[92.3141,23.5594],[92.304,23.5602],[92.3067,23.5881],[92.2966,23.5889],[92.2975,23.5982],[92.2874,23.5991],[92.2891,23.6177],[92.2992,23.6168],[92.3001,23.6262],[92.2799,23.6278],[92.2808,23.6371],[92.2716,23.6472],[92.2725,23.6565],[92.2826,23.6557],[92.2879,23.7117],[92.2778,23.7126],[92.2787,23.7219],[92.2382,23.7251],[92.232,23.6598],[92.2219,23.6606],[92.2211,23.6513],[92.211,23.6521],[92.2118,23.6614],[92.2017,23.6622],[92.2035,23.6808],[92.2136,23.68],[92.2145,23.6893],[92.2044,23.6901],[92.2061,23.7087],[92.1758,23.7112],[92.1767,23.7207],[92.1666,23.7215],[92.1683,23.7401],[92.1582,23.7409],[92.1574,23.7316],[92.1472,23.7324],[92.1464,23.7231],[92.1363,23.7239],[92.1345,23.7051],[92.1244,23.7059],[92.1226,23.6873],[92.1024,23.6889],[92.1016,23.6796],[92.0811,23.6812],[92.0776,23.644],[92.0372,23.6471],[92.0381,23.6565],[92.0179,23.6581],[92.028,23.6573],[92.0289,23.6666],[91.9985,23.669],[92.0003,23.6876],[91.9902,23.6884],[91.9919,23.707],[91.9818,23.7078],[91.9835,23.7264],[91.9633,23.728],[91.9642,23.7375],[91.954,23.7383],[91.9506,23.7008],[91.9607,23.7001],[91.9598,23.6907],[91.9396,23.6923],[91.9362,23.6551],[91.9463,23.6543],[91.9437,23.6264],[91.9538,23.6256],[91.9504,23.5884],[91.9605,23.5876],[91.9562,23.541],[91.9663,23.5402],[91.9654,23.5309],[91.9553,23.5317],[91.9545,23.5224],[91.9645,23.5216],[91.9637,23.5123],[91.9738,23.5115],[91.9703,23.4741],[91.9501,23.4757],[91.9493,23.4663],[91.9392,23.4671],[91.9366,23.4392],[91.8963,23.4424],[91.8954,23.4331],[91.8853,23.4338],[91.8845,23.4245],[91.8744,23.4253],[91.8735,23.416],[91.8632,23.4168],[91.8624,23.4075],[91.8422,23.4091],[91.8388,23.3718],[91.8287,23.3726],[91.827,23.354],[91.8169,23.3548],[91.8161,23.3455],[91.806,23.3463],[91.8051,23.337],[91.7951,23.3377],[91.7942,23.3284],[91.7841,23.3292],[91.7833,23.3199],[91.7732,23.3207],[91.7724,23.3114],[91.7623,23.3122],[91.7589,23.2749],[91.7791,23.2734],[91.7765,23.2452],[91.7866,23.2444],[91.7849,23.2258],[91.795,23.225],[91.7924,23.1971],[91.8025,23.1963],[91.8008,23.1777],[91.8109,23.1769],[91.8075,23.1397],[91.8175,23.1389],[91.8142,23.1017],[91.8343,23.1001],[91.8334,23.0908],[91.8234,23.0916],[91.8217,23.073],[91.8116,23.0737],[91.8108,23.0644],[91.7806,23.0668],[91.7781,23.0389],[91.768,23.0396],[91.7671,23.0301],[91.7571,23.0309],[91.7562,23.0216],[91.7462,23.0224],[91.7445,23.0038],[91.7244,23.0053],[91.7227,22.9867],[91.6925,22.989],[91.6917,22.9797],[91.6615,22.982],[91.6607,22.9727],[91.6507,22.9735],[91.6515,22.9828],[91.6414,22.9836],[91.6398,22.965],[91.6297,22.9657],[91.6272,22.9378],[91.6172,22.9386],[91.618,22.9479],[91.6079,22.9486],[91.6104,22.9766],[91.5903,22.9781],[91.5895,22.9688],[91.5591,22.9711],[91.5616,22.9991],[91.5415,23.0006],[91.5448,23.0378],[91.5347,23.0386],[91.5364,23.0574],[91.5263,23.0582],[91.5296,23.0954],[91.5196,23.0962],[91.5204,23.1055],[91.5103,23.1063],[91.512,23.1249],[91.5019,23.1257],[91.5027,23.135],[91.5128,23.1342],[91.5136,23.1435],[91.4935,23.145],[91.4976,23.1916],[91.4674,23.1939],[91.4775,23.1931],[91.4783,23.2024],[91.4884,23.2017],[91.4892,23.211],[91.4791,23.2117],[91.4799,23.221],[91.4699,23.2218],[91.469,23.2125],[91.4489,23.214],[91.4497,23.2233],[91.4598,23.2226],[91.4707,23.2311],[91.4606,23.2319],[91.4623,23.2505],[91.4614,23.2412],[91.4514,23.242],[91.453,23.2606],[91.4127,23.2636],[91.4111,23.245],[91.4008,23.2458],[91.3991,23.2271],[91.3891,23.2279],[91.3858,23.1906],[91.3757,23.1914],[91.3749,23.1821],[91.385,23.1813],[91.3825,23.1534],[91.3926,23.1526],[91.391,23.134],[91.4012,23.1332],[91.398,23.096],[91.408,23.0952],[91.4072,23.0859],[91.4173,23.0852],[91.4148,23.057],[91.3844,23.0593],[91.3852,23.0688],[91.3651,23.0703],[91.3659,23.0797],[91.3559,23.0804],[91.3575,23.099],[91.3474,23.0998],[91.3491,23.1184],[91.339,23.1192],[91.3406,23.1378],[91.3305,23.1385],[91.3322,23.1572],[91.3221,23.1579],[91.3286,23.2324],[91.3185,23.2332],[91.321,23.2611],[91.3109,23.2618],[91.3125,23.2805],[91.3024,23.2812],[91.304,23.2998],[91.3141,23.2991],[91.315,23.3086],[91.2948,23.3101],[91.298,23.3474],[91.3081,23.3466],[91.3089,23.3559],[91.2988,23.3567],[91.2997,23.366],[91.2795,23.3675],[91.2827,23.4047],[91.2726,23.4055],[91.2743,23.4241],[91.2642,23.4248],[91.2658,23.4435],[91.2557,23.4442],[91.2573,23.4628],[91.2472,23.4636],[91.2496,23.4915],[91.2294,23.493],[91.2303,23.5023],[91.2202,23.5031],[91.221,23.5124],[91.2008,23.5139],[91.2032,23.5418],[91.2133,23.5411],[91.2141,23.5504],[91.1939,23.5519],[91.1955,23.5707],[91.1854,23.5714],[91.1862,23.5808],[91.1759,23.5815],[91.1767,23.5908],[91.1666,23.5916],[91.1674,23.6009],[91.1573,23.6016],[91.1629,23.6668],[91.173,23.6661],[91.1722,23.6568],[91.1927,23.6553],[91.1918,23.6459],[91.202,23.6452],[91.206,23.6918],[91.1653,23.6947],[91.1645,23.6854],[91.1544,23.6862],[91.156,23.7048],[91.1459,23.7055],[91.1475,23.7242],[91.1576,23.7234],[91.16,23.7514],[91.2108,23.7476],[91.2201,23.7376],[91.221,23.7469],[91.2319,23.7555],[91.2343,23.7834],[91.2242,23.7841],[91.225,23.7937],[91.2351,23.7929],[91.2376,23.8209],[91.2477,23.8201],[91.2509,23.8574],[91.2408,23.8581],[91.2424,23.8767],[91.2323,23.8775],[91.2347,23.9054],[91.2449,23.9047],[91.2465,23.9233],[91.2769,23.921],[91.2785,23.9397],[91.2684,23.9404],[91.2708,23.9684],[91.2809,23.9676],[91.2818,23.9769],[91.2919,23.9762],[91.2911,23.9669],[91.302,23.9754],[91.3037,23.994],[91.3341,23.9918],[91.3332,23.9825],[91.3839,23.9787],[91.3738,23.9795],[91.3771,24.0169],[91.3872,24.0162],[91.3889,24.0348],[91.399,24.034],[91.4006,24.0527],[91.3905,24.0534],[91.3913,24.0627],[91.3812,24.0635],[91.3828,24.0821],[91.3727,24.0829],[91.3752,24.1108],[91.4259,24.107],[91.4251,24.0977],[91.4352,24.0969],[91.436,24.1063],[91.4563,24.1047],[91.4555,24.0954],[91.4656,24.0947],[91.4665,24.104],[91.487,24.1024],[91.4861,24.0931],[91.5064,24.0916],[91.5056,24.0823],[91.5969,24.0754],[91.5985,24.094],[91.6188,24.0925],[91.6197,24.1018],[91.6399,24.1002],[91.6425,24.1282],[91.6323,24.1289],[91.634,24.1476],[91.6441,24.1468],[91.6467,24.1747],[91.6568,24.174],[91.6585,24.1926],[91.6483,24.1933],[91.6509,24.2213],[91.661,24.2205],[91.6619,24.2298],[91.672,24.229],[91.6695,24.2011],[91.6796,24.2003],[91.6771,24.1724],[91.6875,24.1716],[91.6866,24.1623],[91.7069,24.1608],[91.7061,24.1514],[91.7264,24.1499],[91.7255,24.1406],[91.756,24.1382],[91.7594,24.1755],[91.7501,24.1856],[91.7535,24.2228],[91.7433,24.2236],[91.745,24.2424],[91.7653,24.2408],[91.7645,24.2315],[91.7848,24.23],[91.7839,24.2205],[91.8144,24.2181],[91.8135,24.2088],[91.8237,24.208],[91.8245,24.2173],[91.8347,24.2166],[91.8355,24.2261],[91.8457,24.2253],[91.8448,24.2158],[91.855,24.215],[91.8541,24.2057],[91.844,24.2065],[91.8422,24.1878],[91.8625,24.1863],[91.8617,24.177],[91.8718,24.1762],[91.871,24.1669],[91.8811,24.1661],[91.8794,24.1475],[91.8895,24.1467],[91.8887,24.1374],[91.909,24.1358],[91.9141,24.1916],[91.9251,24.2002],[91.9295,24.2469],[91.9396,24.2461],[91.9431,24.2833],[91.9329,24.2841],[91.9347,24.3027],[91.9245,24.3035],[91.9279,24.3408],[91.9381,24.34],[91.939,24.3493],[91.9491,24.3485],[91.95,24.3578],[91.9604,24.357],[91.9595,24.3477],[91.9697,24.3469],[91.9688,24.3376],[91.979,24.3368],[91.9781,24.3275],[91.9984,24.3259],[91.9993,24.3352],[91.9891,24.336],[91.9909,24.3546],[91.9807,24.3554],[91.9824,24.374],[91.9935,24.3825],[91.9943,24.3918],[92.0045,24.391],[92.0036,24.3817],[92.0138,24.3809],[92.0147,24.3902],[92.0248,24.3894],[92.0239,24.3801],[92.1052,24.3737],[92.1061,24.3831],[92.1264,24.3814],[92.1299,24.4187],[92.1401,24.4179],[92.141,24.4272],[92.1615,24.4255],[92.1651,24.463],[92.1547,24.4638],[92.1573,24.4917],[92.1472,24.4925],[92.148,24.5018],[92.1582,24.501],[92.1609,24.5289],[92.1916,24.5265],[92.1907,24.5172],[92.2009,24.5164],[92.2,24.5071],[92.2203,24.5055],[92.2221,24.5241],[92.2323,24.5233],[92.243,24.6351],[92.2531,24.6343],[92.2549,24.6529],[92.2447,24.6537],[92.2456,24.663],[92.2558,24.6622],[92.2585,24.6901],[92.2687,24.6893],[92.2704,24.7079],[92.2806,24.7071],[92.2824,24.7257],[92.2926,24.7249],[92.2944,24.7435],[92.2842,24.7443],[92.2886,24.7909],[92.2785,24.7917],[92.2793,24.801],[92.27,24.8111],[92.2802,24.8103],[92.2811,24.8196],[92.2709,24.8204],[92.2718,24.8297],[92.2514,24.8313],[92.2523,24.8408],[92.2421,24.8417],[92.2439,24.8603],[92.2337,24.8611],[92.2346,24.8704],[92.2448,24.8696],[92.2466,24.8882],[92.2364,24.889],[92.2382,24.9076],[92.279,24.9043],[92.2799,24.9136],[92.3105,24.9112],[92.3096,24.9019],[92.33,24.9003],[92.3282,24.8817],[92.3588,24.8792],[92.3579,24.8699],[92.3681,24.8691],[92.369,24.8784],[92.3792,24.8776],[92.3774,24.859],[92.3876,24.8581],[92.3867,24.8488],[92.4071,24.8472],[92.408,24.8565],[92.4386,24.854],[92.4404,24.8726],[92.4916,24.8685],[92.4961,24.915],[92.4859,24.9158],[92.4887,24.9437],[92.458,24.9462],[92.4571,24.9369],[92.4467,24.9378],[92.4485,24.9564],[92.4689,24.9547],[92.4698,24.964],[92.4188,24.9681],[92.4251,25.0333],[92.3639,25.0382],[92.3648,25.0475],[92.3443,25.0491],[92.3471,25.0772],[92.3164,25.0797],[92.3155,25.0702],[92.2848,25.0726],[92.2858,25.0821],[92.2449,25.0854],[92.2458,25.0947],[92.2253,25.0963],[92.2262,25.1056],[92.1954,25.1081],[92.1962,25.1174],[92.2167,25.1157],[92.2176,25.125],[92.1971,25.1267],[92.198,25.136],[92.1878,25.1368],[92.186,25.1182],[92.1758,25.119],[92.1767,25.1283],[92.1563,25.1299],[92.1665,25.1291],[92.1674,25.1384],[92.1367,25.1408],[92.1385,25.1594],[92.118,25.161],[92.1189,25.1703],[92.0985,25.1719],[92.0993,25.1812],[92.0275,25.1868],[92.0267,25.1775],[92.0164,25.1783],[92.0173,25.1876],[91.9969,25.1892],[91.996,25.1799],[91.9858,25.1807],[91.9849,25.1714],[91.9338,25.1754],[91.9346,25.1847],[91.9142,25.1863],[91.9133,25.177],[91.8724,25.1801],[91.8715,25.1708],[91.8,25.1763],[91.7991,25.167],[91.8093,25.1662],[91.758,25.1701],[91.7588,25.1794],[91.7486,25.1802],[91.7452,25.143],[91.735,25.1438],[91.7358,25.1531],[91.7051,25.1554],[91.7043,25.1461],[91.6941,25.1469],[91.6932,25.1376],[91.6625,25.1399],[91.6617,25.1306],[91.6412,25.1321],[91.6404,25.1226],[91.6199,25.1242],[91.6216,25.143],[91.6012,25.1445],[91.6037,25.1724],[91.5728,25.1748],[91.572,25.1654],[91.5816,25.1554],[91.5609,25.1569],[91.5601,25.1476],[91.5089,25.1514],[91.5081,25.1421],[91.4876,25.1436],[91.4868,25.1341],[91.4663,25.1357],[91.468,25.1545],[91.4476,25.156],[91.4467,25.1467],[91.4365,25.1474],[91.4373,25.1567],[91.4271,25.1575],[91.428,25.1668],[91.3666,25.1713],[91.3674,25.1807],[91.3572,25.1814],[91.3564,25.1721],[91.3257,25.1744],[91.3265,25.1837],[91.2853,25.1867],[91.2862,25.196],[91.2759,25.1967],[91.2768,25.206],[91.2563,25.2075],[91.2555,25.1982],[91.1839,25.2034],[91.183,25.1941],[91.0703,25.2022],[91.0695,25.1929],[91.049,25.1944],[91.0482,25.1851],[91.0073,25.188],[91.0065,25.1787],[90.986,25.1802],[90.9852,25.1707],[90.9443,25.1736],[90.9435,25.1643],[90.8821,25.1686],[90.8813,25.1593],[90.8094,25.1643],[90.8102,25.1736],[90.8,25.1744],[90.8008,25.1837],[90.7905,25.1844],[90.7898,25.1751],[90.7795,25.1758],[90.7803,25.1851],[90.7701,25.1858],[90.7693,25.1765],[90.7591,25.1772],[90.7583,25.1679],[90.7378,25.1693],[90.7363,25.1507],[90.737,25.16],[90.7166,25.1614],[90.7174,25.1707],[90.7071,25.1715],[90.7063,25.1621],[90.6859,25.1636],[90.6867,25.1729],[90.6764,25.1736],[90.6756,25.1643],[90.6652,25.165],[90.6683,25.2024],[90.6675,25.1929],[90.6573,25.1936],[90.6565,25.1843],[90.636,25.1857],[90.6353,25.1764],[90.6455,25.1757],[90.5841,25.1799],[90.5833,25.1706],[90.5117,25.1755],[90.5109,25.1662],[90.4905,25.1676],[90.4897,25.1583],[90.4692,25.1597],[90.4685,25.1504],[90.448,25.1518],[90.4472,25.1424],[90.437,25.1431],[90.4275,25.1531],[90.4071,25.1545],[90.4078,25.1638],[90.3564,25.1673],[90.3572,25.1766],[90.347,25.1773],[90.3477,25.1866],[90.3375,25.1873],[90.3382,25.1966],[90.328,25.1973],[90.3272,25.188],[90.2863,25.1907],[90.2871,25.2],[90.2049,25.2055],[90.2057,25.2148],[90.175,25.2168],[90.1757,25.2261],[90.1245,25.2295],[90.1238,25.2202],[90.1135,25.2208],[90.1143,25.2302],[90.0938,25.2315],[90.0945,25.241],[90.0741,25.2423],[90.0748,25.2517],[90.0543,25.253],[90.055,25.2623],[90.0243,25.2643],[90.025,25.2736],[89.9841,25.2763],[89.9855,25.2949],[89.9753,25.2956],[89.976,25.3049],[89.9553,25.3062],[89.9546,25.2969],[89.9238,25.2989],[89.9245,25.3082],[89.904,25.3095],[89.9033,25.3002],[89.8931,25.3008],[89.8923,25.2915],[89.8821,25.2922],[89.8814,25.2829],[89.8506,25.2848],[89.8514,25.2941],[89.8309,25.2955],[89.8316,25.3048],[89.8418,25.3041],[89.8433,25.3227],[89.833,25.3234],[89.8345,25.342],[89.8242,25.3427],[89.8264,25.3706],[89.8161,25.3713],[89.8175,25.3899],[89.8278,25.3893],[89.8321,25.4451],[89.8424,25.4445],[89.8438,25.4631],[89.8541,25.4625],[89.8548,25.4718],[89.8445,25.4724],[89.8452,25.4817],[89.8555,25.4811],[89.8577,25.5092],[89.8679,25.5086],[89.8687,25.5179],[89.8584,25.5185],[89.8605,25.5465],[89.8708,25.5458],[89.8759,25.611],[89.8861,25.6104],[89.8876,25.629],[89.8773,25.6296],[89.8795,25.6576],[89.8692,25.6582],[89.8699,25.6675],[89.8596,25.6682],[89.8611,25.6868],[89.8508,25.6875],[89.853,25.7154],[89.8324,25.7167],[89.8331,25.7262],[89.8229,25.7269],[89.8243,25.7455],[89.8346,25.7449],[89.8353,25.7542],[89.8456,25.7535],[89.8463,25.7628],[89.836,25.7635],[89.8382,25.7914],[89.8279,25.7921],[89.8293,25.8107],[89.819,25.8113],[89.8205,25.83],[89.8308,25.8293],[89.8344,25.8759],[89.8447,25.8752],[89.8461,25.8938],[89.8564,25.8932],[89.8579,25.9118],[89.8681,25.9112],[89.8689,25.9205],[89.8792,25.9198],[89.8813,25.9478],[89.8607,25.9491],[89.86,25.9397],[89.8291,25.9417],[89.8298,25.951],[89.8504,25.9497],[89.8401,25.9504],[89.8416,25.9692],[89.8622,25.9679],[89.8637,25.9865],[89.8533,25.9872],[89.8541,25.9965],[89.8438,25.9971],[89.8445,26.0064],[89.8342,26.0071],[89.832,25.9792],[89.8327,25.9885],[89.8119,25.9898],[89.8126,25.9991],[89.8232,25.9984],[89.8246,26.017],[89.8141,26.0177],[89.8162,26.0456],[89.8059,26.0463],[89.8045,26.0277],[89.7942,26.0283],[89.7949,26.0376],[89.7743,26.0389],[89.775,26.0482],[89.7853,26.0476],[89.786,26.0569],[89.7963,26.0562],[89.7978,26.0749],[89.7875,26.0755],[89.7882,26.0848],[89.7779,26.0855],[89.7793,26.1041],[89.769,26.1047],[89.7697,26.1141],[89.7594,26.1147],[89.7601,26.124],[89.7704,26.1234],[89.7711,26.1327],[89.7608,26.1333],[89.7615,26.1426],[89.7512,26.1433],[89.7527,26.1619],[89.732,26.1632],[89.7313,26.1539],[89.721,26.1545],[89.7217,26.1638],[89.7114,26.1645],[89.7107,26.1552],[89.69,26.1564],[89.6908,26.1658],[89.7011,26.1651],[89.7018,26.1744],[89.6915,26.1751],[89.6922,26.1844],[89.6819,26.185],[89.6833,26.2036],[89.6826,26.1943],[89.6723,26.195],[89.6737,26.2138],[89.684,26.2132],[89.6847,26.2225],[89.695,26.2218],[89.6847,26.2225],[89.6854,26.2318],[89.6751,26.2324],[89.6744,26.2231],[89.6331,26.2257],[89.6317,26.2068],[89.642,26.2062],[89.6413,26.1969],[89.6516,26.1963],[89.6509,26.1869],[89.6303,26.1882],[89.6296,26.1789],[89.6605,26.177],[89.6598,26.1677],[89.6185,26.1702],[89.6178,26.1609],[89.5972,26.1622],[89.5951,26.1343],[89.6054,26.1336],[89.6047,26.1243],[89.6356,26.1224],[89.6349,26.1131],[89.6246,26.1137],[89.6239,26.1044],[89.6187,26.1047],[89.6342,26.1038],[89.6321,26.0759],[89.6424,26.0752],[89.641,26.0566],[89.6101,26.0585],[89.6094,26.0492],[89.599,26.0498],[89.5976,26.0312],[89.5873,26.0318],[89.5866,26.0225],[89.5763,26.0232],[89.5749,26.0046],[89.5852,26.0039],[89.5824,25.9665],[89.5721,25.9671],[89.5728,25.9764],[89.5625,25.977],[89.5618,25.9677],[89.541,25.969],[89.5438,26.0065],[89.5129,26.0084],[89.5122,25.999],[89.4503,26.0028],[89.451,26.0121],[89.4304,26.0134],[89.4325,26.0413],[89.4119,26.0426],[89.4112,26.0333],[89.4009,26.0339],[89.4002,26.0246],[89.3899,26.0252],[89.3892,26.0159],[89.3995,26.0153],[89.3988,26.0059],[89.347,26.0091],[89.3477,26.0184],[89.3374,26.019],[89.3381,26.0283],[89.3278,26.0289],[89.3285,26.0382],[89.3079,26.0395],[89.3085,26.0488],[89.2776,26.0506],[89.279,26.0693],[89.2783,26.0599],[89.2577,26.0612],[89.2597,26.0891],[89.2494,26.0897],[89.2508,26.1083],[89.2404,26.109],[89.2411,26.1183],[89.2308,26.1189],[89.2315,26.1282],[89.1593,26.1325],[89.1599,26.1418],[89.1496,26.1424],[89.1516,26.1703],[89.1413,26.1709],[89.142,26.1802],[89.1317,26.1808],[89.1323,26.1901],[89.1426,26.1895],[89.146,26.2361],[89.1357,26.2367],[89.1364,26.2462],[89.126,26.2468],[89.1274,26.2654],[89.1168,26.2661],[89.1175,26.2754],[89.0968,26.2766],[89.0975,26.2859],[89.1078,26.2853],[89.1092,26.3039],[89.1195,26.3033],[89.1182,26.2847],[89.1287,26.2841],[89.1307,26.312],[89.1411,26.3114],[89.1417,26.3207],[89.0795,26.3243],[89.0898,26.3237],[89.0905,26.3331],[89.1008,26.3325],[89.1022,26.3511],[89.0918,26.3517],[89.0925,26.361],[89.0822,26.3616],[89.0925,26.361],[89.0952,26.3982],[89.0945,26.3889],[89.0842,26.3895],[89.0849,26.3988],[89.0745,26.3994],[89.0435,26.4012],[89.0428,26.3919],[89.0325,26.3925],[89.0338,26.4111],[89.0028,26.4129],[89.0035,26.4222],[88.9828,26.4234],[88.9848,26.4516],[88.9841,26.4423],[88.9738,26.4429],[88.9744,26.4522],[88.9641,26.4528],[88.9647,26.4621],[88.9544,26.4627],[88.9524,26.4347],[88.9421,26.4353],[88.9414,26.4258],[88.9205,26.427],[88.9198,26.4177],[88.9302,26.4171],[88.9295,26.4078],[88.9088,26.409],[88.9082,26.3997],[88.9185,26.3991],[88.9159,26.3618],[88.9471,26.36],[88.9478,26.3694],[88.9581,26.3688],[88.9562,26.3408],[88.9665,26.3402],[88.9672,26.3495],[88.9878,26.3484],[88.9872,26.339],[88.9975,26.3384],[88.9955,26.3105],[88.9962,26.3198],[88.9858,26.3204],[88.9845,26.3018],[88.9949,26.3012],[88.9942,26.2919],[89.0045,26.2913],[89.0052,26.3006],[89.0155,26.3],[89.0149,26.2907],[89.0162,26.3093],[89.0265,26.3087],[89.0245,26.2808],[89.0349,26.2802],[89.0355,26.2895],[89.0458,26.2889],[89.0452,26.2796],[89.0465,26.2982],[89.0568,26.2976],[89.0562,26.2883],[89.0665,26.2877],[89.0638,26.2505],[89.0542,26.2604],[89.0528,26.2415],[88.9702,26.2463],[88.9696,26.237],[88.9489,26.2382],[88.9502,26.257],[88.9399,26.2576],[88.9406,26.2669],[88.9302,26.2675],[88.9315,26.2861],[88.8693,26.2897],[88.8661,26.2429],[88.8764,26.2423],[88.8757,26.233],[88.8241,26.236],[88.8254,26.2546],[88.8151,26.2552],[88.8183,26.3019],[88.7977,26.3031],[88.7983,26.3124],[88.788,26.313],[88.7873,26.3037],[88.7666,26.3048],[88.766,26.2955],[88.7563,26.3054],[88.7557,26.2961],[88.7247,26.2979],[88.7234,26.2792],[88.7131,26.2798],[88.7137,26.2891],[88.7034,26.2897],[88.7027,26.2804],[88.6821,26.2815],[88.6814,26.2722],[88.6918,26.2716],[88.6808,26.2627],[88.6911,26.2621],[88.6704,26.2633],[88.6717,26.2821],[88.6612,26.2827],[88.6618,26.292],[88.6724,26.2914],[88.673,26.3007],[88.6833,26.3002],[88.6853,26.3281],[88.6956,26.3275],[88.695,26.3182],[88.7363,26.3159],[88.7369,26.3252],[88.7473,26.3246],[88.7492,26.3526],[88.7389,26.3531],[88.7382,26.3438],[88.7175,26.345],[88.7169,26.3357],[88.7066,26.3363],[88.7072,26.3456],[88.6969,26.3461],[88.6884,26.3747],[88.6781,26.3752],[88.6787,26.3845],[88.6994,26.3834],[88.6891,26.384],[88.6897,26.3933],[88.6688,26.3944],[88.6695,26.4038],[88.6904,26.4026],[88.68,26.4032],[88.6807,26.4125],[88.6494,26.4142],[88.6507,26.4328],[88.6196,26.4346],[88.6203,26.4439],[88.6306,26.4433],[88.6313,26.4528],[88.6209,26.4534],[88.6222,26.472],[88.6015,26.4732],[88.5905,26.4644],[88.6009,26.4638],[88.6002,26.4545],[88.5589,26.4568],[88.5601,26.4754],[88.5504,26.4853],[88.5297,26.4864],[88.52,26.4963],[88.5212,26.5149],[88.4902,26.5166],[88.4914,26.5353],[88.4808,26.5358],[88.4815,26.5451],[88.4608,26.5463],[88.4601,26.5369],[88.4394,26.5381],[88.44,26.5474],[88.4297,26.5479],[88.4309,26.5666],[88.4206,26.5671],[88.4231,26.6044],[88.4127,26.6049],[88.4146,26.6329],[88.4042,26.6334],[88.4036,26.6241],[88.3932,26.6247],[88.3914,26.5967],[88.381,26.5973],[88.3798,26.5787],[88.3694,26.5792],[88.3676,26.5513],[88.3572,26.5518],[88.3541,26.5053],[88.3438,26.5058],[88.3432,26.4965],[88.3328,26.4971],[88.3316,26.4784],[88.3419,26.4779],[88.3413,26.4686],[88.3517,26.468],[88.3504,26.4492],[88.3608,26.4486],[88.3632,26.4861],[88.3839,26.485],[88.3833,26.4757],[88.3937,26.4751],[88.3943,26.4844],[88.4046,26.4839],[88.404,26.4746],[88.4144,26.474],[88.4138,26.4647],[88.4241,26.4641],[88.4247,26.4734],[88.4351,26.4729],[88.4345,26.4636],[88.4864,26.4608],[88.4852,26.4419],[88.4955,26.4414],[88.4936,26.4134],[88.504,26.4129],[88.5027,26.3942],[88.5234,26.3931],[88.5228,26.3838],[88.5124,26.3844],[88.5118,26.375],[88.5221,26.3745],[88.5209,26.3559],[88.5106,26.3564],[88.5112,26.3657],[88.5008,26.3663],[88.5002,26.357],[88.4899,26.3575],[88.4893,26.3482],[88.4789,26.3488],[88.4795,26.3581],[88.4586,26.3592],[88.4599,26.3779],[88.4593,26.3686],[88.4489,26.3691],[88.4477,26.3505],[88.4373,26.351],[88.4361,26.3324],[88.4051,26.3341],[88.4045,26.3248],[88.4148,26.3242],[88.4142,26.3149],[88.3832,26.3166],[88.3826,26.3073],[88.3722,26.3078],[88.3716,26.2985],[88.3613,26.2991],[88.3607,26.2897],[88.3503,26.2903],[88.3479,26.2528],[88.3582,26.2523],[88.3563,26.2243],[88.346,26.2249],[88.3454,26.2156],[88.3247,26.2167],[88.3241,26.2074],[88.3035,26.2085],[88.3029,26.1992],[88.2822,26.2003],[88.2816,26.1909],[88.2506,26.1926],[88.25,26.1833],[88.2397,26.1838],[88.2391,26.1745],[88.2288,26.175],[88.2282,26.1657],[88.2178,26.1663],[88.2172,26.157],[88.1966,26.158],[88.196,26.1487],[88.1966,26.158],[88.186,26.1586],[88.1854,26.1493],[88.1751,26.1498],[88.1727,26.1126],[88.1624,26.1131],[88.16,26.0758],[88.1806,26.0747],[88.1782,26.0373],[88.1679,26.0378],[88.1673,26.0285],[88.1776,26.028],[88.177,26.0186],[88.1461,26.0203],[88.1449,26.0016],[88.1346,26.0022],[88.1328,25.9742],[88.1225,25.9748],[88.1219,25.9654],[88.1116,25.966],[88.111,25.9567],[88.1213,25.9561],[88.1207,25.9468],[88.1104,25.9473],[88.1098,25.938],[88.0995,25.9386],[88.0989,25.9292],[88.0886,25.9298],[88.0862,25.8925],[88.1068,25.8914],[88.0959,25.8826],[88.0953,25.8733],[88.1159,25.8723],[88.1141,25.8443],[88.1038,25.8448],[88.1026,25.8262],[88.1129,25.8257],[88.1123,25.8161],[88.1226,25.8156],[88.122,25.8063],[88.1117,25.8068],[88.1112,25.7975],[88.142,25.7959],[88.1408,25.7772],[88.1614,25.7762],[88.162,25.7855],[88.1725,25.7849],[88.1731,25.7943],[88.1834,25.7937],[88.184,25.803],[88.1943,25.8025],[88.1937,25.7932],[88.2143,25.7921],[88.2137,25.7828],[88.2149,25.8014],[88.2355,25.8003],[88.2361,25.8096],[88.2567,25.8085],[88.2573,25.8181],[88.2676,25.8175],[88.2664,25.7987],[88.2767,25.7981],[88.2761,25.7888],[88.2658,25.7894],[88.2652,25.78],[88.2961,25.7784],[88.2949,25.7597],[88.3154,25.7586],[88.3148,25.7493],[88.3142,25.74],[88.3451,25.7384],[88.3445,25.729],[88.3548,25.7285],[88.3542,25.7192],[88.3747,25.7181],[88.3735,25.6994],[88.3941,25.6983],[88.3935,25.689],[88.4038,25.6884],[88.4025,25.6698],[88.4542,25.667],[88.4511,25.6204],[88.4408,25.621],[88.4402,25.6116],[88.4505,25.6111],[88.4498,25.6018],[88.4601,25.6012],[88.4595,25.5919],[88.4698,25.5913],[88.4692,25.582],[88.4794,25.5814],[88.4801,25.5908],[88.4903,25.5902],[88.4897,25.5809],[88.5,25.5803],[88.5006,25.5896],[88.4981,25.5521],[88.5187,25.551],[88.5174,25.5324],[88.5277,25.5318],[88.5283,25.5411],[88.5386,25.5406],[88.5367,25.5126],[88.547,25.512],[88.5476,25.5214],[88.5579,25.5208],[88.5572,25.5115],[88.5983,25.5092],[88.599,25.5185],[88.6092,25.518],[88.6086,25.5086],[88.6191,25.5081],[88.6185,25.4987],[88.639,25.4976],[88.6384,25.4883],[88.6486,25.4877],[88.648,25.4784],[88.7096,25.4749],[88.7115,25.5029],[88.7423,25.5011],[88.7417,25.4918],[88.7622,25.4907],[88.7641,25.5186],[88.7949,25.5169],[88.7956,25.5262],[88.8161,25.525],[88.8155,25.5157],[88.8052,25.5163],[88.8046,25.507],[88.8148,25.5064],[88.8136,25.4878],[88.8341,25.4866],[88.8322,25.4586],[88.8424,25.458],[88.8418,25.4487],[88.8315,25.4493],[88.8283,25.4027],[88.8385,25.4021],[88.836,25.3649],[88.8565,25.3637],[88.8558,25.3544],[88.8663,25.3538],[88.8657,25.3444],[88.8759,25.3439],[88.8753,25.3345],[88.8958,25.3334],[88.8964,25.3427],[88.9067,25.3421],[88.9054,25.3235],[88.9156,25.3229],[88.915,25.3135],[88.9252,25.313],[88.9259,25.3223],[88.9246,25.3034],[88.9758,25.3005],[88.9765,25.31],[88.9868,25.3094],[88.9861,25.2999],[89.0066,25.2987],[89.0073,25.3082],[89.004,25.2614],[89.0046,25.2707],[88.9841,25.2719],[88.9835,25.2626],[88.9732,25.2632],[88.9726,25.2539],[88.9521,25.2551],[88.9501,25.2271],[88.9604,25.2265],[88.9591,25.2079],[88.9386,25.2091],[88.9373,25.1904],[88.9475,25.1898],[88.9482,25.1991],[88.9462,25.1712],[88.936,25.1718],[88.9469,25.1805],[88.9264,25.1817],[88.9251,25.1631],[88.9148,25.1636],[88.9161,25.1823],[88.8956,25.1835],[88.895,25.1741],[88.8745,25.1753],[88.8758,25.194],[88.8656,25.1946],[88.8662,25.2039],[88.8455,25.2051],[88.8461,25.2144],[88.8359,25.215],[88.8352,25.2056],[88.825,25.2062],[88.8237,25.1876],[88.8135,25.1882],[88.8122,25.1695],[88.7917,25.1707],[88.7821,25.1806],[88.7309,25.1835],[88.7322,25.2021],[88.7117,25.2033],[88.7021,25.2132],[88.7014,25.2039],[88.6912,25.2045],[88.6918,25.2138],[88.6816,25.2144],[88.6809,25.205],[88.6092,25.209],[88.608,25.1904],[88.5873,25.1916],[88.5866,25.1822],[88.5764,25.1828],[88.5758,25.1735],[88.5553,25.1746],[88.5565,25.1933],[88.5258,25.195],[88.5264,25.2043],[88.4957,25.206],[88.4963,25.2153],[88.4758,25.2164],[88.4746,25.1978],[88.4438,25.1995],[88.442,25.1715],[88.4522,25.1709],[88.4516,25.1616],[88.4618,25.1611],[88.46,25.1331],[88.4498,25.1337],[88.4491,25.1243],[88.4389,25.1249],[88.4383,25.1156],[88.4485,25.115],[88.4448,25.0589],[88.4346,25.0594],[88.4334,25.0408],[88.4538,25.0397],[88.4532,25.0304],[88.443,25.0309],[88.4417,25.0123],[88.4213,25.0134],[88.4201,24.9947],[88.4098,24.9953],[88.4092,24.986],[88.4194,24.9854],[88.4188,24.9761],[88.3984,24.9772],[88.3959,24.9399],[88.365,24.9416],[88.3656,24.9509],[88.3554,24.9515],[88.3548,24.9422],[88.3446,24.9427],[88.344,24.9334],[88.3338,24.9339],[88.3325,24.9153],[88.3223,24.9158],[88.3217,24.9065],[88.3319,24.906],[88.3313,24.8966],[88.3415,24.8961],[88.3403,24.8774],[88.3301,24.878],[88.3295,24.8687],[88.3199,24.8786],[88.3097,24.8791],[88.3091,24.8698],[88.2988,24.8703],[88.3001,24.889],[88.2796,24.8901],[88.2802,24.8994],[88.27,24.9],[88.2688,24.8813],[88.2586,24.8819],[88.2616,24.9285],[88.2513,24.929],[88.2519,24.9383],[88.2417,24.9389],[88.2423,24.9482],[88.2321,24.9488],[88.2327,24.9581],[88.1918,24.9603],[88.1912,24.9509],[88.181,24.9515],[88.1804,24.9422],[88.1707,24.952],[88.1701,24.9427],[88.1599,24.9432],[88.1593,24.9339],[88.1389,24.935],[88.1377,24.9163],[88.1479,24.9158],[88.1473,24.9065],[88.1575,24.9059],[88.1569,24.8966],[88.1672,24.8961],[88.1666,24.8868],[88.1564,24.8873],[88.1552,24.8684],[88.1756,24.8674],[88.175,24.858],[88.1648,24.8586],[88.1642,24.8493],[88.1437,24.8503],[88.1426,24.8317],[88.1323,24.8322],[88.1312,24.8136],[88.1107,24.8147],[88.1084,24.7774],[88.0775,24.779],[88.0769,24.7697],[88.0667,24.7702],[88.0655,24.7515],[88.0758,24.751],[88.0752,24.7417],[88.065,24.7422],[88.0632,24.7142],[88.053,24.7148],[88.0524,24.7055],[88.0422,24.706],[88.0416,24.6965],[88.0314,24.697],[88.0308,24.6877],[88.0206,24.6882],[88.02,24.6789],[88.0098,24.6794],[88.0086,24.6608],[88.0291,24.6597],[88.0285,24.6504],[88.0387,24.6498],[88.0381,24.6405],[88.0483,24.64],[88.0477,24.6307],[88.0579,24.6301],[88.0567,24.6115],[88.0669,24.6109],[88.0664,24.6016],[88.0766,24.6011],[88.076,24.5917],[88.0856,24.5819],[88.0844,24.5632],[88.0948,24.5627],[88.0942,24.5534],[88.1044,24.5528],[88.1039,24.5435],[88.1141,24.543],[88.1135,24.5336],[88.1237,24.5331],[88.1231,24.5238],[88.1333,24.5232],[88.1327,24.5139],[88.1429,24.5134],[88.1423,24.504],[88.1728,24.5024],[88.1723,24.4931],[88.1824,24.4926],[88.1819,24.4832],[88.192,24.4827],[88.1909,24.464],[88.2112,24.4629],[88.2106,24.4534],[88.2616,24.4507],[88.261,24.4414],[88.2813,24.4403],[88.2801,24.4216],[88.2903,24.4211],[88.2897,24.4117],[88.3101,24.4106],[88.3095,24.4013],[88.3197,24.4008],[88.3191,24.3914],[88.3292,24.3909],[88.3286,24.3816],[88.3492,24.3804],[88.3588,24.3706],[88.369,24.37],[88.3798,24.3788],[88.3893,24.3689],[88.4001,24.3777],[88.4205,24.3766],[88.4211,24.3859],[88.4415,24.3848],[88.4708,24.3644],[88.481,24.3639],[88.4803,24.3545],[88.5007,24.3534],[88.5001,24.3441],[88.5306,24.3424],[88.53,24.3331],[88.5404,24.3325],[88.5392,24.3138],[88.5493,24.3133],[88.5481,24.2946],[88.5583,24.2941],[88.5601,24.322],[88.5703,24.3215],[88.5709,24.3308],[88.5811,24.3302],[88.5805,24.3209],[88.5907,24.3203],[88.59,24.311],[88.6104,24.3099],[88.611,24.3192],[88.6212,24.3186],[88.6307,24.3087],[88.6613,24.307],[88.6619,24.3163],[88.7026,24.314],[88.7121,24.3041],[88.7223,24.3035],[88.7217,24.2942],[88.7318,24.2936],[88.7306,24.275],[88.7408,24.2744],[88.7338,24.1716],[88.7433,24.1617],[88.7421,24.1431],[88.7313,24.1344],[88.7211,24.1349],[88.7205,24.1256],[88.7103,24.1262],[88.7097,24.1169],[88.6995,24.1174],[88.6887,24.1087],[88.6989,24.1081],[88.6976,24.0895],[88.7078,24.0889],[88.7072,24.0796],[88.7275,24.0784],[88.7268,24.0691],[88.737,24.0685],[88.7364,24.0592],[88.7465,24.0586],[88.7459,24.0493],[88.7256,24.0504],[88.725,24.0411],[88.7453,24.04],[88.7446,24.0306],[88.7548,24.0301],[88.7541,24.0207],[88.7338,24.0219],[88.732,23.9939],[88.7421,23.9933],[88.7427,24.0027],[88.7529,24.0021],[88.7535,24.0114],[88.7637,24.0108],[88.7624,23.9922],[88.7728,23.9916],[88.7721,23.9823],[88.7415,23.984],[88.7402,23.9654],[88.7301,23.9659],[88.7294,23.9566],[88.7396,23.956],[88.7383,23.9372],[88.7478,23.9273],[88.7377,23.9279],[88.7364,23.9092],[88.7263,23.9098],[88.7269,23.9191],[88.7168,23.9197],[88.7161,23.9104],[88.706,23.911],[88.7054,23.9016],[88.6851,23.9028],[88.6838,23.8841],[88.6635,23.8853],[88.6629,23.876],[88.6724,23.8661],[88.6217,23.8689],[88.6224,23.8783],[88.6122,23.8788],[88.611,23.8602],[88.6008,23.8607],[88.6014,23.8701],[88.5812,23.8712],[88.5799,23.8526],[88.5901,23.852],[88.5882,23.824],[88.5983,23.8234],[88.5977,23.8141],[88.5876,23.8147],[88.587,23.8054],[88.5971,23.8048],[88.5965,23.7955],[88.5864,23.796],[88.5857,23.7867],[88.5655,23.7879],[88.5649,23.7785],[88.575,23.778],[88.5744,23.7686],[88.5845,23.7681],[88.5839,23.7587],[88.5737,23.7593],[88.5688,23.6845],[88.5789,23.6839],[88.5783,23.6746],[88.5682,23.6752],[88.5777,23.6653],[88.5676,23.6659],[88.5669,23.6565],[88.5568,23.6571],[88.5562,23.6478],[88.5663,23.6472],[88.5657,23.6379],[88.586,23.6367],[88.5866,23.6461],[88.5967,23.6455],[88.5948,23.6175],[88.5847,23.6181],[88.5841,23.6088],[88.6043,23.6076],[88.6037,23.5983],[88.6138,23.5977],[88.6145,23.6071],[88.6347,23.6059],[88.6353,23.6152],[88.6454,23.6147],[88.6436,23.5867],[88.6537,23.5861],[88.6518,23.5581],[88.6619,23.5576],[88.6613,23.5482],[88.6815,23.5471],[88.6809,23.5378],[88.691,23.5372],[88.6904,23.5279],[88.6803,23.5284],[88.7005,23.5273],[88.6999,23.518],[88.71,23.5174],[88.7094,23.5081],[88.7195,23.5075],[88.7201,23.5168],[88.7302,23.5162],[88.729,23.4976],[88.7393,23.497],[88.738,23.4783],[88.7583,23.4772],[88.7589,23.4865],[88.769,23.4859],[88.7703,23.5046],[88.7804,23.504],[88.7797,23.4947],[88.7898,23.4941],[88.7905,23.5034],[88.8006,23.5028],[88.7993,23.4842],[88.7892,23.4848],[88.7873,23.4566],[88.7974,23.456],[88.7867,23.4473],[88.786,23.4379],[88.7759,23.4385],[88.7766,23.4478],[88.7665,23.4484],[88.7646,23.4205],[88.7545,23.421],[88.7538,23.4117],[88.7639,23.4111],[88.7532,23.4024],[88.752,23.3837],[88.7621,23.3832],[88.7627,23.3925],[88.7608,23.3645],[88.7507,23.3651],[88.7494,23.3464],[88.7393,23.347],[88.7381,23.3284],[88.728,23.329],[88.7482,23.3278],[88.7469,23.3091],[88.7267,23.3103],[88.7261,23.301],[88.7158,23.3016],[88.7164,23.3109],[88.7057,23.3021],[88.7063,23.3115],[88.6956,23.3027],[88.695,23.2934],[88.7152,23.2922],[88.7139,23.2736],[88.7242,23.273],[88.723,23.2544],[88.7331,23.2538],[88.7324,23.2445],[88.7829,23.2415],[88.7822,23.232],[88.7722,23.2326],[88.7715,23.2233],[88.8119,23.2209],[88.8125,23.2303],[88.8024,23.2309],[88.8037,23.2497],[88.8239,23.2485],[88.8232,23.2392],[88.8434,23.238],[88.8428,23.2285],[88.8529,23.2279],[88.8535,23.2375],[88.9143,23.2339],[88.9136,23.2244],[88.9237,23.2238],[88.9231,23.2145],[88.9432,23.2133],[88.9426,23.204],[88.9533,23.2127],[88.9634,23.2121],[88.9641,23.2214],[88.9741,23.2208],[88.9735,23.2115],[88.9836,23.2109],[88.9842,23.2202],[88.9817,23.1829],[88.9716,23.1835],[88.9722,23.1928],[88.9621,23.1934],[88.9615,23.1841],[88.9413,23.1853],[88.94,23.1667],[88.9299,23.1673],[88.928,23.1393],[88.9287,23.1486],[88.9186,23.1492],[88.9173,23.1306],[88.9072,23.1311],[88.9059,23.1125],[88.8856,23.1137],[88.8849,23.1044],[88.8749,23.105],[88.8736,23.0863],[88.8635,23.0869],[88.8622,23.0682],[88.8723,23.0677],[88.871,23.0488],[88.8811,23.0482],[88.8792,23.0203],[88.8691,23.0208],[88.8685,23.0115],[88.8786,23.0109],[88.8779,23.0016],[88.8678,23.0022],[88.8659,22.9742],[88.8559,22.9748],[88.854,22.9468],[88.864,22.9463],[88.8647,22.9556],[88.8951,22.9538],[88.8932,22.9258],[88.9133,22.9246],[88.9127,22.9153],[88.8925,22.9165],[88.8919,22.9072],[88.902,22.9066],[88.9013,22.8973],[88.9114,22.8967],[88.9101,22.878],[88.9403,22.8763],[88.9409,22.8856],[88.951,22.885],[88.9497,22.8663],[88.9598,22.8657],[88.9591,22.8564],[88.9692,22.8558],[88.9666,22.8185],[88.9566,22.8191],[88.9553,22.8003],[88.9452,22.8009],[88.9446,22.7915],[88.9345,22.7921],[88.9339,22.7828],[88.9238,22.7834],[88.9232,22.7741],[88.9131,22.7747],[88.9119,22.756],[88.9219,22.7554],[88.92,22.7275],[88.9301,22.7269],[88.9294,22.7176],[88.9395,22.717],[88.9388,22.7076],[88.9589,22.7065],[88.957,22.6785],[88.947,22.6791],[88.9457,22.6604],[88.9356,22.661],[88.935,22.6517],[88.925,22.6523],[88.9344,22.6424],[88.9331,22.6237],[88.9632,22.622],[88.9626,22.6126],[88.9412,22.5952],[88.9386,22.5577],[88.9587,22.5565],[88.9581,22.5472],[88.9681,22.5466],[88.9668,22.5279],[88.9762,22.518],[88.9743,22.4901],[88.9843,22.4895],[88.9837,22.4801],[88.9937,22.4795],[88.9912,22.4422],[89.0005,22.4323],[88.9899,22.4236],[88.9798,22.4242],[88.9792,22.4149],[88.9692,22.4155],[88.9685,22.4062],[88.9786,22.4056],[88.9779,22.3962],[88.998,22.395],[88.9973,22.3857],[88.9873,22.3863],[88.9828,22.3209],[88.9928,22.3203],[88.9935,22.3296],[89.0035,22.329],[89.0028,22.3197],[89.0129,22.3191],[89.0122,22.3098],[89.0222,22.3092],[89.0216,22.2998],[89.0016,22.301],[89.0009,22.2917],[88.9909,22.2923],[88.9903,22.283],[89.0103,22.2818],[89.0097,22.2725],[89.0197,22.2719],[89.019,22.2625],[89.009,22.2631],[89.0084,22.2538],[89.0391,22.2613],[89.0371,22.2334],[89.0559,22.2135],[89.0659,22.2129],[89.0652,22.2036],[89.0752,22.203],[89.0739,22.1844],[89.0639,22.185],[89.062,22.157],[89.072,22.1564],[89.0714,22.1471],[89.0814,22.1465],[89.082,22.1558],[89.1022,22.1546],[89.1016,22.1453],[89.0916,22.1459],[89.0909,22.1366],[89.0807,22.1372],[89.0594,22.1197],[89.0494,22.1203],[89.0488,22.111],[89.0388,22.1116],[89.0362,22.0741],[89.0462,22.0735],[89.0449,22.0549],[89.0549,22.0543],[89.0536,22.0356],[89.0636,22.035],[89.0629,22.0257],[89.0729,22.0251],[89.0717,22.0065],[89.0819,22.0059],[89.0773,21.9406],[89.0671,21.9412],[89.0665,21.9319],[89.0365,21.9337],[89.0359,21.9244],[89.0265,21.9343],[89.0166,21.9349],[89.0172,21.9442],[88.9972,21.9454],[88.9985,21.9641],[88.9885,21.9647],[88.9872,21.946],[89.0072,21.9448],[89.0066,21.9355],[89.0166,21.9349],[89.0146,21.907],[88.9847,21.9088],[88.9853,21.9181],[88.9653,21.9193],[88.966,21.9286],[88.936,21.9304],[88.9366,21.9397],[88.9267,21.9403],[88.9286,21.9682],[88.9392,21.977],[88.9411,22.0049],[88.9704,21.9938],[88.9698,21.9845],[88.9798,21.9839],[88.9792,21.9746],[88.9991,21.9734],[88.9998,21.9827],[89.0098,21.9821],[89.0104,21.9914],[89.0098,21.9821],[88.9898,21.9833],[88.9804,21.9932],[88.9704,21.9938],[88.9711,22.0031],[88.9611,22.0037],[88.9517,22.0137],[88.9317,22.0148],[88.9298,21.9869],[88.9098,21.9881],[88.9111,22.0067],[88.9011,22.0073],[88.8992,21.9793],[88.9092,21.9787],[88.906,21.9321],[88.8954,21.9234],[88.8455,21.9263],[88.8361,21.9363],[88.8261,21.9368],[88.8268,21.9462],[88.8165,21.9468],[88.7953,21.9293],[88.7947,21.92],[88.8041,21.9101],[88.8336,21.899],[88.833,21.8897],[88.843,21.8891],[88.8423,21.8797],[88.8317,21.871],[88.8305,21.8522],[88.8198,21.8434],[88.8186,21.8248],[88.8279,21.8149],[88.8254,21.7776],[88.8348,21.7677],[88.8647,21.7659],[88.8635,21.7473],[88.8535,21.7479],[88.8423,21.7298],[88.8391,21.6832],[88.8485,21.6733],[88.8565,21.6448],[88.8665,21.6442],[88.8559,21.6355],[88.846,21.6361],[88.8447,21.6172],[88.8353,21.6271],[88.8054,21.6289],[88.8067,21.6477],[88.8167,21.6471],[88.8204,21.703],[88.8111,21.7129],[88.8009,21.7135],[88.8015,21.7229],[88.7598,21.6972],[88.8105,21.7036],[88.8073,21.657],[88.7872,21.6582],[88.7778,21.6681],[88.7473,21.6605],[88.7093,21.6908],[88.7024,21.738],[88.693,21.7479],[88.6937,21.7572],[88.7042,21.766],[88.7055,21.7846],[88.7155,21.784],[88.7167,21.8027],[88.7073,21.8126],[88.708,21.8219],[88.698,21.8225],[88.7017,21.8786],[88.7123,21.8873],[88.7148,21.9246],[88.7254,21.9334],[88.7285,21.98],[88.7497,21.9974],[88.7503,22.0068],[88.7304,22.0079],[88.7197,21.9992],[88.7097,21.9998],[88.7091,21.9904],[88.6991,21.991],[88.6979,21.9724],[88.6879,21.9729],[88.6973,21.9631],[88.6967,21.9537],[88.6867,21.9543],[88.686,21.945],[88.6761,21.9456],[88.6667,21.9555],[88.6467,21.9566],[88.6361,21.9479],[88.6265,21.9578],[88.6289,21.9951],[88.6392,21.9945],[88.6404,22.0131],[88.6202,22.0143],[88.6196,22.0049],[88.6096,22.0055],[88.609,21.9962],[88.599,21.9968],[88.5984,21.9874],[88.5884,21.988],[88.589,21.9973],[88.579,21.9979],[88.5765,21.9606],[88.5665,21.9612],[88.5671,21.9705],[88.5572,21.9711],[88.5578,21.9804],[88.5478,21.981],[88.5472,21.9716],[88.5372,21.9722],[88.5366,21.9629],[88.5466,21.9623],[88.5441,21.925],[88.5535,21.9151],[88.5553,21.9431],[88.5453,21.9437],[88.5472,21.9716],[88.5572,21.9711],[88.5565,21.9617],[88.5857,21.9601],[88.5765,21.9606],[88.5784,21.9886],[88.5984,21.9874],[88.599,21.9968],[88.5965,21.9595],[88.6065,21.9589],[88.6059,21.9496],[88.6155,21.9397],[88.6141,21.921],[88.6041,21.9216],[88.6028,21.903],[88.5929,21.9035],[88.5922,21.894],[88.5723,21.8952],[88.5716,21.8858],[88.5617,21.8864],[88.5611,21.8771],[88.5511,21.8776],[88.5523,21.8963],[88.5623,21.8957],[88.5729,21.9047],[88.5726,21.8999],[88.5735,21.914],[88.5635,21.9146],[88.5623,21.8959],[88.5529,21.9058],[88.5429,21.9064],[88.5417,21.8877],[88.5517,21.8872],[88.5511,21.8777],[88.5411,21.8782],[88.5399,21.8596],[88.5299,21.8601],[88.5293,21.8508],[88.5193,21.8514],[88.5199,21.8607],[88.5099,21.8613],[88.5105,21.8706],[88.5005,21.8712],[88.5017,21.89],[88.4911,21.881],[88.4818,21.8911],[88.48,21.863],[88.4899,21.8624],[88.4881,21.8344],[88.4787,21.8443],[88.4781,21.835],[88.4682,21.8356],[88.4676,21.8262],[88.4576,21.8268],[88.457,21.8175],[88.447,21.818],[88.4464,21.8087],[88.4564,21.8082],[88.4558,21.7988],[88.4658,21.7983],[88.4652,21.7889],[88.4552,21.7895],[88.4652,21.7889],[88.464,21.7703],[88.4534,21.7615],[88.4498,21.7056],[88.4598,21.7051],[88.4592,21.6957],[88.4685,21.6858],[88.4661,21.6484],[88.4561,21.6489],[88.4537,21.6116],[88.4438,21.6122],[88.4356,21.6407],[88.4256,21.6413],[88.4262,21.6506],[88.4163,21.6512],[88.4187,21.6886],[88.4292,21.6974],[88.4304,21.7161],[88.4205,21.7166],[88.4199,21.7073],[88.4298,21.7067],[88.4292,21.6974],[88.4093,21.6985],[88.4081,21.6799],[88.4181,21.6793],[88.4175,21.6698],[88.4075,21.6704],[88.4063,21.6517],[88.4163,21.6512],[88.4157,21.6418],[88.4256,21.6413],[88.425,21.632],[88.435,21.6314],[88.4344,21.6221],[88.4244,21.6226],[88.4238,21.6133],[88.4139,21.6139],[88.4133,21.6046],[88.4033,21.6051],[88.4027,21.5958],[88.4127,21.5952],[88.4121,21.5859],[88.3922,21.587],[88.3933,21.6057],[88.3834,21.6062],[88.384,21.6155],[88.3939,21.615],[88.3945,21.6243],[88.3846,21.6249],[88.3875,21.6715],[88.3776,21.672],[88.3782,21.6816],[88.3881,21.681],[88.3887,21.6903],[88.3993,21.6991],[88.4011,21.727],[88.3712,21.7287],[88.3811,21.7282],[88.3817,21.7375],[88.3917,21.7369],[88.3935,21.7649],[88.3841,21.7748],[88.3847,21.7841],[88.3947,21.7835],[88.3953,21.7929],[88.4053,21.7923],[88.4059,21.8016],[88.4159,21.8011],[88.4164,21.8104],[88.4264,21.8098],[88.427,21.8192],[88.4264,21.8098],[88.4164,21.8104],[88.3747,21.7847],[88.3735,21.766],[88.3434,21.7677],[88.3398,21.7117],[88.3099,21.7134],[88.3117,21.7414],[88.3017,21.7419],[88.2999,21.714],[88.29,21.7145],[88.2906,21.7238],[88.2806,21.7244],[88.2841,21.7803],[88.2941,21.7798],[88.2935,21.7704],[88.3035,21.7699],[88.3041,21.7792],[88.2941,21.7798],[88.2947,21.7891],[88.2847,21.7896],[88.2829,21.7617],[88.273,21.7622],[88.2718,21.7436],[88.2618,21.7441],[88.2606,21.7255],[88.2806,21.7244],[88.2794,21.7057],[88.2894,21.7052],[88.2888,21.6959],[88.2988,21.6953],[88.2976,21.6767],[88.3076,21.6761],[88.2946,21.6299],[88.2847,21.6304],[88.2829,21.6024],[88.2929,21.6019],[88.2923,21.5926],[88.3022,21.592],[88.3017,21.5827],[88.3116,21.5821],[88.311,21.5728],[88.3011,21.5734],[88.3005,21.5641],[88.2806,21.5652],[88.28,21.5558],[88.2501,21.5575],[88.2507,21.5668],[88.2407,21.5673],[88.243,21.6046],[88.2331,21.6052],[88.2337,21.6145],[88.2137,21.6156],[88.2237,21.615],[88.2248,21.6337],[88.2348,21.6331],[88.2372,21.6706],[88.2272,21.6712],[88.2278,21.6805],[88.2178,21.681],[88.2172,21.6717],[88.2073,21.6723],[88.2078,21.6816],[88.1979,21.6821],[88.1984,21.6915],[88.2084,21.6909],[88.219,21.6997],[88.2201,21.7183],[88.2102,21.7189],[88.2148,21.7935],[88.2048,21.794],[88.2066,21.822],[88.1972,21.8318],[88.1872,21.8324],[88.1878,21.8417],[88.1978,21.8412],[88.1984,21.8505],[88.1884,21.851],[88.179,21.8607],[88.1784,21.8516],[88.1684,21.8521],[88.169,21.8614],[88.1788,21.8609],[88.169,21.8614],[88.1696,21.8708],[88.1793,21.8702],[88.1693,21.8708],[88.1699,21.8801],[88.1599,21.8806],[88.1611,21.8993],[88.1711,21.8987],[88.1734,21.9362],[88.1634,21.9368],[88.164,21.9461],[88.154,21.9466],[88.1558,21.9746],[88.1657,21.9741],[88.1663,21.9834],[88.1763,21.9829],[88.1769,21.9922],[88.1869,21.9916],[88.1875,22.001],[88.1977,22.0004],[88.1989,22.0191],[88.2089,22.0185],[88.2106,22.0465],[88.2206,22.0459],[88.2241,22.1019],[88.2147,22.1118],[88.2159,22.1304],[88.2059,22.1309],[88.2082,22.1684],[88.198,22.169],[88.1986,22.1783],[88.1886,22.1789],[88.1891,22.1882],[88.1791,22.1887],[88.1797,22.1981],[88.1297,22.2008],[88.1302,22.2101],[88.0201,22.216],[88.0207,22.2253],[88.0106,22.2258],[88.0118,22.2445],[87.9812,22.2368],[87.9806,22.2274],[87.9906,22.2269],[87.99,22.2176],[87.9995,22.2077],[88.0095,22.2072],[88.0089,22.1979],[88.029,22.1968],[88.0295,22.2061],[88.0496,22.2051],[88.059,22.1952],[88.069,22.1947],[88.0684,22.1853],[88.0885,22.1843],[88.089,22.1936],[88.1391,22.1909],[88.1474,22.1624],[88.1574,22.1618],[88.1568,22.1525],[88.1668,22.152],[88.1662,22.1425],[88.1762,22.1419],[88.1756,22.1326],[88.1945,22.1129],[88.1839,22.1041],[88.1827,22.0854],[88.1727,22.086],[88.1721,22.0766],[88.1621,22.0772],[88.1616,22.0679],[88.1516,22.0684],[88.151,22.0591],[88.131,22.0602],[88.1304,22.0508],[88.1204,22.0514],[88.1198,22.042],[88.0892,22.0343],[88.0887,22.025],[88.0787,22.0255],[88.0781,22.0162],[88.0481,22.0178],[88.0464,21.9899],[88.0364,21.9904],[88.0352,21.9717],[88.0252,21.9723],[88.0235,21.9443],[88.0135,21.9448],[88.0118,21.9169],[88.0018,21.9174],[88.0007,21.8985],[87.9907,21.8991],[87.9896,21.8804],[87.9796,21.8809],[87.9784,21.8623],[87.9684,21.8628],[87.9679,21.8535],[87.9579,21.854],[87.9568,21.8354],[87.9468,21.8359],[87.9462,21.8266],[87.9362,21.8271],[87.9357,21.8178],[87.9257,21.8183],[87.9251,21.809],[87.9149,21.8095],[87.9144,21.8002],[87.8944,21.8013],[87.8938,21.7919],[87.8838,21.7925],[87.8827,21.7738],[87.8727,21.7743],[87.8722,21.765],[87.8622,21.7655],[87.8611,21.7469],[87.8306,21.7391],[87.83,21.7298],[87.8201,21.7303],[87.8189,21.7117],[87.809,21.7122],[87.8084,21.7029],[87.7984,21.7034],[87.7979,21.6941],[87.748,21.6966],[87.7474,21.6871],[87.7375,21.6876],[87.7369,21.6783],[87.7267,21.6788],[87.7262,21.6695],[87.7062,21.6705],[87.7057,21.6612],[87.6857,21.6622],[87.6852,21.6529],[87.6553,21.6544],[87.6547,21.6451],[87.6448,21.6456],[87.6458,21.6642],[87.6453,21.6549],[87.6353,21.6554],[87.6348,21.6461],[87.5644,21.6403],[87.5639,21.631],[87.534,21.6325],[87.5335,21.6232],[87.4831,21.6163],[87.4825,21.607],[87.4524,21.6085],[87.4519,21.5992],[87.4319,21.6002],[87.4314,21.5908],[87.4115,21.5918],[87.411,21.5825],[87.401,21.583],[87.4005,21.5737],[87.37,21.5658],[87.3695,21.5565],[87.2597,21.5618],[87.2591,21.5525],[87.2193,21.5544],[87.2188,21.5451],[87.1889,21.5465],[87.1883,21.537],[87.1684,21.538],[87.1679,21.5286],[87.148,21.5296],[87.1475,21.5203],[87.1375,21.5207],[87.137,21.5114],[87.1171,21.5123],[87.1166,21.503],[87.1066,21.5035],[87.1061,21.4942],[87.0961,21.4946],[87.0956,21.4853],[87.0857,21.4858],[87.0852,21.4765],[87.0752,21.4769],[87.0747,21.4676],[87.0548,21.4685],[87.0543,21.4592],[87.0443,21.4597],[87.0438,21.4504],[87.0339,21.4508],[87.0334,21.4415],[87.0234,21.442],[87.0229,21.4326],[86.9923,21.4247],[86.9918,21.4154],[86.9819,21.4159],[86.9814,21.4065],[86.9714,21.407],[86.9709,21.3977],[86.961,21.3981],[86.96,21.3795],[86.95,21.3799],[86.9495,21.3706],[86.9396,21.3711],[86.9281,21.3436],[86.9182,21.344],[86.9177,21.3347],[86.9078,21.3352],[86.9073,21.3258],[86.8968,21.3168],[86.8869,21.3172],[86.8854,21.2892],[86.8755,21.2897],[86.875,21.2804],[86.865,21.2808],[86.8641,21.2622],[86.8541,21.2626],[86.8531,21.244],[86.8432,21.2444],[86.8422,21.2258],[86.8323,21.2262],[86.8313,21.2076],[86.8512,21.2067],[86.8502,21.188],[86.8403,21.1885],[86.8369,21.1232],[86.8468,21.1228],[86.8454,21.0948],[86.8728,21.0466],[86.8723,21.0373],[86.8822,21.0368],[86.8817,21.0275],[86.8916,21.0271],[86.8907,21.0084],[86.9006,21.008],[86.8996,20.9893],[86.9095,20.9889],[86.9086,20.9702],[86.9185,20.9697],[86.9175,20.9511],[86.9274,20.9506],[86.927,20.9413],[86.9369,20.9409],[86.9359,20.9222],[86.9458,20.9218],[86.9448,20.9031],[86.9548,20.9027],[86.9543,20.8933],[86.9642,20.8929],[86.9632,20.8742],[86.9731,20.8738],[86.9726,20.8644],[86.9825,20.864],[86.9801,20.8172],[86.9697,20.8083],[86.9687,20.7897],[86.9588,20.7901],[86.9583,20.7808],[86.9484,20.7813],[86.9479,20.772],[86.938,20.7724],[86.9976,20.7696],[86.9962,20.7417],[87.0061,20.7412],[87.0046,20.7132],[86.9947,20.7137],[87.0041,20.7039],[87.0338,20.7025],[87.0234,20.6937],[87.0135,20.6941],[87.013,20.6848],[87.0031,20.6853],[87.0026,20.676],[86.9927,20.6764],[86.9922,20.6671],[86.9618,20.6592],[86.9613,20.6499],[86.9514,20.6503],[86.9509,20.641],[86.941,20.6415],[86.9405,20.6321],[86.9208,20.6331],[86.9203,20.6237],[86.9104,20.6242],[86.9099,20.6149],[86.9,20.6153],[86.8995,20.6058],[86.8797,20.6067],[86.8792,20.5974],[86.8693,20.5979],[86.8688,20.5885],[86.8589,20.589],[86.8584,20.5797],[86.8486,20.5801],[86.8481,20.5708],[86.8382,20.5713],[86.8377,20.5619],[86.8075,20.554],[86.8071,20.5447],[86.7972,20.5451],[86.7967,20.5358],[86.7868,20.5362],[86.7863,20.5269],[86.7762,20.5274],[86.7757,20.5181],[86.7658,20.5185],[86.7649,20.4999],[86.755,20.5003],[86.7541,20.4817],[86.7333,20.4639],[86.73,20.3987],[86.7399,20.3983],[86.7389,20.3794],[86.7493,20.3885],[86.7592,20.388],[86.7597,20.3974],[86.7695,20.3969],[86.77,20.4062],[86.7801,20.4058],[86.7787,20.3776],[86.7984,20.3767],[86.7975,20.3581],[86.7876,20.3585],[86.7871,20.3492],[86.7772,20.3497],[86.7763,20.331],[86.7657,20.3222],[86.7559,20.3226],[86.7554,20.3133],[86.7455,20.3137],[86.745,20.3044],[86.7352,20.3049],[86.7347,20.2956],[86.7248,20.296],[86.7243,20.2867],[86.7046,20.2876],[86.7041,20.2783],[86.6844,20.2791],[86.6834,20.2605],[86.6637,20.2614],[86.6632,20.2521],[86.6435,20.253],[86.643,20.2436],[86.6233,20.2445],[86.6228,20.2352],[86.6031,20.2361],[86.6026,20.2268],[86.5927,20.2272],[86.5923,20.2179],[86.5824,20.2183],[86.5819,20.209],[86.5622,20.2099],[86.5617,20.2006],[86.5519,20.201],[86.5514,20.1917],[86.5415,20.1921],[86.5411,20.1828],[86.5312,20.1832],[86.5308,20.1739],[86.5209,20.1743],[86.5204,20.165],[86.5104,20.1655],[86.4982,20.1191],[86.4883,20.1195],[86.4879,20.1102],[86.478,20.1106],[86.4771,20.092],[86.4673,20.0924],[86.4668,20.0831],[86.4569,20.0835],[86.4565,20.0742],[86.4466,20.0747],[86.4462,20.0653],[86.4251,20.0382],[86.4242,20.0196],[86.4144,20.02],[86.413,19.9921],[86.4032,19.9925],[86.4027,19.9832],[86.3929,19.9836],[86.3924,19.9743],[86.3826,19.9747],[86.3821,19.9652],[86.3919,19.9648],[86.3915,19.9557],[86.3718,19.9565],[86.3714,19.9472],[86.3221,19.9493],[86.3217,19.9398],[86.2919,19.941],[86.2915,19.9317],[86.2615,19.9237],[86.261,19.9143],[86.2311,19.9063],[86.2306,19.897],[86.2011,19.8982],[86.2006,19.8889],[86.181,19.8897],[86.1805,19.8804],[86.151,19.8816],[86.1506,19.8723],[86.121,19.8735],[86.1206,19.8642],[86.0911,19.8654],[86.0906,19.8561],[86.0609,19.8573],[86.0605,19.848],[86.0309,19.8492],[86.0305,19.8399],[85.9911,19.8415],[85.9907,19.8322],[85.9513,19.8337],[85.9411,19.8248],[85.9214,19.8256],[85.921,19.8163],[85.8915,19.8175],[85.8812,19.8085],[85.8613,19.8093],[85.8609,19.8],[85.8314,19.8012],[85.831,19.7918],[85.8015,19.793],[85.801,19.7837],[85.7814,19.7845],[85.781,19.7751],[85.7514,19.7763],[85.751,19.7668],[85.7412,19.7671],[85.731,19.7582],[85.6814,19.7508],[85.681,19.7415],[85.6711,19.7418],[85.6707,19.7325],[85.6412,19.7337],[85.6408,19.7243],[85.5907,19.7076],[85.5903,19.6983],[85.5706,19.699],[85.5702,19.6897],[85.5506,19.6904],[85.5502,19.6811],[85.5203,19.6729],[85.5199,19.6636],[85.5101,19.6639],[85.4998,19.655],[85.4802,19.6557],[85.4798,19.6464],[85.4601,19.6471],[85.4598,19.6378],[85.4401,19.6385],[85.4397,19.6292],[85.4198,19.6299],[85.4195,19.6206],[85.3896,19.6124],[85.3892,19.6031],[85.3696,19.6038],[85.3692,19.5945],[85.3594,19.5948],[85.359,19.5855],[85.3393,19.5862],[85.339,19.5769],[85.3091,19.5686],[85.3088,19.5593],[85.2989,19.5597],[85.2986,19.5502],[85.2687,19.5419],[85.2683,19.5326],[85.2585,19.5329],[85.2582,19.5236],[85.2483,19.524],[85.248,19.5147],[85.2382,19.515],[85.2378,19.5057],[85.2181,19.5064],[85.2178,19.4971],[85.208,19.4974],[85.2076,19.4881],[85.1978,19.4884],[85.1974,19.4791],[85.1876,19.4795],[85.1872,19.4702],[85.1674,19.4709],[85.167,19.4615],[85.1572,19.4619],[85.1568,19.4526],[85.147,19.4529],[85.1467,19.4436],[85.1369,19.4439],[85.1365,19.4346],[85.1267,19.435],[85.1263,19.4256],[85.1165,19.426],[85.1162,19.4167],[85.1063,19.417],[85.106,19.4077],[85.0962,19.408],[85.0955,19.3894],[85.0856,19.3897],[85.0853,19.3804],[85.0751,19.3715],[85.0653,19.3718],[85.065,19.3625],[85.0453,19.3631],[85.045,19.3538],[85.0352,19.3542],[85.0348,19.3449],[85.025,19.3452],[85.0247,19.3359],[85.005,19.3365],[85.0047,19.3272],[84.9949,19.3276],[84.9945,19.318],[84.9747,19.3187],[84.9744,19.3094],[84.9646,19.3097],[84.9642,19.3004],[84.9544,19.3007],[84.9541,19.2914],[84.9443,19.2918],[84.9439,19.2824],[84.9341,19.2828],[84.9338,19.2735],[84.924,19.2738],[84.9236,19.2645],[84.9138,19.2648],[84.9135,19.2555],[84.9037,19.2558],[84.9033,19.2465],[84.8935,19.2468],[84.8932,19.2375],[84.8834,19.2378],[84.883,19.2285],[84.8732,19.2288],[84.8729,19.2195],[84.8631,19.2199],[84.8628,19.2105],[84.853,19.2109],[84.8526,19.2016],[84.8428,19.2019],[84.8425,19.1926],[84.8327,19.1929],[84.832,19.1743],[84.8222,19.1746],[84.8219,19.1653],[84.8121,19.1656],[84.8117,19.1563],[84.8016,19.1473],[84.8009,19.1287],[84.7912,19.129],[84.7905,19.1104],[84.7807,19.1107],[84.78,19.0919],[84.7702,19.0922],[84.7699,19.0829],[84.7601,19.0832],[84.7395,19.0559],[84.7288,19.0283],[84.7083,19.0103],[84.7077,18.9916],[84.6979,18.992],[84.6976,18.9827],[84.6878,18.983],[84.6871,18.9643],[84.6773,18.9647],[84.677,18.9553],[84.6672,18.9557],[84.6669,18.9463],[84.6571,18.9467],[84.6568,18.9373],[84.647,18.9377],[84.6467,18.9283],[84.6369,18.9286],[84.6366,18.9193],[84.6268,18.9196],[84.6265,18.9103],[84.6167,18.9106],[84.6164,18.9013],[84.6066,18.9016],[84.606,18.883],[84.5962,18.8833],[84.5959,18.874],[84.5861,18.8743],[84.5855,18.8555],[84.5757,18.8558],[84.5751,18.8372],[84.5653,18.8375],[84.5646,18.8189],[84.5549,18.8192],[84.5539,18.7913],[84.5442,18.7916],[84.5438,18.7823],[84.5341,18.7826],[84.5338,18.7732],[84.5238,18.7736],[84.5235,18.7642],[84.5137,18.7645],[84.5134,18.7552],[84.5036,18.7555],[84.5033,18.7462],[84.4935,18.7465],[84.4932,18.7372],[84.4835,18.7375],[84.4831,18.7282],[84.4734,18.7285],[84.4728,18.7099],[84.463,18.7102],[84.4627,18.7009],[84.4529,18.7012],[84.4523,18.6826],[84.4425,18.6829],[84.4416,18.6549],[84.4319,18.6552],[84.4315,18.6459],[84.4218,18.6462],[84.4215,18.6369],[84.4117,18.6372],[84.4114,18.6277],[84.4016,18.628],[84.4013,18.6187],[84.3916,18.619],[84.3913,18.6097],[84.3815,18.61],[84.3812,18.6007],[84.3715,18.601],[84.3712,18.5916],[84.3614,18.5919],[84.3602,18.5547],[84.3504,18.555],[84.3501,18.5457],[84.3404,18.546],[84.3401,18.5367],[84.3303,18.537],[84.33,18.5277],[84.3105,18.5282],[84.3102,18.5189],[84.3005,18.5192],[84.3002,18.5099],[84.2904,18.5102],[84.2901,18.5009],[84.2804,18.5012],[84.2801,18.4919],[84.2701,18.4922],[84.2698,18.4829],[84.2601,18.4831],[84.2598,18.4738],[84.25,18.4741],[84.2498,18.4648],[84.24,18.4651],[84.2397,18.4558],[84.23,18.4561],[84.2297,18.4468],[84.2199,18.4471],[84.2196,18.4378],[84.2099,18.438],[84.2096,18.4287],[84.1999,18.429],[84.1996,18.4197],[84.1898,18.42],[84.1895,18.4107],[84.1798,18.411],[84.1795,18.4014],[84.1697,18.4017],[84.1695,18.3924],[84.1597,18.3927],[84.1594,18.3834],[84.1497,18.3837],[84.1391,18.356],[84.1293,18.3563],[84.1279,18.3098],[84.1182,18.3101],[84.1179,18.3008],[84.0984,18.3013],[84.0981,18.292],[84.0785,18.2926],[84.0782,18.2833],[84.0682,18.2742],[84.0584,18.2745],[84.0582,18.2652],[84.0387,18.2657],[84.0384,18.2564],[84.0189,18.257],[84.0187,18.2477],[83.9992,18.2482],[83.9989,18.2389],[83.9795,18.2394],[83.9792,18.2299],[83.9695,18.2302],[83.9692,18.2209],[83.9497,18.2214],[83.9494,18.2121],[83.93,18.2126],[83.92,18.2036],[83.9005,18.2041],[83.9003,18.1948],[83.8808,18.1953],[83.8805,18.186],[83.8708,18.1863],[83.8705,18.177],[83.8511,18.1775],[83.8508,18.1682],[83.8312,18.1687],[83.8309,18.1594],[83.8017,18.1602],[83.8015,18.1509],[83.782,18.1514],[83.7817,18.1421],[83.7523,18.1335],[83.7521,18.1242],[83.7326,18.1247],[83.7323,18.1154],[83.7129,18.1159],[83.7126,18.1066],[83.7029,18.1068],[83.7027,18.0975],[83.6832,18.098],[83.683,18.0887],[83.6733,18.089],[83.673,18.0797],[83.6633,18.0799],[83.663,18.0706],[83.6434,18.0711],[83.6431,18.0618],[83.6334,18.062],[83.6332,18.0527],[83.6234,18.053],[83.6232,18.0437],[83.6038,18.0442],[83.6035,18.0349],[83.5938,18.0351],[83.5935,18.0258],[83.5838,18.026],[83.5836,18.0167],[83.5739,18.017],[83.5736,18.0075],[83.5639,18.0077],[83.5632,17.9798],[83.5534,17.9801],[83.5532,17.9708],[83.5435,17.971],[83.5432,17.9617],[83.5335,17.9619],[83.5333,17.9526],[83.5236,17.9529],[83.5233,17.9436],[83.5136,17.9438],[83.5134,17.9345],[83.494,17.935],[83.4937,17.9257],[83.484,17.9259],[83.4838,17.9166],[83.4741,17.9168],[83.4738,17.9075],[83.4641,17.9078],[83.4639,17.8985],[83.4542,17.8987],[83.4537,17.8801],[83.444,17.8803],[83.4437,17.871],[83.434,17.8713],[83.4338,17.862],[83.4241,17.8622],[83.4239,17.8529],[83.4142,17.8531],[83.413,17.8067],[83.4033,17.8069],[83.403,17.7976],[83.3933,17.7978],[83.3931,17.7885],[83.3832,17.7887],[83.3827,17.77],[83.3633,17.7704],[83.3631,17.7611],[83.3534,17.7613],[83.3529,17.7427],[83.3432,17.743],[83.3428,17.7244],[83.3331,17.7246],[83.3329,17.7153],[83.3232,17.7155],[83.3229,17.7062],[83.3035,17.7067],[83.3033,17.6974],[83.2936,17.6976],[83.2929,17.6697],[83.2833,17.6699],[83.283,17.6606],[83.2733,17.6609],[83.2731,17.6516],[83.2634,17.6518],[83.2632,17.6425],[83.2438,17.6429],[83.2136,17.5971],[83.1153,17.5432],[83.0959,17.5436],[83.0664,17.5257],[83.0176,17.5081],[82.9779,17.4624],[82.841,17.4094],[82.8215,17.4005],[82.8213,17.3912],[82.7528,17.3646],[82.7335,17.365],[82.7333,17.3557],[82.7139,17.356],[82.7138,17.3468],[82.7041,17.3469],[82.7039,17.3377],[82.6846,17.338],[82.6844,17.3287],[82.665,17.3291],[82.6649,17.3196],[82.6552,17.3198],[82.655,17.3105],[82.6357,17.3108],[82.6355,17.3015],[82.6162,17.3019],[82.616,17.2926],[82.6063,17.2928],[82.6061,17.2835],[82.5575,17.2658],[82.5475,17.2473],[82.5281,17.2477],[82.528,17.2384],[82.5181,17.2386],[82.5179,17.2293],[82.5082,17.2294],[82.5081,17.2202],[82.4789,17.2114],[82.4788,17.2021],[82.4691,17.2022],[82.4689,17.193],[82.4593,17.1931],[82.4591,17.1838],[82.4494,17.184],[82.4493,17.1747],[82.4396,17.1749],[82.4394,17.1656],[82.4298,17.1657],[82.4296,17.1565],[82.42,17.1566],[82.4198,17.1473],[82.4102,17.1475],[82.41,17.1382],[82.4003,17.1384],[82.4002,17.1291],[82.3905,17.1292],[82.3903,17.12],[82.3807,17.1201],[82.3805,17.1108],[82.3709,17.111],[82.3707,17.1017],[82.3611,17.1019],[82.3609,17.0926],[82.3513,17.0927],[82.3511,17.0832],[82.3414,17.0834],[82.3413,17.0741],[82.3314,17.0743],[82.3313,17.065],[82.3216,17.0651],[82.3214,17.0559],[82.3118,17.056],[82.3116,17.0467],[82.302,17.0469],[82.3017,17.0283],[82.292,17.0285],[82.2917,17.0099],[82.2821,17.0101],[82.2816,16.9822],[82.272,16.9824],[82.2712,16.9359],[82.2615,16.9361],[82.242,16.9178],[82.2416,16.8993],[82.2513,16.8991],[82.2511,16.8898],[82.2608,16.8897],[82.2605,16.8711],[82.2894,16.8707],[82.2892,16.8614],[82.299,16.8705],[82.2988,16.8612],[82.3085,16.8611],[82.3083,16.8516],[82.3276,16.8513],[82.3277,16.8608],[82.3376,16.8606],[82.3374,16.8512],[82.3567,16.8508],[82.3569,16.8603],[82.3663,16.8507],[82.3671,16.8973],[82.3575,16.8974],[82.3673,16.9066],[82.3676,16.9251],[82.358,16.9253],[82.3582,16.9346],[82.3678,16.9344],[82.3662,16.8414],[82.3565,16.8416],[82.3554,16.7766],[82.3458,16.7768],[82.3448,16.7211],[82.3352,16.7213],[82.335,16.712],[82.3447,16.7118],[82.3445,16.7025],[82.3349,16.7027],[82.3345,16.6841],[82.3247,16.6843],[82.3244,16.6655],[82.3148,16.6657],[82.3146,16.6564],[82.305,16.6566],[82.3048,16.6473],[82.3145,16.6471],[82.3141,16.6286],[82.3045,16.6288],[82.3047,16.638],[82.3045,16.6288],[82.2853,16.6291],[82.2848,16.6012],[82.2944,16.6011],[82.294,16.5733],[82.2747,16.5736],[82.2746,16.5643],[82.265,16.5644],[82.2842,16.5641],[82.284,16.5549],[82.2937,16.5547],[82.2938,16.564],[82.3036,16.5731],[82.3033,16.5546],[82.2552,16.5553],[82.2454,16.5462],[82.2262,16.5465],[82.2357,16.5371],[82.1971,16.5284],[82.1969,16.5191],[82.1292,16.4923],[82.0903,16.465],[82.0225,16.4379],[82.003,16.4197],[81.9838,16.4199],[81.9836,16.4106],[81.9644,16.4109],[81.9642,16.3924],[81.8968,16.3933],[81.8966,16.384],[81.8678,16.3844],[81.8677,16.3751],[81.8485,16.3753],[81.8484,16.3661],[81.8292,16.3663],[81.829,16.357],[81.8098,16.3573],[81.8097,16.348],[81.7905,16.3482],[81.7904,16.339],[81.7615,16.3301],[81.7518,16.3209],[81.7326,16.3211],[81.7325,16.3119],[81.7133,16.3121],[81.7229,16.312],[81.7134,16.3214],[81.6942,16.3216],[81.6943,16.3308],[81.6365,16.3315],[81.6366,16.3408],[81.5694,16.3415],[81.5695,16.3508],[81.4253,16.3523],[81.4252,16.343],[81.3868,16.3434],[81.3867,16.3341],[81.3579,16.3344],[81.3579,16.3251],[81.3387,16.3253],[81.3386,16.316],[81.3194,16.3162],[81.3193,16.3069],[81.3001,16.3071],[81.3,16.2978],[81.2904,16.2979],[81.2903,16.2886],[81.2615,16.2796],[81.2614,16.2703],[81.2518,16.2704],[81.2419,16.2427],[81.2323,16.2428],[81.2322,16.2335],[81.2224,16.2336],[81.2223,16.2149],[81.2127,16.2149],[81.2124,16.1779],[81.2028,16.1779],[81.2023,16.1223],[81.1927,16.1224],[81.1925,16.0946],[81.1829,16.0947],[81.1827,16.0762],[81.1731,16.0763],[81.173,16.0577],[81.1634,16.0578],[81.1632,16.0393],[81.1537,16.0393],[81.1535,16.0208],[81.1439,16.0209],[81.1436,15.9836],[81.1532,15.9836],[81.1531,15.9743],[81.134,15.9745],[81.1338,15.9559],[81.1147,15.9561],[81.1146,15.9468],[81.105,15.9469],[81.1049,15.9376],[81.0954,15.9377],[81.0953,15.9284],[81.0857,15.9285],[81.0857,15.9192],[81.0761,15.9193],[81.076,15.91],[81.0664,15.9101],[81.0664,15.9009],[81.0568,15.9009],[81.0567,15.8917],[81.0472,15.8917],[81.0372,15.864],[81.0276,15.8641],[81.0275,15.8548],[81.018,15.8549],[81.0179,15.8456],[81.0083,15.8457],[81.0081,15.8179],[81.0177,15.8179],[81.0175,15.7901],[81.0176,15.7993],[81.008,15.7994],[81.0079,15.7809],[81.0174,15.7808],[81.0174,15.7716],[80.9982,15.7717],[80.9982,15.7624],[81.0077,15.7624],[81.0077,15.7529],[80.9981,15.753],[80.998,15.7437],[80.9885,15.7438],[80.9788,15.7346],[80.9597,15.7347],[80.9597,15.7255],[80.9501,15.7255],[80.9501,15.7163],[80.8832,15.7167],[80.8831,15.7074],[80.8162,15.7078],[80.8163,15.7171],[80.8164,15.7325],[80.8166,15.7636],[80.807,15.7636],[80.8072,15.7914],[80.7974,15.7915],[80.7975,15.81],[80.7879,15.81],[80.788,15.8193],[80.7976,15.8192],[80.8073,15.8192],[80.8073,15.8099],[80.8168,15.8099],[80.8169,15.8284],[80.8074,15.8377],[80.8075,15.847],[80.7977,15.847],[80.7978,15.8563],[80.7882,15.8563],[80.7883,15.8656],[80.7596,15.8657],[80.7596,15.875],[80.7309,15.8751],[80.7214,15.8845],[80.664,15.8847],[80.664,15.8755],[80.6064,15.8757],[80.6063,15.8665],[80.568,15.8666],[80.568,15.8574],[80.5489,15.8574],[80.5488,15.8482],[80.5393,15.8482],[80.5393,15.8575],[80.5297,15.8482],[80.5201,15.8483],[80.5201,15.839],[80.4914,15.8391],[80.4914,15.8298],[80.4723,15.8299],[80.4722,15.8207],[80.4531,15.8207],[80.4531,15.8115],[80.434,15.8115],[80.4339,15.8023],[80.4148,15.8023],[80.4148,15.793],[80.4052,15.7931],[80.4052,15.7838],[80.3861,15.7839],[80.386,15.7746],[80.3667,15.7747],[80.3667,15.7654],[80.3571,15.7654],[80.3571,15.756],[80.3475,15.756],[80.3475,15.7467],[80.338,15.7468],[80.3379,15.7375],[80.3284,15.7375],[80.3284,15.7283],[80.3188,15.7283],[80.3188,15.719],[80.3092,15.719],[80.3092,15.7098],[80.2997,15.7098],[80.2996,15.7005],[80.2901,15.7006],[80.2901,15.6913],[80.2805,15.6913],[80.2805,15.6728],[80.2709,15.6728],[80.2613,15.6451],[80.2518,15.6451],[80.2517,15.6266],[80.2422,15.6266],[80.2421,15.5988],[80.223,15.5989],[80.223,15.5896],[80.2326,15.5896],[80.2325,15.5618],[80.223,15.5618],[80.2229,15.5248],[80.2134,15.5248],[80.2134,15.5154],[80.2038,15.5154],[80.2038,15.4969],[80.194,15.4969],[80.2133,15.4969],[80.2133,15.4876],[80.2038,15.4876],[80.2037,15.4599],[80.194,15.4599],[80.194,15.4506],[80.1844,15.4507],[80.1844,15.4414],[80.1749,15.4414],[80.1749,15.4322],[80.1653,15.4322],[80.1558,15.4044],[80.1462,15.4044],[80.1462,15.3952],[80.1367,15.3952],[80.1367,15.386],[80.1272,15.386],[80.1271,15.3675],[80.1176,15.3675],[80.1176,15.349],[80.1081,15.349],[80.108,15.3212],[80.0985,15.3212],[80.0985,15.3027],[80.089,15.3027],[80.089,15.2748],[80.0794,15.2748],[80.0794,15.2286],[80.0889,15.2286],[80.0889,15.2193],[80.0889,15.2378],[80.0889,15.1916],[80.0794,15.1916],[80.0699,15.1823],[80.0794,15.1823],[80.0794,15.1731],[80.0699,15.1731],[80.0698,15.1546],[80.0603,15.1454],[80.0603,15.1269],[80.0508,15.1176],[80.0508,14.9973],[80.0603,14.9973],[80.0602,14.9418],[80.0697,14.9418],[80.0697,14.9141],[80.0792,14.9141],[80.0792,14.8864],[80.0887,14.8864],[80.0887,14.803],[80.0981,14.803],[80.0981,14.7661],[80.1076,14.7661],[80.1076,14.7384],[80.1171,14.7384],[80.1171,14.7291],[80.1265,14.7291],[80.1265,14.7199],[80.136,14.7199],[80.136,14.7014],[80.1455,14.7014],[80.1455,14.6737],[80.1549,14.6737],[80.1549,14.6458],[80.1644,14.6458],[80.1644,14.6181],[80.1738,14.6181],[80.1738,14.5996],[80.1928,14.5996],[80.1927,14.5534],[80.1832,14.5535],[80.1831,14.4888],[80.1737,14.4889],[80.1735,14.3595],[80.1641,14.3595],[80.164,14.3318],[80.1546,14.3318],[80.1545,14.3042],[80.1451,14.3042],[80.145,14.2765],[80.1356,14.2765],[80.1355,14.2304],[80.1261,14.2304],[80.126,14.1196],[80.1354,14.1195],[80.1354,14.0827],[80.1448,14.0827],[80.1448,14.0366],[80.1542,14.0366],[80.1636,13.9905],[80.173,13.9905],[80.173,13.972],[80.1825,13.972],[80.1824,13.9444],[80.1919,13.9444],[80.1918,13.9257],[80.2015,13.9257],[80.2014,13.9073],[80.2109,13.9073],[80.2108,13.8889],[80.2203,13.8888],[80.2202,13.8612],[80.2296,13.8612],[80.239,13.8151],[80.2484,13.8151],[80.2484,13.7875],[80.2578,13.7875],[80.2578,13.7783],[80.2484,13.7783],[80.2483,13.7506],[80.2389,13.7414],[80.2388,13.6952],[80.2294,13.6952],[80.2293,13.6584],[80.2387,13.6584],[80.2386,13.6124],[80.2481,13.6123],[80.248,13.6031],[80.2574,13.5939],[80.2574,13.5755],[80.2668,13.5755],[80.2668,13.5663],[80.2762,13.5571],[80.2761,13.5387],[80.2855,13.5386],[80.2855,13.5108],[80.2949,13.5108],[80.2948,13.4832],[80.3042,13.4832],[80.3042,13.4648],[80.3136,13.4648],[80.3136,13.4556],[80.3323,13.4279],[80.3322,13.3819],[80.3416,13.3727],[80.3414,13.3175],[80.3508,13.3175],[80.3508,13.3083],[80.3414,13.2989],[80.3413,13.253],[80.3319,13.253],[80.3318,13.2162],[80.3224,13.2162],[80.3223,13.1886],[80.313,13.1887],[80.3129,13.1611],[80.3035,13.1519],[80.3035,13.1427],[80.2941,13.1427],[80.2941,13.1335],[80.3035,13.1335],[80.3034,13.106],[80.294,13.106],[80.294,13.0968],[80.3034,13.0876],[80.294,13.0876],[80.2939,13.069],[80.2846,13.069],[80.2845,13.0323],[80.2751,13.0323],[80.275,12.9864],[80.2657,12.9864],[80.2656,12.9405],[80.2562,12.9405],[80.2561,12.8762],[80.2467,12.8762],[80.2466,12.7934],[80.2559,12.7933],[80.2559,12.775],[80.2465,12.7658],[80.2465,12.7475],[80.2371,12.7383],[80.2277,12.6924],[80.2184,12.6924],[80.2183,12.6649],[80.209,12.6649],[80.2089,12.6374],[80.1996,12.6374],[80.1996,12.6099],[80.19,12.6099],[80.19,12.5822],[80.1806,12.5822],[80.1806,12.5547],[80.1713,12.5547],[80.1712,12.5271],[80.1619,12.5272],[80.1618,12.4721],[80.1525,12.463],[80.1525,12.4538],[80.1431,12.4538],[80.1431,12.4355],[80.1338,12.4355],[80.1338,12.4263],[80.1244,12.4263],[80.1151,12.3988],[80.1058,12.3988],[80.1058,12.3897],[80.0964,12.3897],[80.0964,12.3805],[80.0871,12.3805],[80.0778,12.3528],[80.0684,12.3528],[80.0684,12.3436],[80.0591,12.3436],[80.0591,12.3253],[80.0498,12.3253],[80.0498,12.3161],[80.0405,12.3162],[80.0405,12.307],[80.0311,12.307],[80.0311,12.2978],[80.0218,12.2887],[80.0218,12.2703],[80.0125,12.2703],[80.0125,12.252],[80.0032,12.252],[80.0032,12.2428],[79.9939,12.2428],[79.9939,12.2245],[79.9845,12.2245],[79.9752,12.197],[79.9659,12.197],[79.9564,12.1695],[79.9471,12.1695],[79.9471,12.1512],[79.9378,12.1512],[79.9378,12.142],[79.9285,12.142],[79.9285,12.1235],[79.9192,12.1235],[79.9099,12.096],[79.9006,12.096],[79.8913,12.0685],[79.882,12.0685],[79.882,12.0502],[79.8727,12.0502],[79.8727,12.0319],[79.8634,12.0319],[79.8634,12.0136],[79.8541,12.0136],[79.8542,11.9861],[79.8449,11.9861],[79.8449,11.9584],[79.8356,11.9493],[79.8357,11.9127],[79.8264,11.9126],[79.8264,11.876],[79.8171,11.876],[79.8172,11.8486],[79.8079,11.8486],[79.8079,11.8211],[79.7986,11.8211],[79.7987,11.7754],[79.7894,11.7662],[79.7895,11.7294],[79.78,11.7294],[79.78,11.6928],[79.7708,11.6928],[79.7708,11.6562],[79.7615,11.6562],[79.7618,11.5191],[79.771,11.5191],[79.7711,11.5006],[79.7803,11.5006],[79.7804,11.4824],[79.7898,11.4824],[79.7899,11.4641],[79.7991,11.4641],[79.7991,11.455],[79.8084,11.455],[79.8084,11.4276],[79.8177,11.4276],[79.8178,11.3819],[79.827,11.3819],[79.827,11.3637],[79.8363,11.3637],[79.8363,11.3545],[79.8456,11.3545],[79.8456,11.3454],[79.8363,11.3454],[79.8364,11.2723],[79.8457,11.2724],[79.8457,11.2265],[79.855,11.2265],[79.8553,10.8705],[79.8461,10.8614],[79.8461,10.8523],[79.8554,10.8523],[79.8554,10.8341],[79.8461,10.8341],[79.8554,10.825],[79.8554,10.8159],[79.8462,10.8158],[79.8462,10.8065],[79.8554,10.7974],[79.8462,10.7974],[79.8462,10.7883],[79.8554,10.7883],[79.8554,10.7792],[79.8462,10.7701],[79.8462,10.7519],[79.8555,10.7519],[79.8557,10.5149],[79.8649,10.5149],[79.865,10.3693],[79.8742,10.3693],[79.8743,10.3327],[79.8835,10.3327],[79.8835,10.3054],[79.8743,10.3054],[79.8743,10.2872],[79.8559,10.2872],[79.8468,10.2781],[79.7823,10.278],[79.7916,10.278],[79.7916,10.2871],[79.7822,10.2871],[79.7822,10.2962],[79.773,10.2962],[79.773,10.3053],[79.7638,10.3053],[79.7638,10.3144],[79.7455,10.3143],[79.7455,10.3052],[79.7547,10.3053],[79.7547,10.2962],[79.7639,10.2962],[79.7639,10.2871],[79.7731,10.2871],[79.7731,10.2689],[79.7639,10.2689],[79.7639,10.278],[79.7088,10.2779],[79.7088,10.287],[79.6536,10.2869],[79.6536,10.296],[79.6169,10.2959],[79.6077,10.3049],[79.5431,10.3047],[79.5431,10.3138],[79.5523,10.323],[79.5247,10.3229],[79.5247,10.3138],[79.4696,10.3136],[79.4604,10.3226],[79.3869,10.3223],[79.3501,10.2858],[79.3225,10.2857],[79.3226,10.2766],[79.3134,10.2765],[79.3134,10.2674],[79.2951,10.2674],[79.2951,10.2583],[79.286,10.2491],[79.2768,10.2491],[79.2768,10.24],[79.2677,10.2399],[79.2677,10.2217],[79.2769,10.2218],[79.277,10.2127],[79.2678,10.2127],[79.2679,10.1945],[79.2403,10.1943],[79.2405,10.1578],[79.2314,10.1577],[79.2314,10.1486],[79.2222,10.1486],[79.2223,10.1395],[79.2315,10.1395],[79.2316,10.1123],[79.2224,10.1122],[79.2225,10.0941],[79.2317,10.0941],[79.2318,10.0759],[79.2502,10.076],[79.2502,10.067],[79.241,10.0669],[79.2411,10.0578],[79.2503,10.0579],[79.2503,10.0488],[79.2595,10.0488],[79.2595,10.0397],[79.2504,10.0306],[79.2412,10.0306],[79.2413,10.0215],[79.2321,10.0214],[79.2322,10.0123],[79.223,10.0123],[79.2231,10.0032],[79.2139,10.0032],[79.2139,9.9941],[79.2048,9.994],[79.2049,9.9759],[79.1957,9.9758],[79.1958,9.9667],[79.1866,9.9667],[79.1866,9.9576],[79.1775,9.9575],[79.1775,9.9485],[79.1684,9.9484],[79.1684,9.9391],[79.1593,9.9391],[79.1593,9.93],[79.1408,9.9299],[79.141,9.9026],[79.1318,9.9026],[79.1319,9.8935],[79.1227,9.8935],[79.1228,9.8753],[79.1137,9.8752],[79.1137,9.8662],[79.1229,9.8662],[79.1229,9.8571],[79.1046,9.857],[79.1047,9.848],[79.0955,9.8479],[79.1047,9.8389],[79.0956,9.8388],[79.0956,9.8297],[79.0864,9.8388],[79.0866,9.8115],[79.0774,9.8115],[79.0685,9.7842],[79.0593,9.7841],[79.0594,9.7751],[79.0502,9.775],[79.0503,9.7659],[79.0411,9.7659],[79.032,9.7567],[79.032,9.7658],[79.0321,9.7477],[79.023,9.7476],[79.0229,9.7567],[79.023,9.7385],[79.0139,9.7385],[79.0138,9.7475],[79.0139,9.7294],[79.0048,9.7293],[79.0048,9.7202],[78.9957,9.7202],[78.9867,9.6927],[78.9776,9.6926],[78.9687,9.6382],[78.9595,9.6381],[78.9594,9.6472],[78.9596,9.629],[78.9504,9.629],[78.9505,9.6199],[78.9414,9.6198],[78.9414,9.6107],[78.9323,9.6107],[78.9324,9.5925],[78.9233,9.5925],[78.9236,9.5472],[78.9145,9.5471],[78.9146,9.538],[78.9237,9.5381],[78.9238,9.529],[78.9146,9.529],[78.9149,9.5018],[78.9057,9.5017],[78.9058,9.4926],[78.8967,9.4926],[78.8969,9.4652],[78.906,9.4652],[78.9061,9.4471],[78.9153,9.4472],[78.9153,9.4381],[78.9245,9.4382],[78.9246,9.4201],[78.9337,9.4202],[78.9338,9.4111],[78.9429,9.4112],[78.943,9.4021],[78.9521,9.4022],[78.9522,9.3931],[78.9613,9.3932],[78.9615,9.3751],[78.9706,9.3751],[78.9707,9.3661],[78.98,9.3661],[78.9801,9.3571],[78.9892,9.3571],[78.9892,9.3481],[79.0167,9.3392],[79.0167,9.3302],[79.0259,9.3302],[79.0259,9.3212],[79.0351,9.3212],[79.0351,9.3122],[79.0534,9.3123],[79.0534,9.3033],[79.0717,9.3034],[79.0717,9.2943],[79.154,9.2948],[79.1541,9.2858],[79.1632,9.2858],[79.1632,9.2768],[79.1174,9.2765],[79.1175,9.2675],[79.0263,9.2669],[79.0262,9.2759],[78.9348,9.2753],[78.9258,9.2661],[78.9167,9.2661],[78.9168,9.257],[78.8529,9.2565],[78.8257,9.238],[78.7984,9.2378],[78.7984,9.2287],[78.7345,9.2191],[78.7346,9.21],[78.7164,9.2099],[78.7165,9.1918],[78.6983,9.1916],[78.6982,9.2007],[78.6618,9.2003],[78.6618,9.1913],[78.6527,9.1912],[78.6437,9.182],[78.6439,9.1639],[78.653,9.164],[78.6531,9.155],[78.6075,9.1545],[78.6076,9.1455],[78.5894,9.1453],[78.5895,9.1363],[78.5528,9.1359],[78.5527,9.1449],[78.5345,9.1448],[78.5255,9.1356],[78.4891,9.1352],[78.4801,9.1261],[78.48,9.1351],[78.4709,9.126],[78.4254,9.1255],[78.4255,9.1164],[78.4073,9.1162],[78.4074,9.1072],[78.3892,9.107],[78.3893,9.0979],[78.3802,9.0978],[78.3803,9.0888],[78.3712,9.0887],[78.3713,9.0796],[78.3622,9.0795],[78.3623,9.0705],[78.3532,9.0704],[78.3533,9.0613],[78.3349,9.0611],[78.335,9.0521],[78.3259,9.052],[78.326,9.0429],[78.3169,9.0428],[78.317,9.0338],[78.2988,9.0336],[78.2989,9.0245],[78.2898,9.0244],[78.2899,9.0154],[78.2808,9.0153],[78.2809,9.006],[78.2356,8.9874],[78.2088,8.9509],[78.1997,8.9508],[78.1909,8.9235],[78.1818,8.9234],[78.1822,8.8963],[78.1729,8.8962],[78.1731,8.8781],[78.164,8.878],[78.165,8.8057],[78.1559,8.8056],[78.156,8.7966],[78.1651,8.7967],[78.1652,8.7877],[78.1561,8.7875],[78.1563,8.7783],[78.1653,8.7784],[78.1655,8.7694],[78.1929,8.7697],[78.1927,8.788],[78.2018,8.7881],[78.2021,8.7608],[78.193,8.7607],[78.1931,8.7517],[78.1657,8.7513],[78.1658,8.7423],[78.1567,8.7422],[78.1571,8.7151],[78.148,8.715],[78.1481,8.7059],[78.139,8.7058],[78.1393,8.6878],[78.1302,8.6877],[78.1314,8.5972],[78.1405,8.5973],[78.1407,8.5793],[78.1316,8.5792],[78.132,8.5521],[78.1229,8.552],[78.1235,8.5069],[78.1327,8.498],[78.1237,8.4978],[78.1238,8.4888],[78.1147,8.4887],[78.1148,8.4797],[78.1059,8.4705],[78.0968,8.4704],[78.0881,8.4432],[78.0791,8.4431],[78.0792,8.4341],[78.0701,8.434],[78.0702,8.425],[78.0612,8.4248],[78.0617,8.3888],[78.0526,8.3887],[78.0618,8.3796],[78.0619,8.3706],[78.0438,8.3703],[78.0349,8.3612],[78.0077,8.3608],[78.0078,8.3518],[77.9628,8.3331],[77.9629,8.3241],[77.9537,8.324],[77.9538,8.3149],[77.9447,8.3148],[77.9449,8.3058],[77.9268,8.3055],[77.9269,8.2965],[77.9088,8.2963],[77.9089,8.2873],[77.8819,8.2778],[77.882,8.2688],[77.8639,8.2686],[77.8641,8.2595],[77.8369,8.2591],[77.837,8.2501],[77.8099,8.2497],[77.81,8.2407],[77.801,8.2406],[77.8011,8.2316],[77.7828,8.2313],[77.7832,8.2042],[77.7742,8.2041],[77.7743,8.1951],[77.7562,8.1948],[77.7564,8.1858],[77.7473,8.1857],[77.7475,8.1767],[77.7203,8.1762],[77.7205,8.1672],[77.6481,8.166],[77.6392,8.1569],[77.6121,8.1564],[77.6122,8.1474],[77.5851,8.147],[77.5852,8.1378],[77.5672,8.1374],[77.5673,8.1284],[77.5583,8.1283],[77.5587,8.1013],[77.5679,8.0924],[77.5497,8.0921],[77.5498,8.0831],[77.5137,8.0825],[77.5135,8.0915],[77.4683,8.0907],[77.4681,8.0997],[77.4229,8.0989],[77.4227,8.1079],[77.3956,8.1074],[77.3954,8.1164],[77.3772,8.116],[77.368,8.1249],[77.3408,8.1244],[77.3407,8.1334],[77.3226,8.133],[77.3227,8.124],[77.3137,8.1239],[77.3135,8.1329],[77.3045,8.1327],[77.3041,8.1509],[77.2951,8.1507],[77.2949,8.1597],[77.2768,8.1594],[77.2766,8.1684],[77.2676,8.1682],[77.2584,8.177],[77.2403,8.1767],[77.2401,8.1857],[77.231,8.1855],[77.2309,8.1945],[77.2218,8.1943],[77.2216,8.2033],[77.2126,8.2032],[77.2124,8.2122],[77.1943,8.2118],[77.1941,8.2208],[77.1851,8.2206],[77.1849,8.2296],[77.1759,8.2295],[77.1757,8.2385],[77.1666,8.2383],[77.1664,8.2473],[77.1572,8.2471],[77.157,8.2561],[77.148,8.2559],[77.1385,8.2738],[77.1204,8.2734],[77.0927,8.2999],[77.0837,8.2997],[77.0835,8.3087],[77.0744,8.3085],[77.0742,8.3175],[77.0652,8.3173],[77.065,8.3263],[77.0559,8.3261],[77.0282,8.3526],[77.0191,8.3524],[77.0189,8.3614],[77.0099,8.3612],[77.0097,8.3705],[77.0006,8.3703],[77.0004,8.3793],[76.9823,8.3789],[76.9821,8.3879],[76.9729,8.3877],[76.9725,8.4057],[76.9632,8.4145],[76.963,8.4236],[76.9539,8.4234],[76.9538,8.4324],[76.9167,8.4677],[76.907,8.4945],[76.898,8.4943],[76.8978,8.5033],[76.8887,8.5031],[76.8885,8.5122],[76.8794,8.512],[76.8698,8.5388],[76.8607,8.5386],[76.8605,8.5476],[76.8514,8.5474],[76.8417,8.5743],[76.8327,8.5741],[76.8325,8.5831],[76.8234,8.5829],[76.8137,8.61],[76.8046,8.6098],[76.7953,8.6186],[76.7951,8.6276],[76.7766,8.6452],[76.7764,8.6543],[76.7673,8.6541],[76.7671,8.6631],[76.7483,8.6807],[76.7481,8.6897],[76.739,8.6895],[76.7388,8.6986],[76.7297,8.6983],[76.72,8.7252],[76.7109,8.725],[76.7107,8.734],[76.7016,8.7338],[76.7014,8.7429],[76.6923,8.7426],[76.6919,8.7609],[76.6828,8.7607],[76.6824,8.7787],[76.6733,8.7785],[76.6636,8.8054],[76.6545,8.8052],[76.6543,8.8142],[76.6452,8.814],[76.6447,8.8321],[76.6357,8.8319],[76.6354,8.8409],[76.6264,8.8407],[76.6261,8.8497],[76.617,8.8495],[76.6168,8.8585],[76.6077,8.8583],[76.6075,8.8673],[76.5984,8.8671],[76.5982,8.8762],[76.5891,8.8759],[76.5889,8.885],[76.5614,8.8843],[76.5612,8.8933],[76.5521,8.8931],[76.5519,8.9022],[76.5428,8.9019],[76.5419,8.9381],[76.5328,8.9379],[76.5319,8.974],[76.5228,8.9738],[76.5217,9.0192],[76.5126,9.019],[76.5121,9.037],[76.503,9.0368],[76.5023,9.0639],[76.4932,9.0637],[76.4928,9.0818],[76.4837,9.0816],[76.483,9.1087],[76.4739,9.1085],[76.4734,9.1266],[76.4643,9.1263],[76.4639,9.1444],[76.4548,9.1442],[76.4541,9.1713],[76.445,9.1711],[76.4445,9.1892],[76.4354,9.189],[76.4349,9.2071],[76.4258,9.2068],[76.4251,9.2342],[76.416,9.2339],[76.4155,9.252],[76.4064,9.2518],[76.406,9.2699],[76.3968,9.2697],[76.3961,9.2968],[76.387,9.2966],[76.3866,9.3147],[76.3774,9.3145],[76.377,9.3326],[76.3678,9.3323],[76.3671,9.3595],[76.358,9.3593],[76.3575,9.3774],[76.3484,9.3771],[76.3477,9.4043],[76.3386,9.4041],[76.3379,9.4312],[76.3285,9.431],[76.3274,9.4765],[76.3182,9.4763],[76.317,9.5216],[76.3079,9.5213],[76.3062,9.5848],[76.2971,9.5845],[76.2944,9.6844],[76.285,9.6933],[76.2824,9.793],[76.2732,9.7928],[76.2718,9.8472],[76.2626,9.847],[76.2612,9.9016],[76.252,9.9014],[76.251,9.9377],[76.2419,9.9374],[76.2409,9.9738],[76.2317,9.9735],[76.2312,9.9917],[76.2221,9.9914],[76.2213,10.0187],[76.2122,10.0184],[76.2114,10.0457],[76.2023,10.0454],[76.2015,10.0727],[76.1923,10.0724],[76.1911,10.1178],[76.1819,10.1176],[76.1812,10.145],[76.172,10.1448],[76.1713,10.1721],[76.1621,10.1718],[76.1613,10.1991],[76.1522,10.1988],[76.1512,10.2352],[76.142,10.2349],[76.1412,10.2622],[76.132,10.2619],[76.131,10.2983],[76.1216,10.2981],[76.1206,10.3344],[76.1114,10.3342],[76.1107,10.3616],[76.1015,10.3614],[76.1007,10.3887],[76.0915,10.3884],[76.0908,10.4157],[76.0816,10.4155],[76.0811,10.4336],[76.0719,10.4334],[76.0714,10.4516],[76.0619,10.4604],[76.0614,10.4786],[76.0522,10.4784],[76.0517,10.4966],[76.0425,10.4963],[76.0422,10.5054],[76.033,10.5052],[76.0225,10.5506],[76.0133,10.5503],[76.0028,10.5956],[75.9936,10.5953],[75.9931,10.6135],[75.9739,10.6403],[75.9634,10.6856],[75.9542,10.6853],[75.9539,10.6944],[75.9444,10.7033],[75.9439,10.7215],[75.9347,10.7212],[75.9241,10.7667],[75.9149,10.7664],[75.9141,10.7938],[75.9049,10.7935],[75.9035,10.839],[75.8941,10.8388],[75.8928,10.8843],[75.8828,10.9114],[75.8819,10.9387],[75.8727,10.9385],[75.8714,10.9843],[75.8621,10.984],[75.861,11.0205],[75.8515,11.0293],[75.8505,11.0658],[75.8412,11.0655],[75.8401,11.102],[75.8309,11.1017],[75.8301,11.1291],[75.8208,11.1288],[75.8203,11.1471],[75.811,11.1468],[75.8108,11.1559],[75.8015,11.1556],[75.8007,11.183],[75.7915,11.1827],[75.7906,11.2103],[75.7814,11.21],[75.7805,11.2374],[75.7713,11.2371],[75.7705,11.2645],[75.7612,11.2642],[75.7601,11.3007],[75.7509,11.3005],[75.7503,11.3187],[75.741,11.3184],[75.7402,11.3458],[75.731,11.3455],[75.7301,11.3729],[75.7209,11.3727],[75.7203,11.3909],[75.711,11.3906],[75.7105,11.4089],[75.7012,11.4086],[75.7007,11.4269],[75.6914,11.4266],[75.6908,11.4451],[75.6814,11.4448],[75.6811,11.4539],[75.6718,11.4536],[75.6715,11.4628],[75.653,11.4622],[75.6527,11.4713],[75.6435,11.4711],[75.6438,11.4619],[75.6345,11.4616],[75.6342,11.4708],[75.6249,11.4705],[75.6154,11.4793],[75.6145,11.5067],[75.6053,11.5065],[75.6044,11.5339],[75.5951,11.5336],[75.594,11.5701],[75.5847,11.5698],[75.5838,11.5972],[75.5746,11.597],[75.5737,11.6244],[75.5644,11.6241],[75.5635,11.6515],[75.5543,11.6512],[75.5537,11.6697],[75.5444,11.6694],[75.5438,11.6877],[75.5345,11.6874],[75.534,11.7057],[75.5247,11.7054],[75.5244,11.7145],[75.5151,11.7142],[75.5145,11.7325],[75.496,11.7319],[75.4858,11.7591],[75.4765,11.7588],[75.4762,11.7679],[75.4574,11.7673],[75.4473,11.7944],[75.438,11.7942],[75.4374,11.8124],[75.4188,11.8118],[75.4182,11.8301],[75.4089,11.8298],[75.4086,11.839],[75.3993,11.8387],[75.399,11.8478],[75.3898,11.8475],[75.3894,11.8567],[75.3616,11.8558],[75.352,11.8646],[75.3418,11.892],[75.3325,11.8917],[75.3322,11.9008],[75.3229,11.9005],[75.3223,11.9188],[75.313,11.9185],[75.3028,11.9456],[75.2935,11.9453],[75.2932,11.9545],[75.2839,11.9542],[75.2833,11.9725],[75.274,11.9722],[75.2736,11.9813],[75.2542,11.999],[75.2539,12.0081],[75.2446,12.0078],[75.2443,12.017],[75.235,12.0167],[75.2347,12.0258],[75.2254,12.0255],[75.2257,12.0164],[75.2071,12.0157],[75.2074,12.0066],[75.1981,12.0063],[75.1975,12.0246],[75.1882,12.0243],[75.1876,12.0426],[75.178,12.0514],[75.1671,12.097],[75.1578,12.0967],[75.1568,12.1242],[75.1475,12.1239],[75.1465,12.1513],[75.1372,12.151],[75.1366,12.1693],[75.127,12.1782],[75.126,12.2056],[75.1167,12.2053],[75.116,12.2236],[75.1067,12.2233],[75.1057,12.2508],[75.0964,12.2505],[75.0955,12.2779],[75.0862,12.2776],[75.0852,12.3053],[75.0759,12.305],[75.0752,12.3233],[75.0659,12.323],[75.0649,12.3505],[75.0556,12.3501],[75.0549,12.3685],[75.0456,12.3681],[75.045,12.3865],[75.0356,12.3861],[75.0353,12.3953],[75.0258,12.395],[75.0251,12.4133],[75.0158,12.413],[75.0151,12.4313],[75.0058,12.431],[75.0052,12.4493],[74.9958,12.449],[74.9952,12.4673],[74.9858,12.467],[74.9852,12.4853],[74.9758,12.485],[74.9748,12.5125],[74.9655,12.5122],[74.9645,12.5399],[74.9552,12.5395],[74.9545,12.5579],[74.9452,12.5575],[74.9442,12.585],[74.9348,12.5847],[74.9342,12.603],[74.9248,12.6027],[74.9235,12.6394],[74.9141,12.6391],[74.9135,12.6574],[74.9041,12.6571],[74.9031,12.6846],[74.8938,12.6843],[74.8931,12.7026],[74.8838,12.7023],[74.8827,12.7298],[74.8734,12.7294],[74.8727,12.748],[74.8634,12.7477],[74.863,12.7568],[74.8724,12.7572],[74.872,12.7663],[74.8627,12.766],[74.862,12.7844],[74.8526,12.784],[74.8523,12.7932],[74.843,12.7929],[74.8416,12.8296],[74.8322,12.8292],[74.8319,12.8384],[74.8222,12.8472],[74.8208,12.8839],[74.8115,12.8836],[74.8091,12.9479],[74.7995,12.9475],[74.7974,13.0028],[74.788,13.0024],[74.7867,13.0392],[74.7769,13.048],[74.7749,13.1031],[74.7655,13.1028],[74.7637,13.1487],[74.7544,13.1483],[74.753,13.1851],[74.7436,13.1847],[74.7422,13.2217],[74.7328,13.2214],[74.7311,13.2673],[74.7217,13.2669],[74.7199,13.3129],[74.7102,13.3217],[74.7095,13.3401],[74.6907,13.3394],[74.6904,13.3486],[74.6997,13.349],[74.6955,13.4595],[74.6861,13.4591],[74.6815,13.5787],[74.6717,13.5875],[74.6692,13.6521],[74.6598,13.6518],[74.6595,13.661],[74.6501,13.6606],[74.6486,13.6974],[74.6389,13.7063],[74.6363,13.7707],[74.6269,13.7703],[74.6248,13.8255],[74.6154,13.8252],[74.6139,13.8622],[74.6045,13.8619],[74.6038,13.8803],[74.5943,13.8799],[74.5929,13.9167],[74.5835,13.9164],[74.573,13.9437],[74.563,13.9525],[74.5441,13.9518],[74.5437,13.961],[74.5339,13.9698],[74.5245,13.9695],[74.5242,13.9787],[74.5144,13.9875],[74.5136,14.006],[74.5038,14.0148],[74.502,14.0609],[74.4926,14.0605],[74.4907,14.1067],[74.4813,14.1064],[74.4787,14.1709],[74.4692,14.1705],[74.4681,14.1982],[74.4492,14.1974],[74.4587,14.1978],[74.4583,14.207],[74.4489,14.2066],[74.4477,14.2343],[74.4383,14.2339],[74.4372,14.2616],[74.4277,14.2612],[74.4262,14.2981],[74.4168,14.2977],[74.4149,14.344],[74.4054,14.3436],[74.4028,14.4081],[74.3934,14.4078],[74.393,14.417],[74.3835,14.4166],[74.3816,14.4627],[74.3722,14.4624],[74.371,14.49],[74.3616,14.4897],[74.3612,14.4989],[74.3517,14.4985],[74.3513,14.5077],[74.3608,14.5081],[74.3604,14.5173],[74.3506,14.5262],[74.3411,14.5258],[74.3415,14.5166],[74.3129,14.5155],[74.311,14.5618],[74.3015,14.5614],[74.3004,14.5891],[74.2909,14.5887],[74.2901,14.6071],[74.2807,14.6068],[74.2795,14.6344],[74.289,14.6348],[74.2886,14.644],[74.2791,14.6437],[74.278,14.6713],[74.2874,14.6717],[74.2871,14.6809],[74.2776,14.6806],[74.2768,14.699],[74.2673,14.6986],[74.2666,14.7171],[74.2567,14.7259],[74.2563,14.7352],[74.2468,14.7348],[74.2464,14.744],[74.237,14.7436],[74.2366,14.7529],[74.2271,14.7525],[74.2279,14.734],[74.2089,14.7333],[74.2097,14.7148],[74.1998,14.7237],[74.1903,14.7233],[74.1896,14.7417],[74.1801,14.7414],[74.1797,14.7506],[74.1513,14.7494],[74.1509,14.7587],[74.1603,14.7591],[74.1599,14.7685],[74.1505,14.7681],[74.1501,14.7773],[74.1216,14.7762],[74.1212,14.7854],[74.1115,14.785],[74.1111,14.7942],[74.1017,14.7938],[74.1013,14.8031],[74.1299,14.8042],[74.1283,14.8412],[74.1188,14.8408],[74.1088,14.8496],[74.1076,14.8773],[74.0981,14.8769],[74.0969,14.9046],[74.0874,14.9042],[74.0775,14.9131],[74.0779,14.9038],[74.0684,14.9034],[74.068,14.9127],[74.049,14.9119],[74.0462,14.9765],[74.0363,14.9853],[74.0359,14.9948],[74.0264,14.9944],[74.0252,15.0221],[74.0157,15.0217],[74.0161,15.0125],[74.0066,15.0121],[74.0062,15.0213],[73.9872,15.0205],[73.9856,15.0575],[73.9666,15.0567],[73.9662,15.0659],[73.9567,15.0655],[73.9563,15.0747],[73.9373,15.0739],[73.9368,15.0832],[73.9178,15.0824],[73.9174,15.0916],[73.9269,15.092],[73.9261,15.1105],[73.9356,15.1109],[73.9352,15.1201],[73.9447,15.1205],[73.9439,15.139],[73.9534,15.1394],[73.953,15.1486],[73.9435,15.1482],[73.9414,15.1946],[73.9319,15.1942],[73.9299,15.2404],[73.9204,15.24],[73.9187,15.277],[73.9092,15.2766],[73.9075,15.3135],[73.898,15.3131],[73.8968,15.3408],[73.8873,15.3404],[73.8864,15.3589],[73.8769,15.3585],[73.8765,15.3677],[73.8573,15.3669],[73.8577,15.3577],[73.8386,15.3569],[73.8382,15.3661],[73.8192,15.3653],[73.8188,15.3746],[73.8092,15.3742],[73.8084,15.3928],[73.7893,15.392],[73.7855,15.4752],[73.7752,15.4933],[73.7656,15.4929],[73.764,15.5298],[73.7544,15.5294],[73.7532,15.5572],[73.7436,15.5568],[73.7423,15.5845],[73.7328,15.5841],[73.7307,15.6305],[73.7211,15.6301],[73.7203,15.6486],[73.7107,15.6482],[73.709,15.6852],[73.6995,15.6848],[73.6986,15.7033],[73.6887,15.7121],[73.6882,15.7213],[73.6787,15.7209],[73.6783,15.7302],[73.6687,15.7298],[73.6683,15.739],[73.6585,15.7386],[73.667,15.7668],[73.6572,15.7663],[73.6555,15.8033],[73.646,15.8029],[73.6455,15.8122],[73.636,15.8117],[73.6347,15.8395],[73.6251,15.8391],[73.6243,15.8578],[73.6147,15.8574],[73.6143,15.8666],[73.6047,15.8662],[73.6034,15.8939],[73.5938,15.8935],[73.593,15.912],[73.5643,15.9108],[73.5639,15.92],[73.5539,15.9288],[73.5443,15.9284],[73.5439,15.9377],[73.5152,15.9364],[73.5147,15.9456],[73.5052,15.9452],[73.5043,15.9637],[73.4943,15.9726],[73.4916,16.0281],[73.4821,16.0276],[73.4812,16.0462],[73.4716,16.0457],[73.4712,16.055],[73.452,16.0541],[73.4516,16.0634],[73.4612,16.0638],[73.4576,16.1381],[73.4476,16.1469],[73.4453,16.1932],[73.4358,16.1927],[73.4353,16.202],[73.4257,16.2016],[73.4235,16.2479],[73.4139,16.2474],[73.4121,16.2845],[73.4023,16.284],[73.401,16.3118],[73.3914,16.3114],[73.3891,16.3579],[73.3795,16.3574],[73.3791,16.3667],[73.3699,16.357],[73.3668,16.4218],[73.3572,16.4214],[73.3563,16.4399],[73.3462,16.4487],[73.3449,16.4765],[73.3353,16.4761],[73.3339,16.5039],[73.3243,16.5034],[73.3238,16.5127],[73.3142,16.5123],[73.3124,16.5495],[73.322,16.55],[73.3216,16.5592],[73.3312,16.5597],[73.3307,16.5689],[73.3499,16.5698],[73.3399,16.5786],[73.3206,16.5778],[73.3193,16.6056],[73.3481,16.6069],[73.3573,16.6166],[73.3568,16.6258],[73.3376,16.625],[73.3467,16.6347],[73.3371,16.6342],[73.3367,16.6435],[73.3271,16.6431],[73.3362,16.6528],[73.3348,16.6806],[73.3252,16.6801],[73.3243,16.6987],[73.3147,16.6982],[73.3239,16.7079],[73.3143,16.7075],[73.3133,16.7262],[73.3037,16.7258],[73.3028,16.7443],[73.3124,16.7448],[73.3023,16.7536],[73.3014,16.7721],[73.311,16.7726],[73.3101,16.7911],[73.3197,16.7916],[73.3188,16.8101],[73.2996,16.8092],[73.2973,16.8556],[73.2877,16.8551],[73.2968,16.8648],[73.2964,16.8741],[73.2868,16.8737],[73.2863,16.8829],[73.2959,16.8834],[73.295,16.9019],[73.2854,16.9015],[73.2826,16.9573],[73.2831,16.9478],[73.2927,16.9483],[73.2913,16.9763],[73.301,16.9767],[73.3005,16.986],[73.2909,16.9856],[73.2904,16.9948],[73.2808,16.9944],[73.2812,16.9851],[73.2716,16.9847],[73.2707,17.0032],[73.2803,17.0037],[73.2794,17.0222],[73.2601,17.0213],[73.2587,17.0492],[73.2684,17.0496],[73.2688,17.0403],[73.2785,17.0408],[73.278,17.05],[73.2876,17.0505],[73.2844,17.1154],[73.2651,17.1145],[73.2748,17.115],[73.2739,17.1335],[73.2642,17.1331],[73.2619,17.1794],[73.2523,17.179],[73.2518,17.1883],[73.2421,17.1878],[73.2417,17.1973],[73.232,17.1969],[73.2316,17.2061],[73.2509,17.207],[73.2499,17.2256],[73.2403,17.2251],[73.2393,17.2437],[73.2297,17.2433],[73.2292,17.2525],[73.2196,17.2521],[73.2182,17.2799],[73.1989,17.279],[73.1979,17.2976],[73.2076,17.298],[73.2071,17.3073],[73.2264,17.3082],[73.2278,17.2804],[73.2274,17.2896],[73.2419,17.2903],[73.237,17.2901],[73.2356,17.3179],[73.226,17.3175],[73.2255,17.3268],[73.2159,17.3263],[73.2154,17.3356],[73.2347,17.3365],[73.225,17.336],[73.2246,17.3453],[73.2149,17.3449],[73.2131,17.382],[73.2034,17.3815],[73.2029,17.3908],[73.1933,17.3904],[73.1937,17.3811],[73.1841,17.3806],[73.1836,17.3899],[73.1739,17.3895],[73.1735,17.3987],[73.1633,17.4076],[73.1827,17.4085],[73.1817,17.4272],[73.1914,17.4277],[73.1909,17.437],[73.2006,17.4374],[73.2001,17.4467],[73.1808,17.4458],[73.1904,17.4462],[73.1881,17.4927],[73.1784,17.4922],[73.177,17.5201],[73.1674,17.5196],[73.1669,17.5289],[73.1572,17.5284],[73.1567,17.5377],[73.1469,17.5373],[73.1464,17.5465],[73.1367,17.5461],[73.1353,17.5739],[73.1549,17.5748],[73.1534,17.6027],[73.1436,17.6022],[73.1431,17.6115],[73.1334,17.6111],[73.1306,17.667],[73.1209,17.6665],[73.1199,17.6851],[73.1098,17.6939],[73.1195,17.6944],[73.119,17.7036],[73.1384,17.7046],[73.1374,17.7231],[73.1277,17.7227],[73.1258,17.7598],[73.1161,17.7594],[73.1254,17.7691],[73.1157,17.7686],[73.1147,17.7872],[73.105,17.7868],[73.1041,17.8053],[73.0944,17.8049],[73.092,17.8513],[73.0823,17.8509],[73.0809,17.8787],[73.0712,17.8783],[73.0707,17.8875],[73.061,17.8871],[73.0605,17.8966],[73.0508,17.8961],[73.0503,17.9054],[73.0596,17.9152],[73.0499,17.9147],[73.0489,17.9333],[73.0392,17.9328],[73.0387,17.9421],[73.029,17.9416],[73.0276,17.9695],[73.0373,17.97],[73.0363,17.9885],[73.0169,17.9876],[73.0155,18.0155],[73.0058,18.015],[73.0053,18.0243],[73.0247,18.0252],[73.0242,18.0345],[73.0145,18.0341],[73.0135,18.0527],[72.9941,18.0517],[72.9931,18.0703],[73.0029,18.0708],[73.0024,18.0801],[72.9927,18.0796],[72.9912,18.1075],[72.9815,18.107],[72.9805,18.1258],[72.9708,18.1253],[72.9703,18.1346],[72.98,18.1351],[72.9795,18.1444],[72.9893,18.1448],[72.9873,18.182],[72.9776,18.1815],[72.9762,18.2094],[72.9664,18.2089],[72.9659,18.2182],[72.9562,18.2178],[72.946,18.2266],[72.9465,18.2173],[72.9368,18.2168],[72.9358,18.2354],[72.9455,18.2359],[72.9441,18.2638],[72.9339,18.2726],[72.9334,18.2819],[72.9625,18.2833],[72.9728,18.2745],[72.9732,18.2652],[72.983,18.2656],[72.981,18.303],[72.9713,18.3025],[72.9708,18.3118],[72.9611,18.3114],[72.9601,18.33],[72.9504,18.3295],[72.9499,18.3388],[72.9294,18.3564],[72.9197,18.356],[72.9202,18.3467],[72.9192,18.3653],[72.9095,18.3648],[72.9187,18.3746],[72.9285,18.375],[72.9275,18.3936],[72.9177,18.3932],[72.9173,18.4024],[72.9075,18.402],[72.9046,18.4577],[72.8948,18.4573],[72.8939,18.4759],[72.9036,18.4763],[72.9021,18.5042],[72.9119,18.5047],[72.9099,18.5421],[72.9191,18.5519],[72.9182,18.5704],[72.9084,18.57],[72.9079,18.5793],[72.8977,18.5881],[72.8967,18.6067],[72.8869,18.6062],[72.8865,18.6155],[72.8767,18.6151],[72.8757,18.6336],[72.856,18.6327],[72.866,18.6332],[72.863,18.689],[72.853,18.6885],[72.852,18.7071],[72.862,18.7076],[72.8595,18.7541],[72.8693,18.7545],[72.8688,18.7638],[72.859,18.7634],[72.8575,18.7915],[72.8673,18.7919],[72.8663,18.8105],[72.8761,18.811],[72.8766,18.8017],[72.8858,18.8115],[72.8863,18.8022],[72.9156,18.8036],[72.9151,18.8129],[72.9249,18.8134],[72.9244,18.8227],[72.9439,18.8236],[72.9444,18.8143],[72.9542,18.8148],[72.9552,18.7962],[72.9547,18.8055],[72.9649,18.7966],[72.9747,18.7971],[72.9752,18.7878],[72.9849,18.7882],[72.9854,18.7789],[72.9952,18.7794],[72.9942,18.798],[72.9845,18.7975],[72.984,18.8068],[73.0035,18.8078],[72.9937,18.8073],[72.9932,18.8166],[72.9835,18.8161],[72.9825,18.8348],[72.9727,18.8343],[72.9722,18.8436],[72.9332,18.8417],[72.9327,18.851],[72.9229,18.8506],[72.9219,18.8692],[72.9122,18.8687],[72.9117,18.878],[72.9019,18.8775],[72.9004,18.9054],[72.92,18.9064],[72.9195,18.9157],[72.9293,18.9161],[72.9395,18.9073],[72.9376,18.9445],[72.9473,18.945],[72.9468,18.9543],[72.9566,18.9547],[72.9561,18.964],[72.9463,18.9636],[72.9449,18.9915],[72.9253,18.9906],[72.9258,18.9812],[72.8867,18.9794],[72.8862,18.9887],[72.8764,18.9882],[72.8759,18.9975],[72.8857,18.998],[72.8847,19.0168],[72.8744,19.0256],[72.8749,19.0163],[72.8652,19.0158],[72.8657,19.0065],[72.8559,19.0061],[72.8574,18.978],[72.8476,18.9775],[72.8496,18.9403],[72.8396,18.9398],[72.8406,18.9212],[72.8308,18.9207],[72.8303,18.93],[72.8206,18.9295],[72.8191,18.9574],[72.7995,18.9565],[72.7985,18.9751],[72.8083,18.9756],[72.8073,18.9942],[72.8171,18.9947],[72.8156,19.0228],[72.8351,19.0237],[72.8341,19.0423],[72.8441,19.0428],[72.8436,19.0521],[72.8238,19.0511],[72.8223,19.0791],[72.8321,19.0795],[72.8311,19.0981],[72.8213,19.0977],[72.8193,19.1349],[72.8096,19.1344],[72.8091,19.1437],[72.7993,19.1432],[72.7998,19.1339],[72.79,19.1335],[72.7885,19.1614],[72.7782,19.1702],[72.7978,19.1711],[72.7963,19.1991],[72.7767,19.1981],[72.7865,19.1986],[72.786,19.2079],[72.7762,19.2074],[72.7855,19.2172],[72.7757,19.2167],[72.7741,19.2448],[72.7839,19.2453],[72.7809,19.3011],[72.7995,19.3207],[72.799,19.33],[72.7892,19.3295],[72.7779,19.357],[72.7681,19.3565],[72.7676,19.3658],[72.748,19.3649],[72.747,19.3835],[72.7568,19.3839],[72.7532,19.4491],[72.7434,19.4486],[72.7424,19.4672],[72.7522,19.4677],[72.7507,19.4958],[72.7409,19.4954],[72.7404,19.5047],[72.7208,19.5037],[72.7187,19.5409],[72.7089,19.5405],[72.7084,19.5498],[72.7182,19.5502],[72.7172,19.5689],[72.7074,19.5684],[72.7069,19.5777],[72.7167,19.5782],[72.7152,19.6061],[72.725,19.6066],[72.7235,19.6345],[72.7136,19.634],[72.7131,19.6433],[72.7033,19.6429],[72.7008,19.6894],[72.7106,19.6899],[72.7096,19.7087],[72.6992,19.7175],[72.6796,19.7166],[72.677,19.7631],[72.6868,19.7636],[72.6848,19.8008],[72.6749,19.8004],[72.6739,19.819],[72.6641,19.8185],[72.6646,19.8092],[72.6548,19.8087],[72.6532,19.8366],[72.6434,19.8362],[72.6418,19.8641],[72.6812,19.866],[72.6781,19.9219],[72.6683,19.9214],[72.6672,19.9402],[72.6869,19.9412],[72.6859,19.9598],[72.7056,19.9608],[72.7051,19.9701],[72.7248,19.9711],[72.7149,19.9706],[72.7144,19.9799],[72.7243,19.9804],[72.7222,20.0177],[72.7124,20.0172],[72.7088,20.0824],[72.7285,20.0833],[72.7275,20.102],[72.7374,20.1024],[72.7363,20.1213],[72.7462,20.1218],[72.7358,20.1306],[72.7353,20.1399],[72.7452,20.1404],[72.7421,20.1963],[72.752,20.1968],[72.75,20.234],[72.7401,20.2335],[72.7396,20.2428],[72.7494,20.2433],[72.7484,20.262],[72.7583,20.2624],[72.7563,20.2997],[72.7762,20.3007],[72.7742,20.3379],[72.7841,20.3384],[72.7836,20.3477],[72.8132,20.3492],[72.8127,20.3585],[72.8226,20.359],[72.8221,20.3685],[72.8122,20.368],[72.8102,20.4053],[72.82,20.4057],[72.8185,20.4337],[72.8279,20.4435],[72.8274,20.4528],[72.8373,20.4533],[72.8368,20.4626],[72.8467,20.4631],[72.8457,20.4817],[72.8462,20.4724],[72.8659,20.4733],[72.8649,20.492],[72.8847,20.4929],[72.8837,20.5116],[72.8936,20.512],[72.8931,20.5213],[72.8832,20.5209],[72.8827,20.5302],[72.8926,20.5307],[72.8921,20.54],[72.8822,20.5395],[72.8817,20.5488],[72.8916,20.5493],[72.8906,20.5679],[72.9005,20.5684],[72.8985,20.6059],[72.8886,20.6054],[72.8866,20.6427],[72.8767,20.6422],[72.8752,20.6702],[72.8648,20.679],[72.8633,20.707],[72.8534,20.7065],[72.8503,20.7624],[72.8404,20.762],[72.8399,20.7713],[72.83,20.7708],[72.829,20.7894],[72.8191,20.789],[72.8186,20.7983],[72.8384,20.7992],[72.8379,20.8086],[72.828,20.8081],[72.8155,20.8544],[72.7942,20.8814],[72.7927,20.9094],[72.7828,20.9089],[72.7817,20.9276],[72.7822,20.9182],[72.8021,20.9192],[72.8016,20.9285],[72.8214,20.9295],[72.8209,20.9388],[72.811,20.9383],[72.8105,20.9476],[72.7807,20.9462],[72.7812,20.9369],[72.7515,20.9354],[72.7504,20.9541],[72.7405,20.9536],[72.7385,20.9909],[72.7283,20.9904],[72.7242,21.065],[72.7344,21.0655],[72.7349,21.0561],[72.7448,21.0566],[72.7542,21.0664],[72.7443,21.0659],[72.7438,21.0755],[72.7237,21.0745],[72.7232,21.0838],[72.7033,21.0828],[72.7023,21.1015],[72.6924,21.101],[72.6934,21.0824],[72.6835,21.0819],[72.6824,21.1005],[72.6725,21.1],[72.6715,21.1187],[72.6526,21.0991],[72.6531,21.0897],[72.6233,21.0883],[72.6207,21.1349],[72.6302,21.1447],[72.6281,21.182],[72.638,21.1825],[72.6364,21.2104],[72.6563,21.2114],[72.6553,21.2301],[72.6454,21.2296],[72.6244,21.2472],[72.6239,21.2566],[72.614,21.2561],[72.6124,21.2841],[72.6024,21.2836],[72.5967,21.3863],[72.6061,21.3961],[72.626,21.3971],[72.6255,21.4064],[72.5857,21.4045],[72.5846,21.4231],[72.5946,21.4236],[72.5941,21.4329],[72.604,21.4334],[72.6035,21.4428],[72.6234,21.4437],[72.6229,21.4531],[72.6522,21.4638],[72.6517,21.4732],[72.6617,21.4737],[72.6612,21.483],[72.6711,21.4835],[72.6701,21.5021],[72.69,21.5031],[72.6895,21.5124],[72.6995,21.5129],[72.6989,21.5222],[72.7091,21.5227],[72.7086,21.532],[72.7485,21.534],[72.7479,21.5435],[72.7579,21.544],[72.7574,21.5533],[72.7674,21.5538],[72.7668,21.5631],[72.7569,21.5626],[72.7564,21.572],[72.7763,21.5729],[72.7758,21.5822],[72.7858,21.5827],[72.7852,21.592],[72.8052,21.593],[72.7952,21.5925],[72.7947,21.6018],[72.8146,21.6028],[72.8141,21.6121],[72.8241,21.6126],[72.8236,21.6219],[72.8336,21.6224],[72.832,21.6504],[72.8415,21.6602],[72.842,21.6509],[72.8724,21.6429],[72.8709,21.6709],[72.9009,21.6723],[72.9113,21.6635],[72.9213,21.664],[72.9208,21.6733],[72.9308,21.6738],[72.9303,21.6831],[72.8904,21.6812],[72.8799,21.6901],[72.85,21.6886],[72.8216,21.6592],[72.8016,21.6583],[72.7911,21.6671],[72.7612,21.6657],[72.7607,21.675],[72.7507,21.6745],[72.7497,21.6932],[72.7297,21.6922],[72.7302,21.6829],[72.6801,21.6805],[72.6796,21.6898],[72.6696,21.6893],[72.6702,21.68],[72.6303,21.678],[72.6297,21.6874],[72.5998,21.6859],[72.5904,21.6761],[72.5704,21.6751],[72.5709,21.6658],[72.561,21.6653],[72.5615,21.6559],[72.5515,21.6554],[72.551,21.6648],[72.541,21.6643],[72.5405,21.6736],[72.5305,21.6731],[72.5278,21.7199],[72.5378,21.7204],[72.5373,21.7298],[72.5467,21.7396],[72.5572,21.7307],[72.5672,21.7312],[72.5667,21.7406],[72.5867,21.7415],[72.5861,21.7509],[72.6061,21.7519],[72.6035,21.7985],[72.5935,21.798],[72.593,21.8073],[72.6029,21.8078],[72.6024,21.8171],[72.6124,21.8176],[72.6119,21.827],[72.6219,21.8274],[72.6213,21.8368],[72.6114,21.8363],[72.6103,21.8549],[72.6198,21.8647],[72.6187,21.8834],[72.6387,21.8844],[72.6382,21.8937],[72.6482,21.8942],[72.6782,21.8956],[72.6889,21.8868],[72.6989,21.8873],[72.6958,21.9433],[72.7258,21.9447],[72.7352,21.9547],[72.7452,21.9552],[72.7442,21.9739],[72.7342,21.9734],[72.7326,22.0014],[72.7226,22.0009],[72.7232,21.9915],[72.7132,21.9911],[72.7152,21.9538],[72.6852,21.9523],[72.6847,21.9616],[72.6345,21.9592],[72.635,21.9499],[72.6056,21.9389],[72.6061,21.9295],[72.5961,21.929],[72.5866,21.9192],[72.5861,21.9286],[72.5761,21.9281],[72.5767,21.9187],[72.5367,21.9168],[72.5251,21.9444],[72.5451,21.9454],[72.5351,21.9449],[72.5345,21.9543],[72.5445,21.9548],[72.544,21.9641],[72.534,21.9636],[72.5329,21.9822],[72.5429,21.9827],[72.5424,21.9921],[72.5524,21.9926],[72.5508,22.0205],[72.5408,22.02],[72.5376,22.076],[72.5476,22.0765],[72.5471,22.0858],[72.5371,22.0853],[72.5366,22.0947],[72.5466,22.0952],[72.5439,22.1418],[72.5539,22.1423],[72.5529,22.1609],[72.5624,22.1708],[72.5618,22.1801],[72.5719,22.1806],[72.5713,22.1901],[72.5813,22.1906],[72.5808,22.1999],[72.6008,22.2009],[72.6003,22.2102],[72.6103,22.2107],[72.6098,22.2201],[72.6499,22.222],[72.6504,22.2127],[72.6604,22.2132],[72.6609,22.2038],[72.6812,22.2048],[72.6817,22.1955],[72.6917,22.196],[72.6922,22.1865],[72.7223,22.1879],[72.7228,22.1786],[72.7428,22.1795],[72.7434,22.1702],[72.7634,22.1712],[72.7739,22.1623],[72.7839,22.1628],[72.7824,22.1908],[72.7919,22.2008],[72.8119,22.2018],[72.8114,22.2111],[72.8214,22.2116],[72.8204,22.2302],[72.8404,22.2312],[72.8399,22.2405],[72.8499,22.241],[72.8479,22.2783],[72.8379,22.2778],[72.8384,22.2685],[72.8284,22.268],[72.8189,22.2582],[72.7988,22.2572],[72.7998,22.2386],[72.7798,22.2376],[72.7803,22.2283],[72.7402,22.2264],[72.7408,22.2171],[72.7207,22.2161],[72.7112,22.2063],[72.6912,22.2053],[72.6493,22.2313],[72.6293,22.2304],[72.6288,22.2397],[72.5687,22.2367],[72.5592,22.2269],[72.5391,22.2259],[72.5397,22.2166],[72.5297,22.2161],[72.5302,22.2068],[72.5202,22.2063],[72.5012,22.1866],[72.5018,22.1771],[72.4817,22.1761],[72.4823,22.1668],[72.462,22.1658],[72.4626,22.1565],[72.4331,22.1456],[72.4336,22.1363],[72.4236,22.1358],[72.4241,22.1265],[72.4141,22.126],[72.4147,22.1166],[72.3852,22.1058],[72.3857,22.0965],[72.3757,22.096],[72.3763,22.0866],[72.3468,22.0758],[72.3473,22.0665],[72.3373,22.066],[72.3379,22.0566],[72.3179,22.0556],[72.3184,22.0463],[72.3084,22.0458],[72.3089,22.0365],[72.2989,22.0359],[72.2995,22.0266],[72.2895,22.0261],[72.29,22.0168],[72.28,22.0163],[72.2811,21.9976],[72.2711,21.9971],[72.2728,21.9691],[72.2628,21.9686],[72.2622,21.9779],[72.2323,21.9764],[72.2328,21.9671],[72.2126,21.966],[72.2131,21.9567],[72.2032,21.9562],[72.2076,21.8814],[72.2176,21.8819],[72.2192,21.8539],[72.2292,21.8545],[72.2298,21.8451],[72.24,21.8457],[72.2416,21.8177],[72.2215,21.8166],[72.2209,21.826],[72.2009,21.8249],[72.2015,21.8156],[72.2115,21.8161],[72.2325,21.7985],[72.2336,21.7799],[72.2444,21.7711],[72.246,21.7431],[72.256,21.7436],[72.2571,21.725],[72.2671,21.7255],[72.2682,21.7068],[72.2782,21.7073],[72.2793,21.6885],[72.2893,21.689],[72.2904,21.6703],[72.3003,21.6709],[72.3036,21.6149],[72.2936,21.6144],[72.2942,21.6051],[72.2753,21.5854],[72.2759,21.5761],[72.2659,21.5756],[72.2687,21.529],[72.2587,21.5284],[72.2604,21.5003],[72.2502,21.4997],[72.2513,21.4811],[72.2413,21.4806],[72.233,21.4521],[72.223,21.4516],[72.2241,21.4329],[72.2142,21.4324],[72.2147,21.4231],[72.2048,21.4226],[72.2053,21.4133],[72.1954,21.4127],[72.1959,21.4034],[72.186,21.4029],[72.1672,21.3832],[72.1677,21.3739],[72.1578,21.3734],[72.1583,21.3641],[72.149,21.3542],[72.139,21.3537],[72.1396,21.3444],[72.1296,21.3439],[72.1213,21.3154],[72.1114,21.3148],[72.1131,21.2869],[72.1031,21.2864],[72.1037,21.277],[72.0937,21.2765],[72.0949,21.2577],[72.0849,21.2571],[72.0866,21.2292],[72.0965,21.2297],[72.0971,21.2204],[72.107,21.2209],[72.1087,21.1929],[72.0787,21.1914],[72.0792,21.182],[72.0594,21.181],[72.0599,21.1717],[72.05,21.1711],[72.0506,21.1618],[72.0208,21.1602],[72.0213,21.1509],[72.0114,21.1504],[72.0119,21.1411],[71.9821,21.1395],[71.9728,21.1296],[71.9734,21.1203],[71.9629,21.1291],[71.9529,21.1286],[71.9535,21.1192],[71.9038,21.1166],[71.9044,21.1072],[71.8845,21.1062],[71.8857,21.0875],[71.846,21.0854],[71.8466,21.0761],[71.8166,21.0744],[71.8171,21.0651],[71.7973,21.064],[71.7984,21.0454],[71.8084,21.0459],[71.8089,21.0366],[71.7891,21.0355],[71.7885,21.0448],[71.7786,21.0443],[71.7798,21.0257],[71.7103,21.0218],[71.7109,21.0123],[71.691,21.0112],[71.6724,20.9915],[71.6718,21.0008],[71.6517,20.9997],[71.6424,20.9898],[71.643,20.9805],[71.6331,20.9799],[71.6529,20.981],[71.6436,20.9712],[71.594,20.9684],[71.5946,20.9591],[71.5648,20.9574],[71.5654,20.9481],[71.5555,20.9475],[71.5549,20.9568],[71.545,20.9563],[71.5456,20.947],[71.5059,20.9447],[71.5071,20.9261],[71.4972,20.9255],[71.4978,20.9162],[71.5077,20.9168],[71.4879,20.9156],[71.4885,20.9063],[71.4786,20.9057],[71.4798,20.8871],[71.46,20.886],[71.45,20.8854],[71.4506,20.8761],[71.4407,20.8755],[71.4413,20.8662],[71.3916,20.8634],[71.391,20.8727],[71.3711,20.8715],[71.3724,20.8529],[71.3228,20.85],[71.3135,20.8401],[71.2937,20.839],[71.2943,20.8297],[71.2646,20.8279],[71.2652,20.8186],[71.2454,20.8175],[71.246,20.8082],[71.2355,20.8169],[71.2361,20.8076],[71.2062,20.8058],[71.2074,20.7872],[71.1579,20.7843],[71.1585,20.775],[71.1486,20.7744],[71.1499,20.7557],[71.1103,20.7534],[71.1097,20.7627],[71.0899,20.7615],[71.0905,20.7522],[71.0806,20.7516],[71.0812,20.7423],[71.0713,20.7417],[71.072,20.7322],[71.0423,20.7304],[71.0416,20.7399],[70.9921,20.737],[70.994,20.7088],[70.9344,20.7052],[70.9338,20.7145],[70.914,20.7133],[70.9147,20.704],[70.8949,20.7028],[70.8942,20.7121],[70.8744,20.7109],[70.8751,20.7016],[70.8652,20.701],[70.8645,20.7103],[70.8348,20.7085],[70.8361,20.6899],[70.8262,20.6893],[70.8256,20.6986],[70.8058,20.6974],[70.8052,20.7067],[70.7951,20.706],[70.7944,20.7154],[70.7746,20.7141],[70.7739,20.7236],[70.7344,20.7212],[70.7337,20.7305],[70.7139,20.7293],[70.7133,20.7386],[70.6935,20.7374],[70.6928,20.7467],[70.6829,20.7461],[70.6823,20.7554],[70.6724,20.7547],[70.6717,20.7641],[70.6618,20.7634],[70.6625,20.7541],[70.6526,20.7535],[70.6519,20.7628],[70.642,20.7622],[70.6413,20.7715],[70.6117,20.7697],[70.611,20.779],[70.5912,20.7777],[70.5905,20.787],[70.5806,20.7864],[70.58,20.7957],[70.5602,20.7945],[70.5595,20.8038],[70.5395,20.8025],[70.5388,20.8118],[70.519,20.8106],[70.5183,20.8199],[70.4985,20.8186],[70.4979,20.8279],[70.488,20.8273],[70.4873,20.8366],[70.4675,20.8354],[70.4668,20.8447],[70.4569,20.844],[70.4562,20.8533],[70.4364,20.8521],[70.4358,20.8614],[70.4259,20.8608],[70.4252,20.8701],[70.4153,20.8694],[70.4146,20.8787],[70.4047,20.8781],[70.404,20.8874],[70.3941,20.8868],[70.3934,20.8961],[70.3835,20.8955],[70.3828,20.9048],[70.3531,20.9029],[70.3524,20.9122],[70.3423,20.9115],[70.3416,20.9208],[70.3317,20.9202],[70.331,20.9295],[70.3006,20.9371],[70.2999,20.9464],[70.29,20.9458],[70.2893,20.9551],[70.2794,20.9544],[70.2787,20.9637],[70.2688,20.9631],[70.2681,20.9724],[70.2582,20.9718],[70.2575,20.9811],[70.2476,20.9804],[70.2469,20.9897],[70.237,20.9891],[70.2363,20.9984],[70.2264,20.9977],[70.2257,21.0071],[70.2158,21.0064],[70.2151,21.0157],[70.2052,21.0151],[70.2045,21.0244],[70.1946,21.0237],[70.1939,21.033],[70.184,21.0324],[70.1833,21.0417],[70.1734,21.0411],[70.1727,21.0504],[70.1628,21.0497],[70.1621,21.059],[70.1522,21.0584],[70.1515,21.0677],[70.1415,21.067],[70.1408,21.0763],[70.1309,21.0757],[70.1302,21.085],[70.1203,21.0844],[70.1196,21.0937],[70.1097,21.093],[70.1083,21.1116],[70.0885,21.1103],[70.0871,21.1289],[70.0771,21.1283],[70.0764,21.1376],[70.0663,21.1369],[70.0656,21.1462],[70.0557,21.1456],[70.0549,21.1551],[70.045,21.1544],[70.033,21.1817],[70.0231,21.181],[70.0224,21.1904],[70.0124,21.1897],[70.0117,21.199],[70.0018,21.1983],[70.0004,21.217],[69.9904,21.2163],[69.9897,21.2256],[69.9798,21.225],[69.9791,21.2343],[69.9692,21.2336],[69.9678,21.2522],[69.9578,21.2516],[69.9571,21.2609],[69.9472,21.2602],[69.9351,21.2875],[69.9252,21.2868],[69.9245,21.2961],[69.9145,21.2955],[69.9024,21.3227],[69.8925,21.3221],[69.8918,21.3314],[69.8819,21.3307],[69.8804,21.3493],[69.8705,21.3486],[69.8698,21.358],[69.8596,21.3573],[69.8582,21.3761],[69.8482,21.3754],[69.8475,21.3847],[69.8376,21.3841],[69.8361,21.4027],[69.8262,21.402],[69.8255,21.4113],[69.8155,21.4107],[69.8034,21.4379],[69.7935,21.4372],[69.7927,21.4466],[69.7828,21.4459],[69.7821,21.4552],[69.7721,21.4545],[69.7707,21.4731],[69.7607,21.4725],[69.76,21.4818],[69.7501,21.4811],[69.7493,21.4904],[69.7394,21.4897],[69.7379,21.5083],[69.728,21.5077],[69.7273,21.517],[69.7173,21.5163],[69.7158,21.5349],[69.7059,21.5342],[69.7051,21.5438],[69.6952,21.5431],[69.6945,21.5524],[69.6845,21.5517],[69.6838,21.561],[69.6738,21.5603],[69.6731,21.5696],[69.6631,21.569],[69.6617,21.5876],[69.6517,21.5869],[69.651,21.5962],[69.641,21.5955],[69.6403,21.6048],[69.6303,21.6041],[69.6182,21.6314],[69.6082,21.6307],[69.6075,21.64],[69.5774,21.6379],[69.5766,21.6472],[69.5667,21.6466],[69.5659,21.6559],[69.556,21.6552],[69.5552,21.6645],[69.5453,21.6638],[69.5445,21.6731],[69.5346,21.6724],[69.5338,21.6817],[69.5239,21.681],[69.5224,21.6997],[69.5124,21.699],[69.5117,21.7083],[69.5017,21.7076],[69.501,21.7169],[69.491,21.7162],[69.4903,21.7255],[69.4803,21.7248],[69.4796,21.7341],[69.4688,21.7427],[69.4589,21.742],[69.4581,21.7514],[69.4482,21.7507],[69.4474,21.7602],[69.4374,21.7595],[69.4367,21.7688],[69.4267,21.7681],[69.426,21.7774],[69.416,21.7767],[69.4152,21.786],[69.3938,21.8032],[69.393,21.8125],[69.3829,21.8118],[69.3706,21.839],[69.3507,21.8376],[69.3499,21.8469],[69.3399,21.8462],[69.3392,21.8556],[69.3292,21.8548],[69.3285,21.8642],[69.3185,21.8635],[69.3177,21.8728],[69.3077,21.8721],[69.307,21.8814],[69.297,21.8807],[69.2962,21.89],[69.2863,21.8893],[69.2855,21.8986],[69.2755,21.8979],[69.2748,21.9072],[69.2648,21.9065],[69.264,21.9158],[69.2541,21.9151],[69.2525,21.9337],[69.2425,21.933],[69.2418,21.9423],[69.2318,21.9416],[69.231,21.9509],[69.2211,21.9502],[69.2203,21.9595],[69.2103,21.9588],[69.2088,21.9774],[69.1988,21.9767],[69.198,21.9862],[69.188,21.9855],[69.1873,21.9948],[69.1773,21.9941],[69.165,22.0213],[69.155,22.0206],[69.1442,22.0292],[69.1319,22.0564],[69.1219,22.0557],[69.1212,22.065],[69.111,22.0642],[69.0871,22.1093],[69.0771,22.1086],[69.0663,22.1172],[69.0656,22.1265],[69.0556,22.1258],[69.0548,22.1351],[69.0448,22.1344],[69.0325,22.1616],[69.0225,22.1609],[69.0101,22.1881],[69.0001,22.1873],[68.9993,22.1966],[68.9893,22.1959],[68.9878,22.2147],[68.9778,22.214],[68.9654,22.2412],[68.9554,22.2405],[68.9522,22.2777],[68.9422,22.277],[68.9375,22.3329],[68.9575,22.3343],[68.9544,22.3716],[68.9644,22.3723],[68.9628,22.3909],[68.9728,22.3917],[68.9721,22.401],[69.0021,22.4032],[68.9821,22.4017],[68.9813,22.411],[68.9913,22.4118],[68.9905,22.4211],[69.0005,22.4218],[68.999,22.4404],[69.019,22.4419],[69.0182,22.4514],[69.0382,22.4529],[69.0374,22.4622],[69.0575,22.4636],[69.0567,22.4729],[69.0667,22.4737],[69.0659,22.483],[69.076,22.4837],[69.0783,22.4558],[69.0583,22.4543],[69.0591,22.4448],[69.049,22.4441],[69.0498,22.4347],[69.0482,22.4536],[69.039,22.4433],[69.0429,22.3968],[69.0529,22.3975],[69.0537,22.3882],[69.094,22.3911],[69.1032,22.4011],[69.1025,22.4104],[69.1125,22.4112],[69.1133,22.4019],[69.1233,22.4026],[69.1256,22.3746],[69.1248,22.384],[69.1348,22.3847],[69.1333,22.4033],[69.1733,22.4062],[69.1726,22.4155],[69.1826,22.4162],[69.1818,22.4255],[69.1918,22.4262],[69.1934,22.4076],[69.1834,22.4069],[69.1941,22.3983],[69.1949,22.389],[69.2049,22.3897],[69.1849,22.3883],[69.1857,22.379],[69.1656,22.3775],[69.1664,22.3682],[69.1764,22.3689],[69.178,22.3503],[69.168,22.3496],[69.1703,22.3216],[69.1603,22.3209],[69.1641,22.2744],[69.1541,22.2736],[69.1549,22.2643],[69.1449,22.2636],[69.1457,22.2543],[69.1557,22.255],[69.1564,22.2457],[69.138,22.2256],[69.1403,22.1975],[69.1603,22.1989],[69.1695,22.209],[69.1688,22.2185],[69.1788,22.2192],[69.1772,22.2378],[69.1972,22.2393],[69.1988,22.2206],[69.2088,22.2213],[69.2095,22.2118],[69.2388,22.2235],[69.2357,22.2607],[69.2557,22.2622],[69.2549,22.2715],[69.295,22.2743],[69.2934,22.293],[69.3042,22.2844],[69.3142,22.2851],[69.3135,22.2944],[69.3235,22.2951],[69.3227,22.3044],[69.3427,22.3058],[69.3412,22.3244],[69.3514,22.3252],[69.3622,22.3166],[69.4423,22.3222],[69.4415,22.3315],[69.4916,22.335],[69.4893,22.3629],[69.4994,22.3636],[69.5086,22.3736],[69.5489,22.3764],[69.5496,22.3671],[69.5597,22.3678],[69.5604,22.3585],[69.5704,22.3592],[69.5697,22.3685],[69.5797,22.3692],[69.5804,22.3599],[69.5904,22.3606],[69.5912,22.3512],[69.6012,22.3519],[69.6019,22.3426],[69.612,22.3433],[69.6112,22.3526],[69.6212,22.3533],[69.6198,22.3719],[69.6205,22.3626],[69.6513,22.3554],[69.6505,22.3647],[69.6605,22.3654],[69.6583,22.3933],[69.6984,22.3961],[69.6962,22.424],[69.7062,22.4247],[69.7055,22.434],[69.6955,22.4333],[69.6933,22.4613],[69.7033,22.462],[69.7026,22.4713],[69.7226,22.4726],[69.7219,22.4819],[69.7319,22.4826],[69.7334,22.464],[69.7434,22.4647],[69.7463,22.4274],[69.7563,22.4281],[69.7549,22.4467],[69.7656,22.4381],[69.7663,22.4288],[69.7764,22.4295],[69.7771,22.4201],[69.7873,22.4208],[69.7881,22.4115],[69.7981,22.4122],[69.7995,22.3936],[69.7902,22.3836],[69.791,22.3742],[69.801,22.3749],[69.8003,22.3842],[69.8103,22.3849],[69.8088,22.4035],[69.8188,22.4042],[69.8174,22.4229],[69.8281,22.4142],[69.826,22.4422],[69.856,22.4442],[69.8568,22.4349],[69.8668,22.4355],[69.8675,22.4262],[69.8775,22.4269],[69.8761,22.4455],[69.8861,22.4462],[69.8854,22.4555],[69.9054,22.4569],[69.9061,22.4475],[69.9162,22.4482],[69.9147,22.4668],[69.9255,22.4582],[69.9247,22.4675],[69.9348,22.4682],[69.9341,22.4775],[69.9441,22.4782],[69.9548,22.4695],[69.9541,22.4788],[69.9641,22.4795],[69.9648,22.4702],[69.9851,22.4715],[69.9823,22.5088],[70.0023,22.5101],[70.003,22.5008],[70.013,22.5015],[70.0123,22.5108],[70.0424,22.5128],[70.0431,22.5034],[70.0532,22.5041],[70.0625,22.5141],[70.0825,22.5154],[70.0839,22.4968],[70.114,22.4987],[70.1147,22.4894],[70.1248,22.4901],[70.1226,22.518],[70.1427,22.5193],[70.1434,22.51],[70.1534,22.5107],[70.1527,22.52],[70.1628,22.5206],[70.162,22.5302],[70.1721,22.5308],[70.1828,22.5219],[70.1793,22.5687],[70.1893,22.5694],[70.1886,22.5787],[70.2087,22.58],[70.1987,22.5794],[70.1973,22.598],[70.2073,22.5986],[70.2066,22.608],[70.2166,22.6086],[70.2159,22.6179],[70.2262,22.6186],[70.2255,22.6279],[70.2355,22.6286],[70.2348,22.6379],[70.2643,22.6491],[70.2629,22.6678],[70.2729,22.6684],[70.2694,22.715],[70.2795,22.7157],[70.2788,22.725],[70.3082,22.7362],[70.3075,22.7456],[70.3276,22.7468],[70.3269,22.7562],[70.3363,22.7661],[70.3464,22.7668],[70.3456,22.7763],[70.3751,22.7875],[70.3744,22.7968],[70.3945,22.7981],[70.3938,22.8074],[70.4041,22.8081],[70.4034,22.8174],[70.4336,22.8193],[70.4329,22.8286],[70.4631,22.8305],[70.4624,22.8399],[70.4724,22.8405],[70.4711,22.8591],[70.4811,22.8598],[70.4798,22.8784],[70.4898,22.879],[70.4891,22.8884],[70.4985,22.8983],[70.5086,22.8989],[70.5079,22.9083],[70.518,22.9089],[70.5173,22.9182],[70.5273,22.9188],[70.528,22.9095],[70.5381,22.9101],[70.5367,22.9288],[70.5267,22.9282],[70.526,22.9375],[70.4757,22.9343],[70.475,22.9436],[70.4649,22.943],[70.4642,22.9523],[70.4542,22.9517],[70.4535,22.961],[70.4434,22.9604],[70.4427,22.9697],[70.4931,22.9729],[70.4938,22.9636],[70.5441,22.9667],[70.5421,22.9947],[70.5521,22.9953],[70.5508,23.0139],[70.5601,23.0241],[70.5595,23.0334],[70.5998,23.0359],[70.5977,23.0639],[70.628,23.0657],[70.6376,23.0757],[70.6369,23.085],[70.6665,23.0962],[70.6658,23.1055],[70.6954,23.1167],[70.6947,23.126],[70.7148,23.1272],[70.7438,23.1477],[70.7538,23.1483],[70.7545,23.139],[70.7639,23.149],[70.7626,23.1676],[70.7727,23.1682],[70.7733,23.1589],[70.7834,23.1595],[70.7841,23.1502],[70.7942,23.1508],[70.7935,23.1601],[70.8137,23.1613],[70.8156,23.1334],[70.836,23.1346],[70.8367,23.1253],[70.8266,23.1247],[70.8286,23.0967],[70.8386,23.0973],[70.8373,23.116],[70.838,23.1066],[70.8481,23.1072],[70.8468,23.1259],[70.8568,23.1265],[70.8562,23.1358],[70.8246,23.1526],[70.824,23.162],[70.834,23.1626],[70.8347,23.1532],[70.8448,23.1539],[70.8435,23.1725],[70.9241,23.1773],[70.9336,23.1873],[70.9537,23.1885],[70.9531,23.1978],[70.9027,23.1948],[70.9033,23.1855],[70.8832,23.1842],[70.8825,23.1936],[70.8623,23.1924],[70.861,23.211],[70.8906,23.2223],[70.89,23.2317],[70.8698,23.2305],[70.859,23.2392],[70.8489,23.2386],[70.8483,23.2479],[70.8281,23.2467],[70.8288,23.2374],[70.8187,23.2367],[70.8193,23.2274],[70.809,23.2268],[70.8084,23.2361],[70.7983,23.2355],[70.7976,23.2448],[70.7875,23.2442],[70.7869,23.2535],[70.7667,23.2523],[70.7674,23.243],[70.7573,23.2424],[70.7478,23.2324],[70.7485,23.2231],[70.7183,23.2213],[70.729,23.2126],[70.7088,23.2113],[70.6981,23.2201],[70.6987,23.2107],[70.6786,23.2095],[70.6887,23.2101],[70.688,23.2194],[70.6678,23.2182],[70.6672,23.2275],[70.647,23.2263],[70.6497,23.1888],[70.6091,23.1863],[70.6098,23.177],[70.5695,23.1745],[70.5587,23.1832],[70.4982,23.1794],[70.4975,23.1887],[70.4875,23.1881],[70.4659,23.2057],[70.4457,23.2044],[70.4242,23.2218],[70.4343,23.2224],[70.4329,23.2411],[70.4027,23.2391],[70.3933,23.2292],[70.3825,23.2379],[70.3832,23.2286],[70.3628,23.2273],[70.3635,23.2179],[70.3534,23.2173],[70.3426,23.226],[70.2922,23.2228],[70.2936,23.2041],[70.2835,23.2035],[70.2842,23.1942],[70.2741,23.1935],[70.2748,23.1842],[70.2446,23.1823],[70.2453,23.1727],[70.2352,23.1721],[70.2359,23.1628],[70.2258,23.1621],[70.2251,23.1714],[70.215,23.1708],[70.2157,23.1615],[70.2057,23.1608],[70.2064,23.1515],[70.2172,23.1428],[70.2071,23.1422],[70.2085,23.1235],[70.1897,23.1036],[70.1904,23.0943],[70.1801,23.0936],[70.1808,23.0843],[70.1708,23.0837],[70.1722,23.065],[70.1621,23.0644],[70.1635,23.0457],[70.1535,23.0451],[70.1542,23.0358],[70.1441,23.0351],[70.1448,23.0258],[70.1347,23.0251],[70.1361,23.0065],[70.1261,23.0058],[70.1268,22.9965],[70.1167,22.9959],[70.1174,22.9863],[70.1074,22.9857],[70.1081,22.9764],[70.088,22.975],[70.0887,22.9657],[70.0585,22.9638],[70.0592,22.9544],[70.029,22.9525],[70.0311,22.9245],[69.9816,22.9119],[69.9823,22.9025],[69.9318,22.8992],[69.9325,22.8899],[69.9124,22.8885],[69.9131,22.8792],[69.903,22.8786],[69.9038,22.8692],[69.8937,22.8686],[69.893,22.8779],[69.8829,22.8772],[69.8837,22.8679],[69.8334,22.8645],[69.8341,22.8552],[69.7939,22.8525],[69.7946,22.8432],[69.7846,22.8425],[69.7853,22.8332],[69.7652,22.8319],[69.7659,22.8225],[69.7255,22.8198],[69.7262,22.8105],[69.6861,22.8078],[69.6868,22.7984],[69.6466,22.7957],[69.6459,22.805],[69.6358,22.8043],[69.6351,22.8136],[69.615,22.8123],[69.6157,22.8029],[69.6057,22.8023],[69.6049,22.8116],[69.5848,22.8102],[69.5841,22.8195],[69.564,22.8181],[69.5647,22.8088],[69.5346,22.8067],[69.5353,22.7974],[69.5245,22.806],[69.5044,22.8046],[69.5037,22.814],[69.5052,22.7953],[69.4949,22.7946],[69.4942,22.8039],[69.4841,22.8032],[69.4849,22.7939],[69.4748,22.7932],[69.4741,22.8025],[69.464,22.8018],[69.4633,22.8112],[69.4331,22.8091],[69.4339,22.7997],[69.4439,22.8004],[69.4447,22.7911],[69.4246,22.7897],[69.4238,22.799],[69.4138,22.7983],[69.413,22.8077],[69.403,22.807],[69.4022,22.8163],[69.3721,22.8142],[69.3713,22.8235],[69.3412,22.8214],[69.3404,22.8307],[69.3203,22.8293],[69.3196,22.8386],[69.2992,22.8371],[69.3,22.8278],[69.2598,22.825],[69.259,22.8343],[69.2289,22.8322],[69.2281,22.8415],[69.198,22.8393],[69.1964,22.858],[69.1663,22.8558],[69.1655,22.8651],[69.1454,22.8637],[69.1446,22.873],[69.1245,22.8715],[69.1237,22.8809],[69.1137,22.8801],[69.1129,22.8895],[69.1029,22.8887],[69.1021,22.898],[69.092,22.8973],[69.0912,22.9066],[69.0812,22.9059],[69.0804,22.9152],[69.0603,22.9138],[69.0595,22.9233],[69.0494,22.9226],[69.0487,22.9319],[69.0283,22.9304],[69.0276,22.9397],[69.0175,22.939],[69.0167,22.9483],[68.9966,22.9469],[68.9958,22.9562],[68.9858,22.9554],[68.985,22.9648],[68.9648,22.9633],[68.9641,22.9726],[68.954,22.9719],[68.9532,22.9812],[68.9331,22.9797],[68.9315,22.9983],[68.9114,22.9969],[68.9106,23.0062],[68.9005,23.0055],[68.8997,23.0148],[68.8796,23.0133],[68.8788,23.0226],[68.8688,23.0219],[68.868,23.0312],[68.8579,23.0304],[68.8571,23.0398],[68.847,23.039],[68.8462,23.0483],[68.836,23.0476],[68.8352,23.0569],[68.8251,23.0561],[68.8243,23.0655],[68.7941,23.0632],[68.7933,23.0725],[68.7732,23.0711],[68.7723,23.0806],[68.7824,23.0813],[68.7723,23.0806],[68.7715,23.0899],[68.7615,23.0891],[68.7599,23.1078],[68.7699,23.1085],[68.7691,23.1178],[68.7893,23.1193],[68.7792,23.1186],[68.7784,23.1279],[68.7683,23.1271],[68.7583,23.1264],[68.7591,23.1171],[68.7389,23.1156],[68.7381,23.1249],[68.728,23.1242],[68.7264,23.1428],[68.7164,23.142],[68.7156,23.1513],[68.6954,23.1498],[68.6946,23.1592],[68.6845,23.1584],[68.6829,23.177],[68.6728,23.1763],[68.672,23.1856],[68.662,23.1848],[68.6603,23.2035],[68.6704,23.2042],[68.6688,23.2228],[68.6587,23.2221],[68.6595,23.2128],[68.6192,23.2098],[68.6293,23.2105],[68.6285,23.2198],[68.6486,23.2213],[68.6478,23.2306],[68.6982,23.2344],[68.6974,23.2437],[68.7075,23.2445],[68.7058,23.2631],[68.726,23.2646],[68.7159,23.2638],[68.711,23.3199],[68.701,23.3192],[68.7018,23.3099],[68.6816,23.3084],[68.6792,23.3363],[68.6691,23.3355],[68.6683,23.3448],[68.6582,23.3441],[68.6598,23.3255],[68.6497,23.3247],[68.6505,23.3154],[68.6405,23.3147],[68.6372,23.3519],[68.6271,23.3512],[68.6247,23.3791],[68.6146,23.3783],[68.6138,23.3876],[68.5936,23.3861],[68.5928,23.3954],[68.5827,23.3947],[68.5818,23.404],[68.5718,23.4032],[68.5701,23.4219],[68.5396,23.4196],[68.5497,23.4203],[68.5489,23.4296],[68.5388,23.4289],[68.538,23.4382],[68.5279,23.4374],[68.5246,23.4747],[68.5145,23.4739],[68.512,23.5019],[68.5019,23.5011],[68.4994,23.529],[68.4893,23.5283],[68.4868,23.5564],[68.4969,23.5572],[68.4928,23.6037],[68.5029,23.6045],[68.5021,23.6138],[68.5122,23.6146],[68.5097,23.6425],[68.5105,23.6332],[68.5307,23.6347],[68.5299,23.644],[68.5198,23.6432],[68.5182,23.6619]],[[74.009,30.5095],[74.0197,30.5099],[74.0193,30.5191],[74.0086,30.5187],[74.009,30.5095]],[[74.593,31.133],[74.5934,31.1237],[74.6042,31.1241],[74.593,31.133]],[[72.6739,36.2439],[72.6851,36.2444],[72.6733,36.2532],[72.6739,36.2439]],[[80.2799,29.4583],[80.2693,29.4583],[80.2693,29.449],[80.2799,29.449],[80.2799,29.4583]],[[80.8682,28.4883],[80.8682,28.4976],[80.8577,28.4976],[80.8682,28.4883]],[[93.3583,24.1007],[93.3481,24.1016],[93.3471,24.0921],[93.3573,24.0912],[93.3583,24.1007]],[[92.6907,22.1015],[92.6807,22.1024],[92.678,22.0744],[92.688,22.0736],[92.6907,22.1015]],[[91.319,23.3552],[91.3198,23.3645],[91.3097,23.3652],[91.3089,23.3559],[91.319,23.3552]],[[91.6139,25.1717],[91.6148,25.181],[91.6046,25.1817],[91.6037,25.1724],[91.6139,25.1717]],[[89.7985,26.0842],[89.7992,26.0935],[89.7889,26.0941],[89.7882,26.0848],[89.7985,26.0842]],[[89.631,26.1975],[89.6303,26.1882],[89.6406,26.1876],[89.6413,26.1969],[89.631,26.1975]],[[88.9465,26.3507],[88.9458,26.3414],[88.9562,26.3408],[88.9568,26.3501],[88.9465,26.3507]],[[88.8187,25.4126],[88.8084,25.4132],[88.8289,25.412],[88.8187,25.4126]],[[88.7684,23.4766],[88.7785,23.476],[88.7791,23.4853],[88.769,23.4859],[88.7684,23.4766]],[[88.74,23.3563],[88.7299,23.3569],[88.7292,23.3476],[88.7393,23.347],[88.74,23.3563]],[[88.9136,23.2244],[88.913,23.2151],[88.9231,23.2145],[88.9136,23.2244]],[[88.9985,21.9641],[89.0085,21.9635],[89.0091,21.9728],[88.9991,21.9734],[88.9985,21.9641]],[[88.7822,21.7334],[88.7523,21.7351],[88.7616,21.7252],[88.7716,21.7246],[88.771,21.7153],[88.7809,21.7147],[88.7822,21.7334]],[[88.7922,21.7328],[88.7928,21.7421],[88.7822,21.7334],[88.7922,21.7328]],[[88.7934,21.7514],[88.7834,21.752],[88.7828,21.7427],[88.7928,21.7421],[88.7934,21.7514]],[[88.761,21.7159],[88.7604,21.7066],[88.771,21.7153],[88.761,21.7159]],[[88.4258,21.8005],[88.4558,21.7988],[88.4558,21.7988],[88.4258,21.8005]],[[88.331,21.7309],[88.3305,21.7216],[88.3299,21.7123],[88.331,21.7309]],[[87.9817,22.2461],[87.9717,22.2466],[87.9711,22.2373],[87.9812,22.2368],[87.9817,22.2461]],[[87.9728,22.2653],[87.9528,22.2663],[87.9517,22.2477],[87.9717,22.2466],[87.9728,22.2653]],[[87.9711,22.2373],[87.9706,22.228],[87.98,22.2181],[87.9806,22.2274],[87.9711,22.2373]],[[86.7201,20.3992],[86.7295,20.3894],[86.73,20.3987],[86.7201,20.3992]],[[86.7881,20.3679],[86.7782,20.3683],[86.7777,20.359],[86.7876,20.3585],[86.7881,20.3679]],[[86.6839,20.2698],[86.674,20.2703],[86.6736,20.261],[86.6834,20.2605],[86.6839,20.2698]],[[86.6745,20.2796],[86.6646,20.28],[86.6642,20.2707],[86.674,20.2703],[86.6745,20.2796]],[[83.802,18.1695],[83.7923,18.1697],[83.792,18.1604],[83.8017,18.1602],[83.802,18.1695]],[[82.2713,16.9452],[82.2617,16.9454],[82.2615,16.9361],[82.2713,16.9452]],[[80.8258,15.7078],[80.8258,15.717],[80.8163,15.7171],[80.8258,15.7078]],[[80.2941,13.1244],[80.3034,13.1243],[80.3035,13.1335],[80.2941,13.1244]],[[79.8192,10.2872],[79.81,10.2872],[79.81,10.2781],[79.8192,10.2781],[79.8192,10.2872]],[[72.982,18.8441],[72.981,18.8627],[72.9713,18.8622],[72.9722,18.8436],[72.982,18.8441]],[[72.9908,18.8631],[72.9903,18.8724],[72.981,18.8627],[72.9908,18.8631]],[[72.8,19.3114],[72.8196,19.3124],[72.8291,19.3221],[72.8286,19.3315],[72.8088,19.3305],[72.8093,19.3212],[72.7995,19.3207],[72.8,19.3114]],[[72.6354,21.4069],[72.6349,21.4162],[72.6255,21.4064],[72.6354,21.4069]],[[72.6548,21.4172],[72.6543,21.4265],[72.6344,21.4256],[72.6349,21.4162],[72.6548,21.4172]],[[72.6643,21.427],[72.6638,21.4364],[72.6538,21.4359],[72.6543,21.4265],[72.6643,21.427]],[[72.6837,21.4373],[72.6832,21.4467],[72.6632,21.4457],[72.6638,21.4364],[72.6837,21.4373]],[[72.9609,21.6752],[72.9604,21.6845],[72.9405,21.6836],[72.941,21.6742],[72.9308,21.6738],[72.9609,21.6752]],[[71.6237,20.97],[71.6231,20.9794],[71.6132,20.9788],[71.6138,20.9695],[71.6237,20.97]],[[69.0329,22.396],[69.0337,22.3867],[69.0437,22.3875],[69.0429,22.3968],[69.0329,22.396]],[[69.4264,22.8086],[69.4231,22.8084],[69.413,22.8077],[69.4264,22.8086]],[[68.5372,23.4475],[68.5363,23.4568],[68.5271,23.4467],[68.5372,23.4475]],[[88.4029,21.755],[88.4017,21.7364],[88.4029,21.755],[88.4029,21.755]],[[88.4211,21.7259],[88.4211,21.7259],[88.4206,21.7182],[88.4211,21.7259]],[[73.7169,15.7226],[73.7164,15.7318],[73.7069,15.7314],[73.6906,15.7214],[73.7264,15.723],[73.7169,15.7226]],[[73.736,15.7234],[73.7355,15.7327],[73.726,15.7322],[73.7264,15.723],[73.736,15.7234]],[[88.5405,21.8689],[88.5305,21.8695],[88.5211,21.8793],[88.5205,21.87],[88.5405,21.8689]],[[89.5923,26.097],[89.6129,26.0958],[89.6122,26.0864],[89.6136,26.1051],[89.593,26.1063],[89.5923,26.097]],[[88.8483,23.0127],[88.8477,23.0034],[88.8628,23.0025],[88.8578,23.0028],[88.8584,23.0121],[88.8483,23.0127]],[[88.7535,21.7537],[88.7635,21.7532],[88.7647,21.7718],[88.7548,21.7724],[88.7554,21.7817],[88.7448,21.773],[88.7442,21.7636],[88.7641,21.7625],[88.7535,21.7537]],[[88.7672,21.8091],[88.7666,21.7998],[88.7772,21.8085],[88.7672,21.8091]],[[88.0707,22.2226],[88.0807,22.2221],[88.0815,22.2345],[88.0813,22.2314],[88.0707,22.2226]],[[88.0819,22.2408],[88.0919,22.2402],[88.0925,22.2495],[88.083,22.2594],[88.0819,22.2408]],[[73.2467,17.2905],[73.2471,17.2813],[73.2568,17.2817],[73.2563,17.291],[73.2467,17.2905]],[[88.5859,21.9507],[88.5865,21.96],[88.5859,21.9507],[88.5859,21.9507]],[[88.5953,21.9408],[88.5959,21.9502],[88.5959,21.9502],[88.5953,21.9408]],[[88.6047,21.9309],[88.6053,21.9403],[88.6053,21.9403],[88.6047,21.9309]]],[[[68.5375,23.6727],[68.5384,23.6634],[68.5283,23.6626],[68.5258,23.6906],[68.5274,23.6719],[68.5375,23.6727],[68.5367,23.682],[68.5471,23.6828],[68.5479,23.6735],[68.5375,23.6727]]],[[[68.6247,23.7261],[68.6146,23.7253],[68.6137,23.7346],[68.6238,23.7354],[68.6247,23.7261]]],[[[79.4283,9.1783],[79.4101,9.1783],[79.4101,9.1873],[79.4192,9.1873],[79.4192,9.1783],[79.4283,9.1783]]],[[[79.4009,9.1963],[79.41,9.1964],[79.4101,9.1873],[79.401,9.1873],[79.4009,9.1963]]],[[[79.0906,9.1947],[79.0815,9.1946],[79.0723,9.2036],[79.0906,9.2037],[79.0906,9.1947]]],[[[79.0632,9.2035],[79.0632,9.2126],[79.0723,9.2126],[79.0723,9.2036],[79.0632,9.2035]]],[[[79.1361,9.2131],[79.1269,9.222],[79.136,9.2221],[79.1361,9.2131]]],[[[79.1907,9.2586],[79.1998,9.2587],[79.2,9.2315],[79.1909,9.2315],[79.1908,9.2405],[79.1817,9.2405],[79.1816,9.2495],[79.1908,9.2496],[79.1907,9.2586]]],[[[79.2091,9.2406],[79.209,9.2497],[79.2181,9.2497],[79.2182,9.2407],[79.1999,9.2406],[79.2091,9.2406]]],[[[79.3089,9.3319],[79.318,9.3319],[79.3181,9.3229],[79.3363,9.323],[79.3364,9.3049],[79.3273,9.3048],[79.3273,9.2958],[79.3182,9.2957],[79.3183,9.2686],[79.3274,9.2686],[79.3275,9.2596],[79.3366,9.2596],[79.3367,9.2503],[79.3458,9.2504],[79.3458,9.2413],[79.3549,9.2414],[79.355,9.2323],[79.3641,9.2324],[79.3641,9.2233],[79.3917,9.2144],[79.3918,9.2053],[79.4009,9.2054],[79.4009,9.1963],[79.3825,9.1962],[79.3824,9.2053],[79.3642,9.2052],[79.3642,9.2143],[79.3551,9.2142],[79.355,9.2233],[79.3093,9.2412],[79.3093,9.2502],[79.2819,9.2501],[79.2819,9.2593],[79.2181,9.259],[79.218,9.2771],[79.2088,9.277],[79.2088,9.2861],[79.2179,9.2861],[79.2179,9.2952],[79.2726,9.2955],[79.2725,9.3136],[79.2816,9.3137],[79.2907,9.3228],[79.3089,9.3228],[79.3089,9.3319]]],[[[80.8163,15.7171],[80.8067,15.7171],[80.8068,15.7264],[80.8163,15.7263],[80.8163,15.7171]]],[[[80.8068,15.731],[80.8068,15.7356],[80.7971,15.745],[80.8069,15.7449],[80.8068,15.731]]],[[[80.7785,15.8286],[80.7785,15.8379],[80.7881,15.8378],[80.788,15.8239],[80.7881,15.8285],[80.7785,15.8286]]],[[[82.3232,16.5975],[82.3228,16.5728],[82.3132,16.5729],[82.3135,16.5915],[82.3231,16.5913],[82.3232,16.5975]]],[[[82.3234,16.6099],[82.3236,16.6192],[82.3334,16.619],[82.3333,16.6097],[82.3234,16.6099]]],[[[82.3146,16.6564],[82.3242,16.6563],[82.324,16.64],[82.3241,16.647],[82.3145,16.6471],[82.3146,16.6564]]],[[[82.3637,16.7022],[82.3445,16.7025],[82.3541,16.7024],[82.3543,16.7117],[82.3447,16.7118],[82.3448,16.7211],[82.3544,16.7209],[82.3543,16.7117],[82.3639,16.7115],[82.3637,16.7022]]],[[[82.3586,16.9624],[82.3394,16.9627],[82.3397,16.9813],[82.3493,16.9811],[82.3492,16.9719],[82.3588,16.9717],[82.3584,16.9485],[82.3586,16.9624]]],[[[82.3397,16.9813],[82.3298,16.9814],[82.33,16.9907],[82.3398,16.9906],[82.3397,16.9813]]],[[[86.4018,19.9644],[86.3919,19.9648],[86.3924,19.9743],[86.4023,19.9739],[86.4018,19.9644]]],[[[86.8078,20.3669],[86.798,20.3674],[86.7994,20.3956],[86.8093,20.3951],[86.8078,20.3669]]],[[[86.791,20.424],[86.7919,20.4426],[86.8018,20.4421],[86.8008,20.4235],[86.791,20.424]]],[[[86.8018,20.4421],[86.8028,20.4608],[86.8126,20.4603],[86.8117,20.4417],[86.8018,20.4421]]],[[[86.7943,20.4892],[86.8037,20.4794],[86.8028,20.4608],[86.8032,20.4701],[86.7933,20.4706],[86.7943,20.4892]]],[[[87.0338,20.7025],[87.0343,20.7118],[87.0442,20.7114],[87.0437,20.7021],[87.0338,20.7025]]],[[[88.5024,21.5902],[88.5323,21.5885],[88.5298,21.5512],[88.5398,21.5506],[88.5392,21.5413],[88.5492,21.5408],[88.5486,21.5314],[88.4988,21.5343],[88.5,21.5529],[88.4894,21.5441],[88.49,21.5535],[88.48,21.554],[88.4806,21.5634],[88.4906,21.5628],[88.493,21.6001],[88.503,21.5995],[88.5024,21.5902]]],[[[88.1991,21.5416],[88.1792,21.5426],[88.1798,21.552],[88.1698,21.5525],[88.1715,21.5805],[88.1616,21.581],[88.1621,21.5903],[88.1821,21.5893],[88.1809,21.5706],[88.1909,21.5701],[88.1897,21.5514],[88.1997,21.5509],[88.1991,21.5416]]],[[[87.4104,21.5732],[87.4204,21.5727],[87.4207,21.5773],[87.4199,21.5634],[87.4099,21.5638],[87.4104,21.5732]]],[[[87.4209,21.582],[87.4214,21.5913],[87.4314,21.5908],[87.4309,21.5815],[87.4209,21.582]]],[[[88.4332,21.6034],[88.4338,21.6128],[88.4438,21.6122],[88.4432,21.6029],[88.4232,21.604],[88.4332,21.6034]]],[[[88.304,21.62],[88.3052,21.6386],[88.3163,21.6567],[88.3181,21.6849],[88.3087,21.6948],[88.3093,21.7041],[88.3293,21.703],[88.3387,21.6931],[88.3486,21.6926],[88.3492,21.7019],[88.3393,21.7024],[88.3404,21.7211],[88.3504,21.7205],[88.3516,21.7392],[88.3416,21.7397],[88.3428,21.7584],[88.3528,21.7578],[88.3534,21.7671],[88.3935,21.7649],[88.3929,21.7556],[88.3829,21.7561],[88.3817,21.7375],[88.3616,21.7386],[88.361,21.7293],[88.3704,21.7194],[88.3905,21.7183],[88.3893,21.6996],[88.3692,21.7008],[88.368,21.6821],[88.358,21.6827],[88.3586,21.692],[88.3486,21.6926],[88.3439,21.6178],[88.3239,21.6189],[88.3234,21.6096],[88.3134,21.6101],[88.304,21.62]]],[[[88.1785,21.6923],[88.1791,21.7019],[88.1891,21.7013],[88.1885,21.6918],[88.1785,21.6923]]],[[[88.1902,21.72],[88.2102,21.7189],[88.2096,21.7096],[88.1996,21.7101],[88.199,21.7008],[88.1891,21.7013],[88.1902,21.72]]],[[[88.1077,21.846],[88.1177,21.8455],[88.1188,21.8642],[88.1288,21.8636],[88.1294,21.8729],[88.1394,21.8724],[88.1476,21.8439],[88.1576,21.8433],[88.1661,21.8148],[88.1761,21.8143],[88.1755,21.805],[88.1655,21.8055],[88.1643,21.7869],[88.1743,21.7863],[88.1703,21.7211],[88.1603,21.7216],[88.1591,21.703],[88.1489,21.7035],[88.1478,21.6847],[88.158,21.6841],[88.1378,21.6852],[88.1372,21.6759],[88.1472,21.6753],[88.1443,21.6287],[88.0945,21.6314],[88.095,21.6407],[88.0851,21.6413],[88.0845,21.6319],[88.0645,21.633],[88.0651,21.6423],[88.0452,21.6434],[88.0469,21.6714],[88.0369,21.6719],[88.0375,21.6812],[88.0475,21.6807],[88.0486,21.6996],[88.0586,21.699],[88.0592,21.7083],[88.0492,21.7089],[88.0498,21.7182],[88.0597,21.7177],[88.0609,21.7363],[88.0709,21.7358],[88.0737,21.7824],[88.0837,21.7819],[88.0848,21.8005],[88.0954,21.8093],[88.0971,21.8373],[88.1071,21.8367],[88.1077,21.846]]],[[[88.4676,21.8262],[88.4775,21.8257],[88.4781,21.835],[88.4881,21.8344],[88.4875,21.8251],[88.4975,21.8245],[88.4963,21.8059],[88.4863,21.8065],[88.4857,21.7971],[88.4757,21.7977],[88.4751,21.7884],[88.4652,21.7889],[88.4664,21.8076],[88.4564,21.8081],[88.457,21.8175],[88.467,21.8169],[88.4676,21.8262]]],[[[88.1784,21.8516],[88.1884,21.851],[88.1878,21.8417],[88.1778,21.8423],[88.1784,21.8516]]],[[[88.1429,21.9285],[88.1411,21.9004],[88.1211,21.9014],[88.1217,21.9108],[88.1123,21.9206],[88.1229,21.9296],[88.1429,21.9285]]],[[[88.1312,24.8136],[88.1414,24.813],[88.1408,24.8037],[88.1306,24.8043],[88.1312,24.8136]]],[[[88.3251,25.7488],[88.3245,25.7395],[88.3148,25.7493],[88.3251,25.7488]]],[[[92.4256,10.8214],[92.4348,10.8206],[92.4356,10.8297],[92.4448,10.8289],[92.4456,10.838],[92.4548,10.8372],[92.4572,10.8644],[92.4664,10.8636],[92.4672,10.8727],[92.4764,10.8719],[92.4772,10.8809],[92.4864,10.8801],[92.4881,10.8983],[92.5156,10.8959],[92.5165,10.905],[92.5248,10.8951],[92.534,10.8943],[92.5332,10.8852],[92.5599,10.8737],[92.5567,10.8373],[92.5658,10.8365],[92.5634,10.8093],[92.5726,10.8085],[92.5717,10.7994],[92.5809,10.7986],[92.5801,10.7895],[92.5893,10.7887],[92.5835,10.7252],[92.5927,10.7244],[92.5919,10.7153],[92.6002,10.7054],[92.5977,10.678],[92.5794,10.6796],[92.5769,10.6524],[92.5677,10.6532],[92.5478,10.6367],[92.5461,10.6185],[92.5369,10.6194],[92.5353,10.6012],[92.5445,10.6004],[92.5437,10.5913],[92.5712,10.5889],[92.5695,10.5708],[92.5604,10.5716],[92.5595,10.5625],[92.5504,10.5633],[92.5496,10.5542],[92.5404,10.5551],[92.5379,10.5279],[92.5279,10.5196],[92.5271,10.5105],[92.4813,10.5146],[92.4821,10.5236],[92.4638,10.5252],[92.4646,10.5343],[92.4554,10.5351],[92.4562,10.5442],[92.4196,10.5474],[92.4188,10.5383],[92.4096,10.5391],[92.4088,10.5301],[92.3811,10.5325],[92.3945,10.577],[92.4037,10.5762],[92.4061,10.6034],[92.4153,10.6026],[92.4177,10.6298],[92.4085,10.6306],[92.4102,10.6488],[92.401,10.6496],[92.4026,10.6677],[92.384,10.6693],[92.3849,10.6784],[92.3757,10.6792],[92.3822,10.752],[92.373,10.7528],[92.377,10.7982],[92.3862,10.7974],[92.3854,10.7883],[92.4132,10.7859],[92.4148,10.8041],[92.424,10.8033],[92.4256,10.8214]],[[92.524,10.886],[92.5232,10.8769],[92.5324,10.8761],[92.5316,10.867],[92.5332,10.8852],[92.524,10.886]],[[92.5224,10.8678],[92.5407,10.8662],[92.5316,10.867],[92.5224,10.8678]],[[92.5048,10.8785],[92.514,10.8777],[92.5132,10.8686],[92.5148,10.8868],[92.5056,10.8876],[92.5048,10.8785]],[[92.504,10.8694],[92.4948,10.8703],[92.504,10.8694],[92.494,10.8612],[92.5032,10.8604],[92.504,10.8694],[92.5132,10.8686],[92.504,10.8694]],[[92.4107,10.7587],[92.4199,10.7579],[92.4207,10.767],[92.4115,10.7678],[92.4124,10.7768],[92.4115,10.7678],[92.4107,10.7587]],[[92.3922,10.7603],[92.3914,10.7512],[92.4005,10.7504],[92.4022,10.7686],[92.3922,10.7603]]],[[[92.62,10.9233],[92.6108,10.9241],[92.6025,10.9342],[92.6033,10.9433],[92.6125,10.9424],[92.6117,10.9334],[92.6209,10.9325],[92.62,10.9233]]],[[[92.6711,11.1756],[92.6719,11.1847],[92.6811,11.1839],[92.6803,11.1748],[92.6711,11.1756]]],[[[92.7095,11.2913],[92.707,11.264],[92.6978,11.2649],[92.6962,11.2467],[92.6869,11.2475],[92.6878,11.2566],[92.697,11.2558],[92.6886,11.2657],[92.6903,11.2839],[92.6995,11.283],[92.7003,11.2921],[92.7095,11.2913]]],[[[92.6707,11.4784],[92.6799,11.4776],[92.6766,11.4412],[92.6858,11.4404],[92.6841,11.4222],[92.6749,11.423],[92.6741,11.4139],[92.6556,11.4155],[92.6548,11.4064],[92.6456,11.4073],[92.664,11.4056],[92.6632,11.3965],[92.6911,11.394],[92.6886,11.3667],[92.6791,11.3676],[92.6783,11.3583],[92.6506,11.3607],[92.6498,11.3517],[92.6406,11.3525],[92.6398,11.3434],[92.6305,11.3442],[92.6314,11.3533],[92.6221,11.3541],[92.6213,11.345],[92.5844,11.3483],[92.5861,11.3665],[92.5769,11.3673],[92.5777,11.3766],[92.5869,11.3758],[92.5894,11.4031],[92.6171,11.4006],[92.6212,11.4461],[92.612,11.4469],[92.617,11.5015],[92.6262,11.5007],[92.6279,11.5189],[92.6371,11.5181],[92.6363,11.509],[92.6455,11.5082],[92.6447,11.4991],[92.6631,11.4974],[92.6623,11.4883],[92.6715,11.4875],[92.6707,11.4784]]],[[[92.5633,11.5246],[92.554,11.5255],[92.5549,11.5346],[92.5641,11.5337],[92.5624,11.5155],[92.5633,11.5246]]],[[[92.5926,11.5404],[92.6018,11.5396],[92.6002,11.5214],[92.601,11.5305],[92.5918,11.5313],[92.5926,11.5404],[92.5825,11.5321],[92.5867,11.5776],[92.5959,11.5768],[92.5926,11.5404]],[[92.5926,11.5404],[92.5926,11.5404],[92.5926,11.5404],[92.5926,11.5404]]],[[[92.622,11.5561],[92.6203,11.5379],[92.6018,11.5396],[92.6035,11.5578],[92.622,11.5561]]],[[[92.265,11.5231],[92.2096,11.5279],[92.2112,11.5461],[92.2019,11.5469],[92.2035,11.5651],[92.2128,11.5643],[92.2136,11.5734],[92.2043,11.5742],[92.2059,11.5924],[92.2706,11.5869],[92.2666,11.5413],[92.2758,11.5405],[92.275,11.5314],[92.2658,11.5322],[92.265,11.5231]]],[[[92.5514,11.5991],[92.5506,11.59],[92.5413,11.5908],[92.5598,11.5892],[92.559,11.5801],[92.5682,11.5793],[92.5674,11.5702],[92.5582,11.571],[92.5573,11.5619],[92.5473,11.5536],[92.5481,11.5627],[92.5389,11.5635],[92.538,11.5544],[92.5288,11.5552],[92.5321,11.5916],[92.5229,11.5924],[92.5237,11.6015],[92.5329,11.6007],[92.5337,11.6098],[92.543,11.609],[92.5422,11.5999],[92.5514,11.5991]]],[[[92.5598,11.5892],[92.5606,11.5983],[92.5699,11.5975],[92.569,11.5884],[92.5598,11.5892]]],[[[92.6925,11.6143],[92.6841,11.6243],[92.6849,11.6334],[92.6933,11.6234],[92.6925,11.6143]]],[[[92.5318,11.7938],[92.5326,11.803],[92.5419,11.8021],[92.5402,11.7839],[92.541,11.793],[92.5318,11.7938]]],[[[92.5325,11.9042],[92.5341,11.9225],[92.5434,11.9216],[92.5442,11.9308],[92.5535,11.9299],[92.5551,11.9482],[92.5736,11.9465],[92.572,11.9283],[92.5812,11.9275],[92.5796,11.9093],[92.5888,11.9084],[92.588,11.8993],[92.5973,11.8985],[92.5956,11.8803],[92.604,11.8703],[92.6049,11.8795],[92.609,11.925],[92.6107,11.9433],[92.6022,11.9532],[92.6014,11.9441],[92.6107,11.9433],[92.6098,11.9342],[92.6006,11.935],[92.5998,11.9259],[92.5905,11.9267],[92.5938,11.9631],[92.5846,11.964],[92.5862,11.9822],[92.5955,11.9814],[92.5946,11.9723],[92.6039,11.9714],[92.6047,11.9806],[92.6031,11.9623],[92.6123,11.9615],[92.6232,12.0803],[92.6139,12.0811],[92.6147,12.0902],[92.624,12.0894],[92.6265,12.1167],[92.6358,12.1159],[92.6366,12.125],[92.6274,12.1259],[92.629,12.1441],[92.6383,12.1433],[92.6416,12.1798],[92.652,12.1911],[92.6509,12.179],[92.6602,12.1781],[92.6623,12.201],[92.6619,12.1964],[92.6526,12.1972],[92.6543,12.2155],[92.6635,12.2146],[92.6644,12.2238],[92.6627,12.2055],[92.672,12.2047],[92.6728,12.2138],[92.6821,12.213],[92.6812,12.2039],[92.6838,12.2312],[92.6939,12.2395],[92.7032,12.2387],[92.7048,12.257],[92.6956,12.2578],[92.6998,12.3036],[92.7091,12.3028],[92.7082,12.2937],[92.7175,12.2929],[92.7116,12.2288],[92.7032,12.2387],[92.7015,12.2205],[92.7108,12.2196],[92.7057,12.1649],[92.715,12.1641],[92.7167,12.1823],[92.7514,12.1792],[92.7352,12.1807],[92.7268,12.1906],[92.7175,12.1914],[92.7217,12.2371],[92.7318,12.2454],[92.7293,12.218],[92.7386,12.2172],[92.7394,12.2263],[92.739,12.2217],[92.7394,12.2263],[92.7487,12.2255],[92.7504,12.2437],[92.7411,12.2445],[92.7437,12.2721],[92.7717,12.2696],[92.7725,12.2787],[92.7818,12.2779],[92.7827,12.287],[92.7734,12.2879],[92.7751,12.3061],[92.7742,12.297],[92.765,12.2978],[92.7666,12.3161],[92.7572,12.3169],[92.7555,12.2987],[92.7369,12.3003],[92.7403,12.3368],[92.7377,12.3095],[92.7276,12.3012],[92.7183,12.302],[92.7192,12.3111],[92.7099,12.3119],[92.7116,12.3302],[92.7023,12.331],[92.7031,12.3402],[92.6938,12.341],[92.6964,12.3684],[92.7057,12.3675],[92.7065,12.3767],[92.6972,12.3775],[92.6989,12.3958],[92.6896,12.3966],[92.6904,12.4057],[92.6997,12.4049],[92.7006,12.414],[92.6913,12.4148],[92.693,12.4331],[92.7023,12.4323],[92.7048,12.4597],[92.6955,12.4605],[92.698,12.4881],[92.7073,12.4873],[92.7082,12.4964],[92.6989,12.4972],[92.7005,12.5155],[92.6912,12.5163],[92.6921,12.5255],[92.7014,12.5246],[92.7022,12.5338],[92.6929,12.5346],[92.6938,12.5437],[92.7031,12.5429],[92.7081,12.5977],[92.6802,12.6002],[92.6811,12.6094],[92.709,12.6069],[92.7123,12.6434],[92.7216,12.6426],[92.7208,12.6335],[92.7394,12.6318],[92.7301,12.6326],[92.7326,12.66],[92.7419,12.6592],[92.7428,12.6684],[92.7335,12.6692],[92.7352,12.6875],[92.7259,12.6883],[92.7267,12.6974],[92.7453,12.6958],[92.7462,12.7049],[92.7369,12.7057],[92.7403,12.7425],[92.7394,12.7334],[92.7301,12.7342],[92.7326,12.7616],[92.7233,12.7625],[92.725,12.7807],[92.6971,12.7832],[92.6979,12.7924],[92.6886,12.7932],[92.6894,12.8023],[92.6987,12.8015],[92.7013,12.8289],[92.7106,12.8281],[92.7072,12.7915],[92.7259,12.7899],[92.7267,12.799],[92.7174,12.7999],[92.7199,12.8273],[92.7292,12.8265],[92.7301,12.8356],[92.7284,12.8173],[92.7377,12.8165],[92.7369,12.8073],[92.7402,12.8439],[92.7496,12.8431],[92.7487,12.8339],[92.7496,12.8431],[92.7589,12.8423],[92.7766,12.8309],[92.7775,12.8406],[92.7682,12.8414],[92.7699,12.8597],[92.7885,12.858],[92.7877,12.8489],[92.7919,12.8946],[92.7826,12.8955],[92.7835,12.9046],[92.7741,12.9054],[92.775,12.9146],[92.7936,12.9129],[92.7928,12.9038],[92.8021,12.9029],[92.8013,12.8938],[92.796,12.8943],[92.8013,12.8938],[92.8004,12.8846],[92.8097,12.8838],[92.8106,12.893],[92.8294,12.8913],[92.8286,12.8821],[92.8379,12.8813],[92.8387,12.8904],[92.8294,12.8913],[92.8303,12.9004],[92.8294,12.8913],[92.8199,12.8921],[92.8207,12.9013],[92.8021,12.9029],[92.7928,12.9038],[92.797,12.9497],[92.7877,12.9505],[92.7894,12.9688],[92.7987,12.968],[92.7979,12.9589],[92.7996,12.9772],[92.7903,12.978],[92.7911,12.9871],[92.8191,12.9846],[92.8183,12.9755],[92.82,12.9938],[92.8013,12.9954],[92.8106,12.9946],[92.8115,13.0038],[92.8123,13.0129],[92.7843,13.0154],[92.7852,13.0246],[92.7945,13.0237],[92.7954,13.0329],[92.786,13.0337],[92.7886,13.0612],[92.7979,13.0603],[92.7996,13.0786],[92.809,13.0778],[92.8081,13.0687],[92.8098,13.087],[92.8005,13.0878],[92.8107,13.0961],[92.82,13.0953],[92.8217,13.1136],[92.8124,13.1144],[92.8141,13.1327],[92.8421,13.1302],[92.8412,13.1211],[92.8438,13.1485],[92.8251,13.1502],[92.8243,13.141],[92.8149,13.1419],[92.8158,13.151],[92.8064,13.1519],[92.809,13.1795],[92.8184,13.1787],[92.8192,13.1878],[92.8277,13.1778],[92.8286,13.187],[92.8192,13.1878],[92.8209,13.2061],[92.8303,13.2053],[92.8311,13.2145],[92.8218,13.2153],[92.8243,13.2428],[92.8524,13.2403],[92.8337,13.2419],[92.843,13.2411],[92.8439,13.2503],[92.8532,13.2494],[92.8541,13.2586],[92.8354,13.2602],[92.8362,13.2694],[92.8082,13.2719],[92.8175,13.2711],[92.8193,13.2894],[92.838,13.2877],[92.8286,13.2886],[92.8295,13.2977],[92.8388,13.2969],[92.8397,13.306],[92.821,13.3077],[92.8235,13.3352],[92.8329,13.3343],[92.8354,13.3618],[92.8261,13.3627],[92.8269,13.3718],[92.8363,13.371],[92.8372,13.3801],[92.8559,13.3785],[92.8567,13.3878],[92.838,13.3895],[92.8406,13.417],[92.85,13.4161],[92.8491,13.407],[92.8585,13.4061],[92.8593,13.4153],[92.8687,13.4145],[92.8678,13.4053],[92.8704,13.4328],[92.8893,13.4311],[92.8799,13.4319],[92.8808,13.4411],[92.8712,13.4419],[92.873,13.4603],[92.8636,13.4611],[92.8645,13.4703],[92.8738,13.4694],[92.8747,13.4786],[92.8936,13.4769],[92.8945,13.4861],[92.9038,13.4852],[92.9047,13.4944],[92.914,13.4935],[92.9149,13.5027],[92.9243,13.5019],[92.926,13.5202],[92.9073,13.5219],[92.9081,13.531],[92.9184,13.5394],[92.9464,13.5368],[92.9473,13.546],[92.9754,13.5434],[92.9763,13.5526],[92.9856,13.5518],[92.9865,13.5609],[92.9771,13.5618],[92.978,13.5709],[93.0061,13.5684],[93.0044,13.5501],[93.0137,13.5492],[93.0163,13.5767],[93.0257,13.5759],[93.0248,13.5667],[93.0342,13.5658],[93.0325,13.5475],[93.0418,13.5467],[93.0314,13.4367],[93.022,13.4376],[93.0212,13.4284],[93.0118,13.4293],[93.0399,13.4267],[93.039,13.4175],[93.0475,13.4075],[93.0484,13.4167],[93.0579,13.4158],[93.0588,13.425],[93.0571,13.4067],[93.0664,13.4058],[93.0647,13.3875],[93.0458,13.3892],[93.0449,13.3801],[93.0542,13.3792],[93.0534,13.37],[93.0627,13.3692],[93.061,13.3507],[93.0892,13.3481],[93.0875,13.3298],[93.0781,13.3306],[93.0773,13.3215],[93.0677,13.3224],[93.066,13.304],[93.0566,13.3049],[93.0592,13.3324],[93.0499,13.3332],[93.049,13.3241],[93.0397,13.3249],[93.0431,13.3615],[93.0525,13.3607],[93.0447,13.3777],[93.044,13.3709],[93.0347,13.3718],[93.0066,13.3743],[93.0347,13.3718],[93.0338,13.3624],[93.0244,13.3632],[93.0431,13.3615],[93.0423,13.3524],[93.0329,13.3532],[93.032,13.3441],[93.0133,13.3458],[93.0142,13.3549],[93.0049,13.3558],[93.004,13.3466],[92.9946,13.3475],[92.9844,13.3392],[92.9836,13.33],[92.9742,13.3309],[92.9759,13.3492],[92.9666,13.35],[92.9674,13.3592],[92.9581,13.36],[92.9555,13.3325],[92.9649,13.3317],[92.964,13.3225],[92.992,13.32],[92.9912,13.3108],[92.9903,13.3017],[92.9912,13.3108],[93.0005,13.31],[93.0014,13.3192],[93.0107,13.3183],[93.0081,13.2908],[93.0175,13.29],[93.0166,13.2808],[93.0449,13.2783],[93.0431,13.2599],[93.0525,13.2591],[93.0516,13.2499],[93.0609,13.2491],[93.0592,13.2308],[93.0499,13.2316],[93.049,13.2225],[93.0397,13.2233],[93.0388,13.2142],[93.0481,13.2133],[93.0473,13.2042],[93.0379,13.205],[93.0284,13.1041],[93.0377,13.1033],[93.0351,13.0758],[93.0258,13.0767],[93.0232,13.0492],[93.0136,13.0501],[93.0119,13.0318],[92.9932,13.0335],[92.9924,13.0244],[93.0017,13.0235],[92.9644,13.0269],[92.9635,13.0178],[92.9542,13.0186],[92.9551,13.0277],[92.9364,13.0294],[92.9416,13.0843],[92.9322,13.0852],[92.9296,13.0577],[92.9203,13.0586],[92.9212,13.0677],[92.9118,13.0686],[92.911,13.0594],[92.9195,13.0494],[92.9177,13.0311],[92.9084,13.032],[92.9058,13.0045],[92.8965,13.0054],[92.9152,13.0037],[92.9134,12.9854],[92.9228,12.9845],[92.9245,13.0028],[92.9152,13.0037],[92.9177,13.0311],[92.9364,13.0294],[92.9355,13.0203],[92.9449,13.0194],[92.9423,12.992],[92.933,12.9928],[92.9321,12.9837],[92.9414,12.9828],[92.9397,12.9646],[92.9304,12.9654],[92.9295,12.9562],[92.9202,12.9571],[92.9193,12.9479],[92.91,12.9488],[92.9117,12.9671],[92.9024,12.9679],[92.9041,12.9862],[92.8855,12.9879],[92.8846,12.9787],[92.8753,12.9796],[92.8696,12.934],[92.8803,12.933],[92.8794,12.9237],[92.8888,12.9228],[92.8701,12.9245],[92.8693,12.9154],[92.8599,12.9162],[92.8591,12.9071],[92.8777,12.9054],[92.8769,12.8962],[92.8676,12.8971],[92.8667,12.8879],[92.8659,12.8788],[92.8565,12.8796],[92.8557,12.8705],[92.865,12.8696],[92.8641,12.8605],[92.8659,12.8788],[92.8752,12.8779],[92.876,12.8871],[92.8667,12.8879],[92.8676,12.8971],[92.8955,12.8945],[92.8972,12.9128],[92.9074,12.9211],[92.9167,12.9203],[92.9252,12.9103],[92.9159,12.9112],[92.9142,12.8929],[92.9235,12.892],[92.9226,12.8829],[92.932,12.882],[92.9294,12.8546],[92.9387,12.8538],[92.937,12.8355],[92.9277,12.8363],[92.9463,12.8346],[92.9446,12.8163],[92.9539,12.8155],[92.9513,12.7881],[92.942,12.7889],[92.9411,12.7798],[92.9318,12.7806],[92.931,12.7715],[92.9217,12.7723],[92.9496,12.7698],[92.9487,12.7607],[92.958,12.7598],[92.9572,12.7507],[92.9665,12.7498],[92.9639,12.7224],[92.9732,12.7216],[92.9724,12.7124],[92.9817,12.7116],[92.9631,12.7133],[92.9519,12.5943],[92.9612,12.5934],[92.9586,12.566],[92.9679,12.5652],[92.967,12.556],[92.9763,12.5552],[92.9729,12.5187],[92.9636,12.5195],[92.9619,12.5012],[92.9712,12.5004],[92.9703,12.4913],[92.961,12.4921],[92.9602,12.483],[92.9509,12.4838],[92.9526,12.5021],[92.9433,12.5029],[92.9416,12.4847],[92.9323,12.4855],[92.9306,12.4672],[92.9213,12.4681],[92.9399,12.4664],[92.9407,12.4755],[92.9593,12.4738],[92.9584,12.4647],[92.9492,12.4656],[92.9483,12.4564],[92.939,12.4573],[92.9381,12.4479],[92.9288,12.4488],[92.928,12.4397],[92.9187,12.4405],[92.9153,12.404],[92.906,12.4048],[92.9077,12.4231],[92.8984,12.4239],[92.8993,12.433],[92.89,12.4339],[92.8891,12.4247],[92.8798,12.4256],[92.879,12.4165],[92.8697,12.4173],[92.8705,12.4264],[92.8612,12.4273],[92.8528,12.4372],[92.852,12.4281],[92.8418,12.4198],[92.8427,12.4289],[92.8334,12.4298],[92.8435,12.4381],[92.8342,12.4389],[92.8249,12.4397],[92.8156,12.4406],[92.8148,12.4314],[92.8055,12.4323],[92.8241,12.4306],[92.8232,12.4215],[92.8139,12.4223],[92.8306,12.4208],[92.8232,12.4215],[92.8241,12.4306],[92.8334,12.4298],[92.8325,12.4206],[92.8604,12.4181],[92.8587,12.3999],[92.868,12.399],[92.8688,12.4082],[92.8773,12.3982],[92.8866,12.3974],[92.884,12.37],[92.8756,12.3799],[92.857,12.3816],[92.8578,12.3907],[92.8486,12.3916],[92.8477,12.3824],[92.857,12.3816],[92.8553,12.3634],[92.846,12.3642],[92.8646,12.3625],[92.873,12.3525],[92.8739,12.3617],[92.8831,12.3608],[92.8823,12.3517],[92.8916,12.3509],[92.8899,12.3326],[92.8907,12.3417],[92.8814,12.3426],[92.8806,12.3335],[92.8749,12.334],[92.8899,12.3326],[92.889,12.3235],[92.8797,12.3243],[92.8789,12.3152],[92.851,12.3177],[92.8603,12.3169],[92.8612,12.326],[92.8603,12.3169],[92.851,12.3177],[92.8502,12.3086],[92.8316,12.3103],[92.8308,12.3011],[92.8223,12.3111],[92.821,12.3112],[92.8215,12.302],[92.8493,12.2995],[92.8489,12.2949],[92.8502,12.3086],[92.8595,12.3077],[92.8586,12.2986],[92.8679,12.2978],[92.8688,12.3069],[92.867,12.2887],[92.8763,12.2878],[92.8755,12.2787],[92.8848,12.2779],[92.8839,12.2687],[92.8932,12.2679],[92.8923,12.2588],[92.8831,12.2596],[92.8822,12.2503],[92.8915,12.2494],[92.8932,12.2679],[92.9025,12.2671],[92.9016,12.2579],[92.9007,12.2486],[92.9016,12.2579],[92.9109,12.2571],[92.9075,12.2204],[92.8982,12.2212],[92.899,12.2304],[92.8898,12.2312],[92.8881,12.2129],[92.8695,12.2146],[92.8687,12.2055],[92.8779,12.2047],[92.8771,12.1955],[92.8864,12.1947],[92.8493,12.198],[92.8484,12.1889],[92.8391,12.1898],[92.8484,12.1889],[92.8476,12.1798],[92.8568,12.179],[92.8543,12.1516],[92.845,12.1524],[92.8459,12.1615],[92.818,12.164],[92.8163,12.1458],[92.8256,12.145],[92.8248,12.1358],[92.8155,12.1367],[92.8147,12.1276],[92.8054,12.1284],[92.8045,12.1193],[92.8138,12.1184],[92.8121,12.1002],[92.8028,12.101],[92.8037,12.1101],[92.7944,12.111],[92.791,12.0745],[92.7725,12.0762],[92.7717,12.067],[92.7531,12.0687],[92.754,12.0778],[92.7352,12.0795],[92.7327,12.0521],[92.7336,12.0613],[92.7243,12.0621],[92.7336,12.0613],[92.7327,12.0521],[92.7422,12.0513],[92.7523,12.0596],[92.7616,12.0587],[92.7607,12.0496],[92.7792,12.048],[92.7767,12.0204],[92.7489,12.0229],[92.7472,12.0047],[92.7565,12.0038],[92.7573,12.013],[92.7666,12.0121],[92.7641,11.9848],[92.7649,11.9939],[92.7556,11.9947],[92.754,11.9765],[92.7354,11.9781],[92.7363,11.9873],[92.7455,11.9864],[92.7464,11.9955],[92.7277,11.9972],[92.7243,11.9608],[92.715,11.9616],[92.7125,11.9342],[92.7218,11.9334],[92.7193,11.9061],[92.7277,11.8961],[92.7294,11.9143],[92.7388,11.9135],[92.7405,11.9317],[92.7498,11.9309],[92.7506,11.94],[92.7784,11.9375],[92.7775,11.9284],[92.7868,11.9276],[92.7843,11.9002],[92.7742,11.892],[92.7834,11.8911],[92.7758,11.8091],[92.7666,11.8099],[92.7649,11.7915],[92.7733,11.7816],[92.764,11.7824],[92.7565,11.7004],[92.7472,11.7013],[92.7464,11.6921],[92.7187,11.6946],[92.7195,11.7037],[92.6916,11.7062],[92.6907,11.6971],[92.7,11.6963],[92.6975,11.669],[92.7067,11.6681],[92.6882,11.6698],[92.6866,11.6516],[92.6681,11.6532],[92.6664,11.635],[92.6757,11.6342],[92.6748,11.6251],[92.6841,11.6243],[92.6824,11.606],[92.6916,11.6052],[92.6925,11.6143],[92.695,11.6416],[92.6958,11.6508],[92.705,11.6499],[92.7042,11.6408],[92.7136,11.64],[92.7178,11.6855],[92.7271,11.6847],[92.7262,11.6756],[92.7447,11.6739],[92.7439,11.6648],[92.7531,11.664],[92.754,11.6731],[92.7514,11.6458],[92.7422,11.6466],[92.7414,11.6375],[92.7506,11.6367],[92.7472,11.6003],[92.7372,11.592],[92.7464,11.5912],[92.7456,11.582],[92.7363,11.5829],[92.7321,11.5372],[92.7229,11.538],[92.7187,11.4925],[92.6908,11.495],[92.6917,11.5041],[92.6547,11.5074],[92.6556,11.5165],[92.6463,11.5173],[92.6472,11.5264],[92.6379,11.5272],[92.6396,11.5454],[92.6488,11.5446],[92.6497,11.5537],[92.6404,11.5545],[92.6421,11.5727],[92.6236,11.5744],[92.6228,11.5653],[92.6136,11.5661],[92.6161,11.5936],[92.6068,11.5944],[92.6077,11.6035],[92.5984,11.6043],[92.5993,11.6134],[92.6085,11.6126],[92.6093,11.6217],[92.637,11.6193],[92.6379,11.6284],[92.6102,11.6308],[92.611,11.6399],[92.6017,11.6407],[92.6026,11.6499],[92.5933,11.6507],[92.5991,11.7144],[92.5891,11.7061],[92.5924,11.7426],[92.5807,11.7161],[92.5714,11.7169],[92.5689,11.6896],[92.5597,11.6904],[92.5605,11.6995],[92.5513,11.7003],[92.5554,11.7458],[92.5462,11.7467],[92.5478,11.7649],[92.5571,11.7641],[92.5579,11.7732],[92.5486,11.774],[92.5511,11.8013],[92.5419,11.8021],[92.5334,11.8121],[92.5452,11.8388],[92.5359,11.8396],[92.5351,11.8305],[92.5259,11.8313],[92.5234,11.8038],[92.5242,11.8129],[92.5141,11.8046],[92.5149,11.8137],[92.5057,11.8145],[92.5115,11.8785],[92.5207,11.8777],[92.5216,11.8868],[92.5123,11.8876],[92.5224,11.8959],[92.5232,11.905],[92.5325,11.9042]],[[92.5948,11.8712],[92.5939,11.8621],[92.6032,11.8612],[92.604,11.8703],[92.5948,11.8712]],[[92.672,12.2047],[92.6703,12.1864],[92.6796,12.1856],[92.6812,12.2039],[92.672,12.2047]],[[92.7672,12.3222],[92.7675,12.3252],[92.7666,12.3161],[92.7672,12.3222]],[[92.7428,12.6684],[92.78,12.665],[92.7792,12.6559],[92.7851,12.7201],[92.7758,12.7209],[92.775,12.7118],[92.7843,12.7109],[92.7817,12.6833],[92.7724,12.6841],[92.7716,12.675],[92.7436,12.6775],[92.7428,12.6684]],[[92.758,12.8331],[92.7572,12.824],[92.7665,12.8231],[92.7673,12.8323],[92.758,12.8331]],[[92.8301,13.0021],[92.8208,13.0029],[92.8217,13.0121],[92.831,13.0112],[92.8318,13.0204],[92.8225,13.0212],[92.8217,13.0121],[92.8123,13.0129],[92.8115,13.0038],[92.8301,13.0021]],[[92.8174,13.0678],[92.8183,13.077],[92.8081,13.0687],[92.8174,13.0678]],[[92.8268,13.1687],[92.8362,13.1679],[92.8353,13.1587],[92.837,13.177],[92.8277,13.1778],[92.8268,13.1687]],[[92.9234,13.4927],[92.9328,13.4918],[92.9243,13.5019],[92.9234,13.4927]],[[92.9745,13.5343],[92.9839,13.5334],[92.9848,13.5426],[92.9754,13.5434],[92.9745,13.5343]],[[93.0135,13.4476],[93.0127,13.4384],[93.0118,13.4293],[93.0135,13.4476]],[[92.981,13.3025],[92.9801,13.2934],[92.9894,13.2925],[92.9903,13.3017],[92.981,13.3025]],[[93.0073,13.2817],[93.0064,13.2725],[93.0158,13.2717],[93.0166,13.2808],[93.0073,13.2817]],[[92.9459,13.1301],[92.9433,13.1026],[92.9416,13.0843],[92.9459,13.1301]],[[92.8464,12.8713],[92.8455,12.8622],[92.8548,12.8613],[92.8557,12.8705],[92.8464,12.8713]],[[92.8472,12.8805],[92.8379,12.8813],[92.837,12.8721],[92.8464,12.8713],[92.8472,12.8805]],[[92.9048,12.8937],[92.904,12.8846],[92.9133,12.8837],[92.9142,12.8929],[92.9048,12.8937]],[[92.9268,12.8272],[92.9242,12.7997],[92.9277,12.8363],[92.9268,12.8272]],[[92.946,12.6317],[92.9358,12.6234],[92.9544,12.6217],[92.946,12.6317]],[[92.9221,12.4772],[92.9128,12.4781],[92.912,12.4689],[92.9213,12.4681],[92.9221,12.4772]],[[92.923,12.4863],[92.9137,12.4872],[92.9128,12.4781],[92.9221,12.4772],[92.923,12.4863]],[[92.8908,12.443],[92.8815,12.4438],[92.8807,12.4347],[92.89,12.4339],[92.8908,12.443]],[[92.8714,12.4356],[92.8807,12.4347],[92.8807,12.4347],[92.8714,12.4356]],[[92.8325,12.4206],[92.8317,12.4115],[92.8038,12.414],[92.841,12.4107],[92.8325,12.4206]],[[92.8695,12.2146],[92.8602,12.2155],[92.8594,12.2063],[92.8687,12.2055],[92.8695,12.2146]],[[92.8307,12.1997],[92.8324,12.218],[92.8316,12.2088],[92.8214,12.2005],[92.8493,12.198],[92.8307,12.1997]],[[92.8282,12.1723],[92.8189,12.1732],[92.818,12.164],[92.8273,12.1632],[92.8282,12.1723]],[[92.7234,12.053],[92.7319,12.043],[92.731,12.034],[92.7327,12.0521],[92.7234,12.053]],[[92.7184,11.998],[92.7268,11.9881],[92.7277,11.9972],[92.7184,11.998]],[[92.7277,11.8961],[92.7092,11.8978],[92.7176,11.8878],[92.7083,11.8887],[92.7268,11.887],[92.726,11.8779],[92.7277,11.8961]],[[92.7481,11.7104],[92.7388,11.7112],[92.738,11.7021],[92.7472,11.7013],[92.7481,11.7104]],[[92.6823,11.707],[92.6815,11.6979],[92.6907,11.6971],[92.6823,11.707]],[[92.6471,11.6275],[92.6479,11.6367],[92.6387,11.6375],[92.6379,11.6284],[92.6471,11.6275]],[[92.6395,11.6466],[92.6303,11.6474],[92.6295,11.6383],[92.6387,11.6375],[92.6395,11.6466]],[[92.5199,11.8686],[92.5292,11.8678],[92.53,11.8769],[92.5207,11.8777],[92.5199,11.8686]],[[92.7496,12.1334],[92.7403,12.1342],[92.7386,12.116],[92.7481,12.1151],[92.7506,12.1425],[92.7599,12.1417],[92.7691,12.242],[92.7599,12.2429],[92.7563,12.2064],[92.7658,12.2055],[92.7632,12.1782],[92.7538,12.179],[92.7496,12.1334]],[[92.7378,12.107],[92.7361,12.0886],[92.7354,12.0816],[92.7378,12.107]],[[92.7394,12.0237],[92.7302,12.0246],[92.7386,12.0146],[92.7293,12.0155],[92.7481,12.0138],[92.7489,12.0229],[92.7396,12.0237],[92.7405,12.0328],[92.7394,12.0237]],[[92.7049,12.0546],[92.7041,12.0455],[92.7226,12.0438],[92.7234,12.053],[92.7049,12.0546]],[[92.7338,11.8588],[92.7243,11.8597],[92.7235,11.8505],[92.7338,11.8588]],[[92.7226,11.8414],[92.7134,11.8423],[92.7117,11.824],[92.721,11.8232],[92.7226,11.8414]],[[92.6798,11.7807],[92.6823,11.8081],[92.6806,11.7899],[92.6798,11.7807]],[[92.5872,11.8902],[92.5863,11.8811],[92.5868,11.8857],[92.5872,11.8902]],[[92.7666,12.3161],[92.7759,12.3152],[92.7786,12.315],[92.7759,12.3152],[92.7666,12.3161]],[[92.8038,12.3128],[92.7852,12.3144],[92.7844,12.3053],[92.8029,12.3036],[92.8038,12.3128]],[[92.8619,12.2337],[92.8712,12.2329],[92.87,12.22],[92.8729,12.2511],[92.8544,12.2528],[92.8535,12.2437],[92.8628,12.2428],[92.8619,12.2337]],[[92.8063,12.2387],[92.8054,12.2296],[92.824,12.2279],[92.8147,12.2288],[92.8155,12.2379],[92.8063,12.2387]],[[92.7548,12.0869],[92.7649,12.0952],[92.7557,12.0961],[92.7548,12.0869]],[[92.7386,12.2172],[92.7377,12.208],[92.747,12.2072],[92.7479,12.2163],[92.7386,12.2172]],[[92.8527,12.336],[92.8519,12.3268],[92.8527,12.336],[92.8677,12.3346],[92.8527,12.336]],[[92.8426,12.3277],[92.8333,12.3285],[92.8519,12.3268],[92.8426,12.3277]],[[92.8435,12.3368],[92.8342,12.3376],[92.8426,12.3277],[92.8435,12.3368]],[[92.8308,12.4024],[92.83,12.3932],[92.8393,12.3924],[92.841,12.4107],[92.8401,12.4015],[92.8308,12.4024]],[[92.7758,12.8223],[92.775,12.8132],[92.7843,12.8123],[92.7851,12.8215],[92.7758,12.8223]],[[92.7834,12.8032],[92.7822,12.7895],[92.7843,12.8123],[92.7834,12.8032]],[[92.7479,12.6218],[92.7386,12.6227],[92.7293,12.6235],[92.7479,12.6218]],[[92.7825,12.5911],[92.7732,12.5919],[92.7724,12.5828],[92.7817,12.582],[92.7825,12.5911]],[[92.736,12.7982],[92.7267,12.799],[92.7352,12.7891],[92.736,12.7982]],[[92.7411,12.346],[92.7504,12.3451],[92.742,12.3551],[92.7411,12.346]],[[92.7886,12.4522],[92.7878,12.4431],[92.7971,12.4422],[92.7996,12.4698],[92.7979,12.4514],[92.7886,12.4522]],[[92.8824,12.453],[92.8815,12.4438],[92.8833,12.4623],[92.8824,12.453]],[[92.8629,12.4455],[92.8638,12.4547],[92.8545,12.4555],[92.8629,12.4455]],[[92.8368,12.4665],[92.8461,12.4657],[92.8452,12.4563],[92.8469,12.4748],[92.8376,12.4756],[92.8368,12.4665]],[[92.8385,12.4848],[92.8381,12.4802],[92.8393,12.4939],[92.8385,12.4848]],[[92.8311,12.8081],[92.8226,12.8181],[92.8218,12.809],[92.8311,12.8081]],[[92.86,12.9165],[92.8617,12.9347],[92.8523,12.9355],[92.8515,12.9264],[92.8608,12.9255],[92.86,12.9165]],[[92.8952,13.3936],[92.8969,13.4119],[92.8961,13.4028],[92.8867,13.4036],[92.8859,13.3944],[92.8952,13.3936]],[[92.8765,13.3953],[92.8859,13.3944],[92.8905,13.394],[92.8859,13.3944],[92.8765,13.3953]],[[92.8456,13.0653],[92.8643,13.0636],[92.855,13.0644],[92.8456,13.0653]],[[92.8567,13.0828],[92.8558,13.0736],[92.855,13.0644],[92.8567,13.0828]],[[92.8661,13.387],[92.867,13.3961],[92.8576,13.397],[92.8567,13.3878],[92.8661,13.387]],[[92.92,13.456],[92.9217,13.4744],[92.9208,13.4652],[92.92,13.456]],[[92.9877,13.5238],[92.983,13.5243],[92.9737,13.5251],[92.9877,13.5238]],[[92.8532,12.9447],[92.8541,12.9538],[92.8447,12.9547],[92.8439,12.9455],[92.8532,12.9447]],[[92.8635,13.0545],[92.8626,13.0453],[92.8719,13.0445],[92.8728,13.0536],[92.8635,13.0545]],[[92.8949,13.0885],[92.894,13.0794],[92.9127,13.0777],[92.9034,13.0786],[92.9042,13.0877],[92.8949,13.0885]],[[92.8873,13.1077],[92.8856,13.0894],[92.8957,13.0977],[92.8966,13.1068],[92.8873,13.1077]],[[92.8805,13.136],[92.8814,13.1451],[92.872,13.146],[92.8712,13.1368],[92.8805,13.136]],[[92.9981,13.3843],[92.9888,13.3852],[92.9879,13.376],[92.9973,13.3751],[92.999,13.3935],[92.9981,13.3843]],[[92.8542,13.3601],[92.8457,13.3701],[92.8448,13.361],[92.8542,13.3601]]],[[[92.6057,11.8886],[92.6049,11.8795],[92.5956,11.8803],[92.6057,11.8886]]],[[[92.5888,11.9084],[92.5897,11.9176],[92.5989,11.9167],[92.5981,11.9076],[92.5888,11.9084]]],[[[92.609,11.925],[92.6082,11.9159],[92.5989,11.9167],[92.5998,11.9259],[92.609,11.925]]],[[[92.6853,12.5537],[92.6811,12.508],[92.6718,12.5089],[92.6727,12.518],[92.6634,12.5188],[92.6659,12.5462],[92.6752,12.5454],[92.676,12.5545],[92.6853,12.5537]]],[[[92.6766,12.9696],[92.6783,12.9879],[92.6877,12.9871],[92.6885,12.9963],[92.6978,12.9954],[92.697,12.9863],[92.7156,12.9846],[92.714,12.9663],[92.7233,12.9655],[92.7131,12.9572],[92.7123,12.948],[92.7216,12.9472],[92.7131,12.8555],[92.7038,12.8564],[92.7021,12.8381],[92.6742,12.8406],[92.6725,12.8223],[92.6911,12.8206],[92.6903,12.8115],[92.6716,12.8131],[92.6691,12.7857],[92.67,12.7948],[92.6606,12.7957],[92.6632,12.8231],[92.6538,12.8239],[92.6555,12.8422],[92.6462,12.843],[92.6487,12.8705],[92.658,12.8697],[92.6614,12.9062],[92.6707,12.9054],[92.675,12.9514],[92.6656,12.9522],[92.6673,12.9705],[92.6766,12.9696]]],[[[88.892,21.577],[88.902,21.5764],[88.9007,21.5578],[88.9107,21.5572],[88.91,21.5479],[88.9001,21.5484],[88.8994,21.5391],[88.8795,21.5403],[88.8789,21.531],[88.8689,21.5316],[88.8696,21.5409],[88.8397,21.5427],[88.8403,21.552],[88.8303,21.5526],[88.8341,21.6085],[88.8441,21.6079],[88.8434,21.5986],[88.8733,21.5968],[88.8727,21.5875],[88.8926,21.5863],[88.892,21.577]]],[[[88.7816,21.5741],[88.7716,21.5747],[88.771,21.5654],[88.7212,21.5683],[88.7118,21.5782],[88.7124,21.5875],[88.7025,21.5881],[88.7131,21.5968],[88.7168,21.6527],[88.6887,21.6826],[88.6912,21.7199],[88.7005,21.71],[88.6993,21.6914],[88.7274,21.6615],[88.7566,21.6504],[88.7672,21.6592],[88.7766,21.6493],[88.7747,21.6213],[88.8027,21.5916],[88.7928,21.5922],[88.7921,21.5829],[88.7816,21.5741]]],[[[88.5978,21.6692],[88.5959,21.641],[88.6059,21.6404],[88.6041,21.6125],[88.5941,21.613],[88.5558,21.6433],[88.5359,21.6444],[88.5365,21.6537],[88.5265,21.6543],[88.529,21.6918],[88.5196,21.7017],[88.5214,21.7296],[88.5033,21.7587],[88.5039,21.7681],[88.5362,21.8036],[88.5368,21.813],[88.5568,21.8118],[88.5562,21.8025],[88.5662,21.8019],[88.5656,21.7926],[88.5755,21.7921],[88.5749,21.7827],[88.565,21.7833],[88.5643,21.774],[88.5843,21.7728],[88.5835,21.7612],[88.5643,21.774],[88.5631,21.7553],[88.5731,21.7548],[88.5713,21.7268],[88.5806,21.7169],[88.5906,21.7163],[88.5894,21.6977],[88.5996,21.6971],[88.599,21.6878],[88.609,21.6872],[88.6077,21.6686],[88.5978,21.6692]]],[[[88.5949,21.7816],[88.6057,21.7903],[88.6051,21.781],[88.625,21.7799],[88.6238,21.7612],[88.6332,21.7513],[88.632,21.7327],[88.6214,21.7239],[88.6208,21.7146],[88.6108,21.7152],[88.6102,21.7059],[88.6002,21.7064],[88.6014,21.7251],[88.5813,21.7262],[88.5849,21.7822],[88.5949,21.7816]],[[88.5931,21.7536],[88.6026,21.7437],[88.6226,21.7426],[88.6223,21.7378],[88.6226,21.7426],[88.6126,21.7432],[88.6132,21.7525],[88.5931,21.7536]],[[88.612,21.7338],[88.6114,21.7245],[88.622,21.7333],[88.612,21.7338]]],[[[88.9547,21.9105],[89.0034,21.8889],[89.022,21.8689],[89.032,21.8683],[89.0295,21.831],[89.0188,21.8223],[89.015,21.7664],[89.025,21.7658],[89.0343,21.7558],[89.0337,21.7465],[89.0436,21.7459],[89.053,21.736],[89.0523,21.7267],[89.0625,21.7261],[89.0619,21.7168],[89.0712,21.7068],[89.0699,21.6882],[89.0799,21.6876],[89.0792,21.6783],[89.0892,21.6777],[89.0886,21.6684],[89.0985,21.6678],[89.0966,21.6398],[89.0866,21.6404],[89.086,21.6311],[89.076,21.6317],[89.0754,21.6222],[89.0654,21.6228],[89.0648,21.6135],[89.0548,21.6141],[89.0554,21.6234],[89.0453,21.624],[89.0359,21.6341],[89.026,21.6347],[89.0353,21.6246],[89.0347,21.6153],[89.024,21.6065],[88.9942,21.6083],[88.9954,21.627],[88.9948,21.6177],[88.9649,21.6194],[88.9655,21.6288],[88.9456,21.6299],[88.9463,21.6395],[88.9369,21.6494],[88.9475,21.6581],[88.9507,21.7047],[88.9414,21.7146],[88.9214,21.7158],[88.9227,21.7344],[88.9127,21.735],[88.9114,21.7164],[88.9401,21.696],[88.9382,21.668],[88.9276,21.6593],[88.9257,21.6311],[88.9157,21.6317],[88.9164,21.6412],[88.9064,21.6418],[88.907,21.6512],[88.8871,21.6523],[88.8877,21.6617],[88.8784,21.6716],[88.8796,21.6902],[88.8703,21.7001],[88.8722,21.7281],[88.8834,21.7461],[88.8753,21.7747],[88.8654,21.7753],[88.856,21.7852],[88.836,21.7863],[88.8411,21.8609],[88.8511,21.8603],[88.8536,21.8978],[88.8436,21.8984],[88.8442,21.9077],[88.8342,21.9083],[88.8249,21.9182],[88.8255,21.9275],[88.8349,21.9176],[88.8948,21.9141],[88.916,21.9315],[88.9347,21.9117],[88.9547,21.9105]],[[89.0279,21.6627],[89.0273,21.6533],[89.0173,21.6539],[89.0167,21.6446],[89.026,21.6347],[89.0279,21.6627]],[[88.9333,21.7432],[88.9339,21.7525],[88.9246,21.7624],[88.9146,21.763],[88.914,21.7537],[88.9239,21.7531],[88.9227,21.7344],[88.9333,21.7432]]],[[[88.548,21.831],[88.558,21.8305],[88.5574,21.8212],[88.5474,21.8217],[88.548,21.831]]],[[[88.548,21.831],[88.5586,21.8398],[88.558,21.8305],[88.548,21.831]]],[[[88.6263,21.7985],[88.5861,21.8008],[88.5867,21.8101],[88.5768,21.8107],[88.5786,21.8387],[88.6006,21.8655],[88.6124,21.8929],[88.6336,21.9106],[88.6342,21.9199],[88.6742,21.9176],[88.6624,21.89],[88.6518,21.8813],[88.6456,21.788],[88.6356,21.7886],[88.6263,21.7985]]],[[[88.5511,21.8776],[88.571,21.8765],[88.5686,21.8392],[88.5586,21.8398],[88.5604,21.8678],[88.5505,21.8683],[88.5498,21.859],[88.5598,21.8584],[88.5586,21.8398],[88.5486,21.8404],[88.548,21.831],[88.538,21.8316],[88.5387,21.8409],[88.5287,21.8415],[88.5293,21.8508],[88.5393,21.8503],[88.5405,21.8689],[88.5511,21.8776],[88.5507,21.8716],[88.5511,21.8776]]],[[[88.5529,21.9058],[88.5523,21.8963],[88.5423,21.8969],[88.5429,21.9064],[88.5529,21.9058]]],[[[88.9937,23.2103],[88.9842,23.2202],[88.9943,23.2196],[88.9937,23.2103]]],[[[91.2988,23.3567],[91.298,23.3474],[91.2879,23.3481],[91.2888,23.3574],[91.2988,23.3567]]],[[[92.3209,23.5213],[92.32,23.512],[92.3097,23.5128],[92.3106,23.5222],[92.3209,23.5213]]],[[[91.9621,24.3756],[91.963,24.3849],[91.9833,24.3833],[91.9824,24.374],[91.9621,24.3756]]],[[[88.9656,25.3011],[88.9553,25.3017],[88.956,25.3112],[88.9663,25.3106],[88.9656,25.3011]]],[[[88.7641,25.5186],[88.7539,25.5192],[88.7545,25.5285],[88.7648,25.5279],[88.7641,25.5186]]],[[[89.1092,26.3039],[89.0988,26.3045],[89.0995,26.3138],[89.1098,26.3132],[89.1092,26.3039]]],[[[92.7896,9.2463],[92.7887,9.2373],[92.7978,9.2364],[92.797,9.2274],[92.8151,9.2258],[92.8135,9.2077],[92.8226,9.2069],[92.8201,9.1799],[92.8291,9.1791],[92.8258,9.143],[92.8168,9.1438],[92.8159,9.1348],[92.8068,9.1356],[92.8151,9.1258],[92.7969,9.1275],[92.7961,9.1183],[92.7689,9.1207],[92.7697,9.1299],[92.7425,9.1324],[92.7417,9.1232],[92.7235,9.1248],[92.7252,9.143],[92.7161,9.1438],[92.7202,9.1889],[92.7111,9.1897],[92.7136,9.2168],[92.7227,9.2159],[92.7235,9.225],[92.7417,9.2233],[92.7408,9.2143],[92.7508,9.2225],[92.7689,9.2209],[92.7722,9.2569],[92.7813,9.2561],[92.7805,9.2471],[92.7896,9.2463]]],[[[92.7104,11.3004],[92.7012,11.3012],[92.702,11.3103],[92.7115,11.3125],[92.7104,11.3004]]],[[[92.712,11.3186],[92.7137,11.3368],[92.7229,11.336],[92.7213,11.3178],[92.712,11.3186]]],[[[92.77,11.9475],[92.7329,11.9508],[92.7338,11.9599],[92.743,11.9591],[92.7439,11.9682],[92.7624,11.9665],[92.7615,11.9574],[92.7708,11.9566],[92.77,11.9475]]],[[[92.9413,12.2819],[92.9396,12.2637],[92.9303,12.2645],[92.9269,12.2278],[92.9176,12.2287],[92.921,12.2654],[92.9025,12.2671],[92.9059,12.3036],[92.9152,12.3027],[92.9135,12.2845],[92.9413,12.2819]]],[[[92.9253,12.311],[92.9346,12.3102],[92.932,12.2828],[92.9329,12.2919],[92.9236,12.2927],[92.9253,12.311]]],[[[92.889,12.3235],[92.8983,12.3226],[92.8975,12.3135],[92.8882,12.3144],[92.889,12.3235]]],[[[92.9194,12.3484],[92.9101,12.3492],[92.911,12.3583],[92.9203,12.3575],[92.9194,12.3484]]],[[[92.9634,12.418],[92.9541,12.4189],[92.9533,12.4097],[92.944,12.4106],[92.9406,12.3741],[92.9313,12.3749],[92.9296,12.3566],[92.9304,12.3658],[92.9119,12.3675],[92.9127,12.3766],[92.922,12.3757],[92.9263,12.4214],[92.9449,12.4197],[92.9457,12.4288],[92.9643,12.4272],[92.9634,12.418]]],[[[92.8984,12.4239],[92.8976,12.4148],[92.8883,12.4156],[92.8891,12.4247],[92.8984,12.4239]]],[[[92.8612,12.4273],[92.8604,12.4181],[92.8511,12.419],[92.852,12.4281],[92.8612,12.4273]]],[[[92.8334,12.4298],[92.8241,12.4306],[92.8249,12.4397],[92.8342,12.4389],[92.8334,12.4298]]],[[[92.7106,12.7267],[92.7199,12.7259],[92.7191,12.7167],[92.7098,12.7176],[92.7106,12.7267]]],[[[92.7013,12.7275],[92.7022,12.7367],[92.7208,12.735],[92.7106,12.7267],[92.7013,12.7275]]],[[[92.7225,12.7533],[92.7132,12.7541],[92.714,12.7633],[92.7233,12.7625],[92.7216,12.7442],[92.7225,12.7533]]],[[[92.7055,12.7733],[92.7148,12.7724],[92.714,12.7633],[92.7047,12.7641],[92.7055,12.7733]]],[[[92.7233,12.8639],[92.7208,12.8364],[92.7114,12.8373],[92.7131,12.8555],[92.7224,12.8547],[92.7233,12.8639]]],[[[92.8981,12.922],[92.899,12.9313],[92.8972,12.9128],[92.8879,12.9137],[92.8888,12.9228],[92.8981,12.922]]],[[[92.7996,13.0786],[92.7903,13.0795],[92.7911,13.0886],[92.8005,13.0878],[92.7996,13.0786]]],[[[92.8115,13.1053],[92.8107,13.0961],[92.8013,13.0969],[92.8022,13.1061],[92.8115,13.1053]]],[[[92.8209,13.2061],[92.8201,13.197],[92.8107,13.1978],[92.8116,13.207],[92.8209,13.2061]]],[[[92.8219,13.4187],[92.8236,13.437],[92.833,13.4361],[92.8338,13.4453],[92.844,13.4536],[92.8406,13.417],[92.8219,13.4187],[92.8202,13.4003],[92.8015,13.402],[92.8023,13.4112],[92.8117,13.4103],[92.8125,13.4195],[92.8219,13.4187]]],[[[92.8125,13.4195],[92.8032,13.4203],[92.804,13.4295],[92.8134,13.4287],[92.8125,13.4195]]],[[[92.867,13.4978],[92.8687,13.5161],[92.8773,13.5061],[92.867,13.4978]]],[[[92.8937,13.5785],[92.8748,13.5802],[92.8852,13.5885],[92.8869,13.6071],[92.9057,13.6054],[92.9048,13.596],[92.8954,13.5969],[92.8937,13.5785]]],[[[93.7703,6.8468],[93.7801,6.8549],[93.7793,6.846],[93.7703,6.8468]]],[[[93.6676,7.1808],[93.6694,7.1987],[93.7232,7.1934],[93.7241,7.2023],[93.742,7.2006],[93.7437,7.2184],[93.7885,7.2141],[93.7893,7.223],[93.7983,7.2221],[93.7992,7.231],[93.7902,7.2319],[93.7911,7.2408],[93.8179,7.2382],[93.8188,7.2471],[93.8367,7.2453],[93.8341,7.2186],[93.843,7.2177],[93.8439,7.2266],[93.8528,7.2257],[93.8609,7.2159],[93.86,7.207],[93.869,7.2062],[93.8663,7.1794],[93.8752,7.1785],[93.8708,7.1339],[93.8798,7.1331],[93.8762,7.0974],[93.8852,7.0965],[93.8843,7.0876],[93.9023,7.0858],[93.9006,7.068],[93.9095,7.0671],[93.9068,7.0404],[93.9158,7.0395],[93.9149,7.0306],[93.9328,7.0288],[93.931,7.0108],[93.9399,7.0099],[93.9381,6.9921],[93.9292,6.993],[93.9301,7.0019],[93.922,7.0117],[93.9131,7.0126],[93.9113,6.9948],[93.9203,6.9939],[93.9194,6.985],[93.9283,6.9841],[93.9265,6.9663],[93.9444,6.9645],[93.9435,6.9556],[93.9167,6.9583],[93.9141,6.9316],[93.9051,6.9325],[93.9042,6.9235],[93.9132,6.9227],[93.9123,6.9138],[93.9034,6.9146],[93.9025,6.9057],[93.8936,6.9066],[93.8874,6.8443],[93.9052,6.8426],[93.9043,6.8337],[93.8954,6.8345],[93.8928,6.8078],[93.874,6.8007],[93.8749,6.8096],[93.8658,6.8105],[93.8667,6.8194],[93.8489,6.8212],[93.8471,6.8034],[93.8382,6.8042],[93.8373,6.7952],[93.8462,6.7943],[93.8453,6.7854],[93.8364,6.7863],[93.8338,6.7596],[93.7981,6.7631],[93.8034,6.8166],[93.8025,6.8077],[93.7936,6.8086],[93.7945,6.8175],[93.7856,6.8184],[93.7864,6.8273],[93.7775,6.8282],[93.7801,6.8549],[93.7712,6.8557],[93.7721,6.8646],[93.7632,6.8655],[93.7658,6.8922],[93.7569,6.8931],[93.7595,6.9198],[93.7506,6.9207],[93.7497,6.9118],[93.7318,6.9135],[93.7345,6.9402],[93.7434,6.9394],[93.7443,6.9483],[93.7362,6.958],[93.7371,6.967],[93.7192,6.9687],[93.7219,6.9954],[93.6951,6.998],[93.6968,7.0158],[93.67,7.0184],[93.6691,7.0095],[93.6511,7.0113],[93.66,7.0104],[93.6635,7.0461],[93.6546,7.0469],[93.6572,7.0739],[93.6483,7.0747],[93.6491,7.0836],[93.6581,7.0828],[93.6589,7.0917],[93.6411,7.0934],[93.6428,7.1112],[93.6454,7.138],[93.6543,7.1371],[93.6552,7.146],[93.6642,7.1452],[93.6659,7.163],[93.657,7.1639],[93.6587,7.1817],[93.6676,7.1808]],[[93.7138,7.0052],[93.7049,7.0061],[93.704,6.9972],[93.7129,6.9963],[93.7138,7.0052]],[[93.6607,7.1095],[93.6517,7.1104],[93.6428,7.1112],[93.6607,7.1095]],[[93.6615,7.1184],[93.6526,7.1193],[93.6517,7.1104],[93.6615,7.1184]],[[93.6879,7.0167],[93.6968,7.0158],[93.6968,7.0158],[93.6879,7.0167]],[[93.7299,6.9856],[93.729,6.9767],[93.738,6.9759],[93.7388,6.9848],[93.7299,6.9856]]],[[[93.6988,7.2228],[93.708,7.2219],[93.7071,7.213],[93.698,7.2139],[93.6988,7.2228]]],[[[93.651,7.3808],[93.6689,7.3791],[93.6707,7.3969],[93.6796,7.396],[93.6805,7.405],[93.6895,7.4041],[93.6938,7.4487],[93.7028,7.4479],[93.7019,7.4389],[93.7109,7.4381],[93.7074,7.4023],[93.7253,7.4006],[93.7244,7.3917],[93.7425,7.3899],[93.739,7.3542],[93.7301,7.3551],[93.7283,7.3372],[93.7192,7.3381],[93.7174,7.3203],[93.7076,7.3122],[93.6897,7.314],[93.6879,7.2961],[93.67,7.2979],[93.6683,7.28],[93.6593,7.2809],[93.6576,7.2628],[93.6486,7.2637],[93.6469,7.2459],[93.629,7.2476],[93.6299,7.2565],[93.6209,7.2574],[93.6218,7.2663],[93.6128,7.2672],[93.6137,7.2763],[93.6227,7.2754],[93.6244,7.2933],[93.6155,7.2941],[93.6172,7.312],[93.6083,7.3129],[93.6091,7.3218],[93.6181,7.3209],[93.6216,7.3566],[93.6126,7.3575],[93.6152,7.3843],[93.6331,7.3825],[93.6322,7.3736],[93.6412,7.3727],[93.6429,7.3906],[93.6519,7.3897],[93.651,7.3808]]],[[[93.5196,7.5199],[93.5205,7.5288],[93.5295,7.5279],[93.5286,7.519],[93.5196,7.5199]]],[[[93.3955,8.0197],[93.3912,7.9749],[93.4002,7.974],[93.3994,7.9649],[93.4174,7.9632],[93.4182,7.9723],[93.4272,7.9714],[93.4263,7.9623],[93.4353,7.9614],[93.4345,7.9525],[93.4435,7.9516],[93.4426,7.9427],[93.4516,7.9418],[93.4507,7.9329],[93.4597,7.932],[93.4571,7.9051],[93.4661,7.9043],[93.4644,7.8864],[93.4554,7.8872],[93.4546,7.8783],[93.4366,7.88],[93.4383,7.8979],[93.4293,7.8988],[93.4302,7.9077],[93.3942,7.9111],[93.3934,7.9022],[93.3844,7.903],[93.3827,7.8851],[93.3636,7.8779],[93.3645,7.8869],[93.3465,7.8886],[93.3474,7.8975],[93.3294,7.8992],[93.3328,7.935],[93.3238,7.9359],[93.3229,7.9269],[93.314,7.9278],[93.3148,7.9367],[93.3058,7.9376],[93.3075,7.9555],[93.2985,7.9563],[93.3002,7.9743],[93.3092,7.9734],[93.3127,8.0094],[93.3217,8.0086],[93.3225,8.0175],[93.3585,8.0141],[93.3594,8.0231],[93.3955,8.0197]],[[93.3345,7.9529],[93.3328,7.935],[93.3418,7.9342],[93.3435,7.9521],[93.3345,7.9529]]],[[[93.5142,8.0264],[93.5322,8.0247],[93.5331,8.0336],[93.5511,8.0319],[93.5502,8.0229],[93.5592,8.0221],[93.5584,8.0131],[93.5673,8.0123],[93.5656,7.9943],[93.5746,7.9935],[93.5685,7.9306],[93.5595,7.9315],[93.5604,7.9404],[93.5514,7.9413],[93.5523,7.9504],[93.5343,7.9522],[93.5352,7.9611],[93.5262,7.962],[93.527,7.9709],[93.509,7.9727],[93.5099,7.9816],[93.4919,7.9833],[93.4936,8.0013],[93.5116,7.9995],[93.5125,8.0085],[93.5215,8.0076],[93.5224,8.0166],[93.5134,8.0174],[93.5142,8.0264]],[[93.5305,8.0068],[93.5395,8.0059],[93.5386,7.9969],[93.5412,8.0238],[93.5322,8.0247],[93.5305,8.0068]]],[[[93.4701,8.0397],[93.4791,8.0388],[93.48,8.0478],[93.498,8.046],[93.4971,8.0371],[93.4962,8.0281],[93.5044,8.0183],[93.4954,8.0192],[93.4936,8.0013],[93.4757,8.003],[93.4782,8.0298],[93.4692,8.0307],[93.4701,8.0397]]],[[[93.4971,8.0371],[93.4988,8.055],[93.5168,8.0533],[93.5151,8.0354],[93.4971,8.0371]]],[[[93.4907,8.0648],[93.4997,8.064],[93.4988,8.055],[93.4898,8.0559],[93.4907,8.0648]]],[[[93.5851,8.101],[93.5816,8.0651],[93.5908,8.0643],[93.5882,8.0374],[93.579,8.0383],[93.5798,8.0472],[93.5708,8.0481],[93.5717,8.057],[93.5627,8.0579],[93.5644,8.0758],[93.5734,8.075],[93.5743,8.0839],[93.5653,8.0848],[93.5662,8.0938],[93.5572,8.0946],[93.5589,8.1125],[93.5499,8.1134],[93.5508,8.1224],[93.5598,8.1215],[93.5679,8.1117],[93.5688,8.1206],[93.5778,8.1198],[93.5761,8.1018],[93.5851,8.101]]],[[[93.5598,8.1215],[93.5607,8.1305],[93.5697,8.1296],[93.5688,8.1206],[93.5598,8.1215]]],[[[93.4793,8.2289],[93.4973,8.2272],[93.4982,8.2362],[93.5342,8.2327],[93.529,8.1789],[93.511,8.1807],[93.5101,8.1715],[93.5011,8.1724],[93.4994,8.1544],[93.4904,8.1553],[93.4895,8.1463],[93.4985,8.1455],[93.4976,8.1365],[93.5066,8.1357],[93.5058,8.1267],[93.5148,8.1258],[93.513,8.1079],[93.522,8.107],[93.5212,8.0981],[93.5392,8.0963],[93.534,8.0426],[93.543,8.0417],[93.525,8.0435],[93.5258,8.0524],[93.5168,8.0533],[93.5186,8.0712],[93.5096,8.0721],[93.5113,8.09],[93.5023,8.0908],[93.5006,8.0729],[93.4916,8.0738],[93.4907,8.0648],[93.4817,8.0657],[93.4808,8.0567],[93.4718,8.0576],[93.4744,8.0845],[93.4654,8.0853],[93.4663,8.0943],[93.4843,8.0926],[93.4753,8.0934],[93.4762,8.1024],[93.4582,8.1041],[93.459,8.1131],[93.45,8.1139],[93.4517,8.1319],[93.4427,8.1327],[93.4436,8.1417],[93.4453,8.1596],[93.4363,8.1605],[93.4389,8.1876],[93.466,8.185],[93.4668,8.1939],[93.4758,8.1931],[93.4793,8.2289]],[[93.4526,8.1408],[93.4535,8.1498],[93.4436,8.1417],[93.4526,8.1408]]],[[[93.216,8.2358],[93.2169,8.2447],[93.2079,8.2456],[93.2096,8.2635],[93.2186,8.2627],[93.2194,8.2716],[93.2284,8.2708],[93.2276,8.2618],[93.2366,8.261],[93.2349,8.243],[93.2439,8.2422],[93.2422,8.2243],[93.2242,8.226],[93.225,8.2349],[93.216,8.2358]]],[[[93.126,8.3437],[93.1341,8.3339],[93.1333,8.3249],[93.1243,8.3258],[93.1192,8.272],[93.1282,8.2711],[93.1274,8.2621],[93.1364,8.2613],[93.1356,8.2523],[93.1446,8.2515],[93.1437,8.2425],[93.1708,8.24],[93.1699,8.231],[93.188,8.2293],[93.1871,8.2204],[93.1961,8.2195],[93.1944,8.2016],[93.1854,8.2024],[93.1845,8.1933],[93.1755,8.1941],[93.1764,8.2033],[93.1404,8.2066],[93.1412,8.2156],[93.1232,8.2173],[93.124,8.2263],[93.106,8.2279],[93.1068,8.2369],[93.0978,8.2377],[93.0987,8.2467],[93.0897,8.2476],[93.0905,8.2565],[93.0815,8.2574],[93.0823,8.2663],[93.0733,8.2672],[93.0809,8.3479],[93.0899,8.3471],[93.0907,8.3561],[93.1358,8.3519],[93.135,8.3429],[93.126,8.3437]]],[[[93.6101,8.452],[93.6183,8.4422],[93.6165,8.4242],[93.6075,8.4251],[93.6101,8.452]]],[[[93.6037,8.4798],[93.6046,8.4888],[93.6136,8.4879],[93.6154,8.5059],[93.6244,8.505],[93.6227,8.487],[93.6319,8.4862],[93.6301,8.4682],[93.6119,8.47],[93.6128,8.4789],[93.6037,8.4798]]],[[[93.6172,8.5238],[93.6262,8.523],[93.6253,8.514],[93.6154,8.5059],[93.6172,8.5238]]],[[[93.609,8.5337],[93.618,8.5328],[93.6172,8.5238],[93.6081,8.5247],[93.609,8.5337]]],[[[93.6099,8.5427],[93.6008,8.5435],[93.6035,8.5705],[93.6125,8.5696],[93.6092,8.5359],[93.6099,8.5427]]],[[[93.0292,11.8229],[93.0107,11.8246],[93.0124,11.8428],[93.0401,11.8403],[93.041,11.8494],[93.0687,11.8469],[93.0662,11.8195],[93.0569,11.8204],[93.056,11.8113],[93.0375,11.813],[93.0292,11.8229]]],[[[92.9537,12.0136],[92.9572,12.0503],[92.9664,12.0495],[92.9647,12.0312],[92.974,12.0304],[92.9748,12.0395],[93.0026,12.037],[93.0018,12.0279],[93.011,12.027],[93.0102,12.0177],[93.0194,12.0168],[93.0186,12.0077],[93.0093,12.0086],[93.0084,11.9995],[93.0177,11.9986],[93.0151,11.9713],[93.0244,11.9704],[93.0253,11.9795],[93.0227,11.9522],[93.0412,11.9505],[93.0395,11.9323],[93.0487,11.9314],[93.0461,11.9041],[93.0554,11.9032],[93.0545,11.8941],[93.0453,11.895],[93.0444,11.8859],[93.0259,11.8875],[93.0268,11.8967],[93.0175,11.8975],[93.0184,11.9066],[93.0091,11.9075],[93.0108,11.9257],[92.9923,11.9274],[92.994,11.9456],[92.9663,11.9481],[92.968,11.9664],[92.9587,11.9672],[92.9604,11.9854],[92.9232,11.9888],[92.9249,12.0071],[92.9436,12.0054],[92.9445,12.0145],[92.9537,12.0136]],[[93.0126,11.9439],[93.0033,11.9448],[93.0042,11.9539],[92.9949,11.9547],[92.994,11.9456],[93.0126,11.9439]]],[[[93.0035,12.0461],[92.9757,12.0486],[92.9766,12.0577],[92.9673,12.0586],[92.9682,12.0677],[92.9589,12.0685],[92.9623,12.105],[92.9808,12.1033],[92.9817,12.1125],[92.9632,12.1141],[92.964,12.1233],[92.9548,12.1241],[92.9573,12.1515],[92.9759,12.1498],[92.975,12.1407],[92.9767,12.1589],[92.986,12.1581],[92.9851,12.1489],[92.9944,12.1481],[92.9953,12.1572],[92.9935,12.139],[93.0028,12.1381],[93.002,12.129],[92.993,12.1337],[93.002,12.129],[93.0002,12.1108],[92.991,12.1116],[92.9994,12.1016],[92.9959,12.0652],[93.0052,12.0643],[93.0035,12.0461]]],[[[93.0306,12.1356],[93.028,12.1082],[93.0373,12.1074],[93.0356,12.0891],[93.0449,12.0883],[93.044,12.0792],[93.0533,12.0783],[93.0498,12.0419],[93.0313,12.0436],[93.033,12.0618],[93.0237,12.0626],[93.0246,12.0718],[93.0061,12.0734],[93.0095,12.1099],[93.0002,12.1108],[93.0045,12.1564],[93.0138,12.1555],[93.0239,12.1638],[93.0214,12.1364],[93.0306,12.1356]]],[[[93.1242,12.1362],[93.1149,12.1371],[93.114,12.1279],[93.1048,12.1288],[93.1065,12.147],[93.1158,12.1462],[93.1166,12.1553],[93.1259,12.1545],[93.1242,12.1362]]],[[[93.0737,12.196],[93.083,12.1952],[93.0822,12.1861],[93.0914,12.1852],[93.0888,12.1579],[93.0981,12.157],[93.0964,12.1388],[93.0871,12.1396],[93.0854,12.1214],[93.0946,12.1205],[93.0955,12.1296],[93.0921,12.0932],[93.0828,12.094],[93.0912,12.084],[93.0819,12.0849],[93.0811,12.0758],[93.0718,12.0766],[93.0727,12.0857],[93.0634,12.0866],[93.0643,12.0957],[93.055,12.0966],[93.0558,12.1057],[93.0466,12.1065],[93.0483,12.1248],[93.039,12.1256],[93.0442,12.1803],[93.0535,12.1795],[93.0552,12.1977],[93.0645,12.1969],[93.0662,12.2151],[93.0755,12.2143],[93.0737,12.196]]],[[[93.0992,12.2675],[93.1085,12.2667],[93.1024,12.2026],[93.0932,12.2035],[93.094,12.2126],[93.0755,12.2143],[93.0763,12.2234],[93.0578,12.2251],[93.0587,12.2342],[93.0679,12.2334],[93.0688,12.2427],[93.0595,12.2436],[93.0604,12.2527],[93.0697,12.2518],[93.0705,12.261],[93.0891,12.2593],[93.0882,12.2501],[93.0975,12.2493],[93.0992,12.2675]]],[[[93.8678,12.2685],[93.8307,12.2722],[93.8325,12.2904],[93.8418,12.2895],[93.8427,12.2986],[93.8613,12.2968],[93.8603,12.2877],[93.8696,12.2868],[93.8678,12.2685]]],[[[92.9837,12.9329],[92.9651,12.9346],[92.966,12.9437],[92.9846,12.942],[92.9837,12.9329]]],[[[92.9566,12.9446],[92.9558,12.9354],[92.9464,12.9363],[92.9473,12.9454],[92.9566,12.9446]]],[[[92.9779,12.9703],[92.977,12.9612],[92.9863,12.9603],[92.9855,12.9512],[92.9668,12.9529],[92.966,12.9437],[92.9566,12.9446],[92.9575,12.9537],[92.9482,12.9546],[92.9508,12.982],[92.9601,12.9812],[92.9609,12.9903],[92.9703,12.9895],[92.9685,12.9712],[92.9779,12.9703]]],[[[92.9779,12.9703],[92.9805,12.9978],[92.9991,12.9961],[92.9982,12.9869],[92.9889,12.9878],[92.9872,12.9695],[92.9779,12.9703]]],[[[93.0636,13.2766],[93.0618,13.2582],[93.0525,13.2591],[93.0533,13.2683],[93.0627,13.2674],[93.0636,13.2766]]],[[[93.066,13.304],[93.0755,13.3032],[93.0746,13.294],[93.0651,13.2949],[93.066,13.304]]],[[[93.0962,13.4216],[93.0945,13.4033],[93.0851,13.4041],[93.0869,13.4224],[93.0962,13.4216]]],[[[94.2633,13.4673],[94.2604,13.4399],[94.2511,13.4408],[94.2501,13.4316],[94.2408,13.4326],[94.2436,13.46],[94.253,13.4591],[94.2539,13.4683],[94.2633,13.4673]]],[[[93.0514,13.6477],[93.0488,13.6202],[93.0394,13.621],[93.0421,13.6485],[93.0514,13.6477]]],[[[93.0054,13.6611],[93.0148,13.6603],[93.0157,13.6694],[93.0063,13.6703],[93.0072,13.6794],[93.0259,13.6777],[93.0224,13.6411],[93.0318,13.6402],[93.0301,13.6219],[93.0113,13.6236],[93.0131,13.6419],[92.9662,13.6462],[92.9671,13.6553],[92.9765,13.6545],[92.9773,13.6636],[92.9867,13.6628],[92.9876,13.672],[93.0063,13.6703],[93.0054,13.6611]]],[[[93.071,13.6551],[93.0702,13.646],[93.0514,13.6477],[93.0523,13.6568],[93.071,13.6551]]]]}}]}